Close,High,Low,Open,Volume,Daily_Return(%),Price_Change,High_Low,Volume_Change,MA20,MA50,BB_std,BB_Upper,BB_Lower,RSI,MACD,Signal_Line,Target_Next_Close
1709.40380859375,1717.6765886528392,1681.259157439061,1695.9284491242158,3475681,-0.04987001463124807,13.475359469534169,36.41743121377817,-0.0018606267374273733,1659.4106140136719,1561.7376733398437,35.90404125713958,1731.2186965279511,1587.6025314993926,64.71206850464792,32.295714527539985,28.157453900138314,1682.154541015625
1682.154541015625,1707.9964886213402,1673.6685442331923,1690.384739808922,7237735,-1.5940801957462392,-8.23019879329695,34.3279443881479,1.0823933496773726,1662.254931640625,1565.4107568359375,35.30519682332934,1732.8653252872837,1591.6445379939664,59.55693500567597,30.573022442715455,28.640567608653743,1744.3284912109375
1744.3284912109375,1756.9082957557907,1689.6169814701593,1697.2075284242833,3747773,3.6960902627753756,47.12096278665422,67.29131428563142,-0.4821898010910872,1663.5683532714843,1569.7100952148437,37.88489283038509,1739.3381389322544,1587.7985676107141,62.38035223888294,33.834669714427946,29.679388029808585,1745.94921875
1745.94921875,1774.818787528131,1739.893875135914,1757.0790866911973,2443886,0.09291412410155075,-11.12986794119729,34.92491239221704,-0.3479098120403771,1668.544854736328,1575.9028540039062,41.8438443132723,1752.2325433628725,1584.8571661097835,61.308633667108126,36.133799890943465,30.970270402035563,1750.2257080078125
1750.2257080078125,1765.280288250353,1727.8576292020414,1755.1014085219333,3699799,0.24493778008469747,-4.875700514120808,37.422659048311516,0.5138999936985604,1673.6370971679687,1582.831396484375,45.313989505930586,1764.26507617983,1583.0091181561074,61.739725349312394,37.86447595418235,32.34911151246492,1789.060302734375
1789.060302734375,1796.2881824641074,1750.7394464087674,1750.7394464087674,4048593,2.218833522378416,38.320856325607565,45.54873605533999,0.09427377000750581,1681.9141174316405,1590.5975952148438,50.49981586301705,1782.9137491576746,1580.9144857056065,72.46170784571558,41.88683112773697,34.256655435519335,1752.022216796875
1752.022216796875,1794.5771321078207,1745.2220258653115,1789.1028144749243,3573289,-2.0702536343180533,-37.080597678049344,49.35510624250924,-0.11739979790509936,1688.848828125,1597.7262231445313,50.10708684402188,1789.0630018130437,1588.6346544369562,67.21009736386095,41.606301047869465,35.72658455798936,1772.1234130859375
1772.1234130859375,1792.0108847182523,1763.869126672349,1777.683351391746,2957841,1.147314006429223,-5.5599383058086005,28.141758045903316,-0.17223571896927448,1696.7139587402344,1602.508935546875,50.22108226003149,1797.1561232602974,1596.2717942201714,65.0376950670894,42.51588087675486,37.08444382174247,1772.3800048828125
1772.3800048828125,1792.4385090661528,1762.286537009564,1764.7244395596292,2909439,0.014479341279516333,7.655565323183282,30.151972056588875,-0.01636396276878982,1702.8051696777343,1609.4758544921874,51.694294498726364,1806.193758675187,1599.4165806802816,64.8176810275389,42.764472044131026,38.22044946622018,1803.772216796875
1803.772216796875,1823.6596875926202,1773.6202449452617,1776.6568682739844,5168397,1.7711896899975432,27.1153485228906,50.039442647358555,0.7764239085266953,1709.86044921875,1616.5000537109374,55.42249406350722,1820.7054373457645,1599.0154610917357,67.2085156271467,44.97611482602724,39.571582538181595,1768.6162109375
1768.6162109375,1800.5645538944307,1763.6123919894196,1796.2876784695034,2269513,-1.9490269077214628,-27.671467532003362,36.95216190501105,-0.560886479889219,1715.1515502929688,1622.0168823242188,55.7430646294811,1826.637679551931,1603.6654210340066,58.73446422852926,43.39186736635452,40.33563950381618,1744.53759765625
1744.53759765625,1752.8346947461082,1720.1594061714727,1720.330439433072,2842642,-1.3614380062979548,24.207158223178112,32.67528857463549,0.25253391366341593,1721.2557556152344,1626.35875,51.58737044602729,1824.430496507289,1618.0810147231798,52.66648473521232,39.73535257219373,40.2155821174917,1736.32568359375
1736.32568359375,1761.2170744968064,1711.5625154043018,1744.1950916017358,2399022,-0.47072152950630164,-7.8694080079858395,49.65455909250454,-0.1560590464785928,1727.3523376464843,1629.9640991210938,45.08949571419044,1817.5313290748652,1637.1733462181035,61.499475565313645,35.7626557846354,39.32499685092044,1749.9267578125
1749.9267578125,1774.0054879744991,1737.2671621320214,1766.3499211238918,2146528,0.7833250609182496,-16.423163311391818,36.73832584247771,-0.10524872218762482,1731.8816772460937,1634.62611328125,42.36546087736448,1816.6125990008227,1647.1507554913646,56.50662180717492,33.32757840118211,38.12551316097278,1751.6373291015625
1751.6373291015625,1761.089266573102,1733.460606591614,1750.0976120167068,2703527,0.09775102194566898,1.539717084855738,27.628659981488,0.2594883458310351,1736.3664611816407,1638.5104077148437,39.201386868859956,1814.7692349193605,1657.963687443921,56.907645035249296,31.176408606422456,36.73569225006272,1743.3402099609375
1743.3402099609375,1761.3886061675973,1732.3058487716403,1749.2423198450656,1944389,-0.4736779128177604,-5.902109884128095,29.08275739595706,-0.28079542020479176,1740.2253051757812,1644.230439453125,35.556157163352545,1811.3376195024862,1669.1129908490761,60.66884939394623,28.473854008353783,35.08332460172093,1748.8997802734375
1748.8997802734375,1787.733827847662,1738.1220756872963,1746.675826059773,5681758,0.31890334891229166,2.223954213664456,49.61175216036577,1.9221302938866658,1742.758740234375,1650.9921484375,34.185201140259906,1811.1291425148947,1674.3883379538552,50.99317655246161,26.475478048945433,33.361755291165835,1734.657958984375
1734.657958984375,1755.4436164800434,1727.1307204644606,1753.5190224310336,3196138,-0.8143303263973056,-18.86106344665859,28.312896015582737,-0.43747375372199937,1743.3370422363282,1655.4050732421874,33.93188354408353,1811.2008093244954,1675.473275148161,47.67435896404406,23.471984324937694,31.38380109792021,1740.945068359375
1740.945068359375,1748.3867903287544,1719.3040354994112,1733.8454129140828,4205944,0.36244086867021075,7.099655445292228,29.08275482934323,0.31594568194489714,1747.5281616210937,1661.13349609375,27.239268731879278,1802.0066990848522,1693.049624157335,48.10418492195257,21.352868516100443,29.37761458155626,1746.847412109375
1746.847412109375,1765.7084794158318,1737.7804547283936,1739.8333763506366,2560937,0.33903101581269635,7.014035758738373,27.92802468743821,-0.3911148127507166,1749.3576965332031,1665.9445849609374,25.79467111657814,1800.9470387663594,1697.768354300047,40.03633857455517,19.920097301016085,27.486111125448225,1724.5218505859375
1724.5218505859375,1762.072841241202,1718.6625515844103,1740.6884620999253,3043931,-1.2780487504903904,-16.166611513987846,43.41028965679175,0.18860050051992694,1750.1135986328125,1670.4268603515625,24.76310330967833,1799.639805252169,1700.5873920134559,43.024520984059535,16.78958962008005,25.346806824374593,1812.412109375
1812.412109375,1823.6602114806062,1727.8153635714548,1732.13505077309,6300722,5.096500155054584,80.27705860191008,95.84484790915144,1.0699293118010886,1756.6264770507812,1677.0780224609375,23.0163942117737,1802.6592654743285,1710.5936886272339,57.604201370504974,21.156767042746424,24.50879886804896,1797.698974609375
1797.698974609375,1819.89612526333,1788.8459677257608,1803.1306899643346,3076341,-0.8117985247129478,-5.431715354959579,31.05015753756925,-0.5117478600071548,1759.2950012207032,1683.7607177734376,24.55779737122651,1808.410595963156,1710.1794064782503,54.53148397453964,23.16354467700512,24.239748029840193,1781.019287109375
1781.019287109375,1806.4666978514458,1774.9462488364122,1796.287817087347,3071725,-0.9278354015651802,-15.268529977972094,31.52044901503359,-0.001500483854033119,1761.0485046386718,1688.5720922851563,24.80551936213415,1810.6595433629402,1711.4374659144034,45.7013946159963,23.141260975333353,24.02005061893883,1789.48779296875
1789.48779296875,1808.220426986421,1778.7527920581974,1778.923825337951,2503466,0.4754864767983147,10.56396763079897,29.46763492822356,-0.18499670380649313,1763.0116088867187,1693.3404760742187,25.449171896064577,1813.909952678848,1712.1132650945895,54.38538894485972,23.535634485878518,23.923167392326768,1845.1724853515625
1845.1724853515625,1851.8872640449197,1794.5771270051923,1797.998627723982,3758699,3.1117670990329582,47.173857627580446,57.31013703972735,0.5013980617272213,1765.8172180175782,1700.6041967773438,30.966869369250755,1827.7509567560796,1703.8834792790767,68.66558440823331,28.018487945067136,24.742231502874844,1881.525634765625
1881.525634765625,1886.101974790466,1847.8239415152402,1850.7321331363928,4185208,1.970176214021313,30.793501629232196,38.27803327522588,0.11347250737555736,1772.2923889160156,1708.0517065429688,40.11796543123504,1852.5283197784856,1692.0564580535456,74.38576263347326,34.11136239831603,26.616057681963085,1935.88525390625
1935.88525390625,1941.616226403315,1886.102455354422,1886.102455354422,5190366,2.889124555956224,49.78279855182791,55.51377104889298,0.24016918633434714,1780.4804809570312,1714.7314233398438,54.29028785584157,1889.0610566687144,1671.899905245348,77.47019949710975,42.832628384035615,29.85937182237759,1941.6163330078125
1941.6163330078125,1969.672684947554,1909.325915049133,1945.9788306223923,5630055,0.29604435955066233,-4.362497614579752,60.346769898420916,0.08471252316310651,1788.9422973632813,1722.5440795898437,65.0782404088677,1919.0987781810168,1658.785816545546,77.73467516933337,49.63458806318249,33.81441507053857,1897.991455078125
1897.991455078125,1945.46476635529,1888.3258848925238,1941.701199984948,2793358,-2.2468330734582875,-43.70974490682306,57.13888146276622,-0.5038488966804054,1793.6532592773438,1729.1763525390625,69.47028867545436,1932.5938366282526,1654.712681926435,70.46618330251593,50.9180751785143,37.235147092133715,1885.5465087890625
1885.5465087890625,1919.889741414847,1874.1699762404173,1906.6314250896387,3443998,-0.6556903223018051,-21.084916300576197,45.71976517442977,0.23292395747340655,1799.499774169922,1735.1768017578124,72.1220383694912,1943.7438509089043,1655.2556974309396,67.75985414013184,50.35063403865229,39.85824448143743,1900.943115234375
1900.943115234375,1924.4659326896792,1861.2963920997026,1886.3161161203443,9610320,0.8165593568519647,14.626999114030696,63.16954058997658,1.790454582145518,1807.320050048828,1740.6903002929687,74.29562438613652,1955.9112988211011,1658.728801276555,71.54725531148904,50.5604805652963,41.99869169820921,1898.9326171875
1898.9326171875,1920.2741829881797,1890.3788666596286,1898.9326171875,2963503,-0.10576318832281606,0.0,29.89531632855119,-0.6916332650733794,1815.4503967285157,1744.3077514648437,75.01142646372497,1965.4732496559657,1665.4275438010657,70.70149049375165,49.9883208138815,43.59661752134367,1857.832275390625
1857.832275390625,1915.1852289944582,1851.887459032158,1890.3793461713947,2976738,-2.1643917969953352,-32.54707078076967,63.29776996230021,0.004465998515945424,1820.8456726074219,1748.5360131835937,73.92324050494143,1968.6921536173047,1672.999191597539,63.31446750506548,45.6917202862262,44.01563807432018,1910.8218994140625
1910.8218994140625,1933.1472677647587,1865.658271905145,1868.9941504716803,5569321,2.852228628243414,41.827748942382186,67.48899585961362,0.8709476615006091,1828.8049011230469,1753.784833984375,74.6455499630837,1978.0960010492142,1679.5138011968795,70.81811252314154,46.0318269711438,44.41887585368491,1915.837646484375
1915.837646484375,2000.0667767079303,1903.2783738912547,1923.7676154876106,8582118,0.26249160488742707,-7.929969003235556,96.78840281667567,0.540963072518176,1837.4297729492187,1759.6311889648437,74.2151642561824,1985.8601014615836,1688.9994444368538,64.18449476290256,46.17382967324215,44.76986661759636,1886.68994140625
1886.68994140625,1923.6820971370757,1877.5169366353698,1917.766851721359,4509135,-1.521407888169024,-31.07691031510899,46.16516050170594,-0.47458948944770973,1844.3192810058595,1765.098427734375,71.92452903962362,1988.1683390851067,1700.4702229266122,61.74001377210833,43.43371480770543,44.50263625561817,1892.8189697265625
1892.8189697265625,1909.1075525498275,1878.1593707657753,1886.9037260003197,2952646,0.32485615075386054,5.915243726242807,30.948181784052167,-0.34518571743804516,1852.2273315429688,1770.6583911132811,67.8099079340326,1987.847147411034,1716.6075156749037,65.17135762549302,41.28085539378867,43.85828008325227,1907.5216064453125
1907.5216064453125,1919.180676513965,1887.032159099998,1911.7651688839073,2665286,0.7767587367784046,-4.243562438594836,32.148517413967056,-0.09732287582053523,1860.5561584472657,1775.7977075195313,63.51618784633867,1987.588534139943,1733.5237827545884,65.75083931564622,40.29656498844065,43.145937064289946,1878.2882080078125
1878.2882080078125,1912.6228738470609,1872.5014736292972,1912.6228738470609,2861534,-1.5325330176456986,-34.33466583924837,40.12140021776372,0.07363112251368142,1867.1281982421874,1780.1101391601562,57.66177640191233,1982.451751046012,1751.8046454383627,54.75473714024515,36.734168185948874,41.86358328862173,1861.3564453125
1861.3564453125,1878.2879995781861,1854.3266773002174,1878.2879995781861,2265766,-0.9014464672208677,-16.931554265686145,23.961322277968748,-0.20819881923471817,1873.9699279785157,1784.0813842773437,46.97887886172369,1967.9276857019631,1780.0121702550682,46.93307584134098,32.17381163638288,39.92562895817396,1849.52587890625
1849.52587890625,1854.3268087331146,1821.8354518378844,1847.0398101782225,3665100,-0.6355884406795465,2.486068728027476,32.49135689523018,0.6175986399301605,1875.825616455078,1788.62283203125,45.11538483790248,1966.056386130883,1785.594846779273,34.9174383591199,27.290480704612946,37.39859930746176,1891.876220703125
1891.876220703125,1898.9059888242716,1854.7553529667323,1856.0412938169518,4248480,2.2897944970588613,35.83492688617321,44.15063585753933,0.15917164606695589,1880.5344787597655,1794.1724755859375,41.28396087109719,1963.10240050196,1797.9665570175712,42.29810041572426,26.53188139195572,35.22525572436055,1980.1351318359375
1980.1351318359375,1988.9223967353068,1898.9065124003037,1898.9065124003037,8092319,4.665152517219684,81.22861943563385,90.0158843350032,0.9047562893081762,1890.4902709960938,1800.58837890625,40.011579785598464,1970.5134305672907,1810.467111424897,61.17472985696992,32.67577647791063,34.71535987507057,1951.2445068359375
1951.2445068359375,2007.7830174967532,1925.5256808218885,1964.9183074733385,6090431,-1.4590228987661713,-13.673800637400973,82.25733667486475,-0.24738125128285227,1898.578106689453,1806.3744360351564,34.48792214415969,1967.5539509777725,1829.6022624011337,58.554698775570415,34.81233073069143,34.73475404619474,1954.2022705078125
1954.2022705078125,2021.499870084414,1947.9868871074257,1959.6888700652523,7098496,0.15158344643702026,-5.486599557439831,73.51298297698827,0.16551620074178652,1904.0295959472655,1812.13521484375,34.21790175521046,1972.4653994576865,1835.5937924368445,57.1671788125684,36.32549448967825,35.05290213489144,1955.8304443359375
1955.8304443359375,2001.610069433161,1935.2982949332002,1974.476588802151,4723290,0.08331654571775982,-18.6461444662134,66.31177449996085,-0.3346069364552716,1907.7448364257812,1817.2872021484375,35.64981036246371,1979.0444571507087,1836.4452157008536,57.664728341177735,37.22693871460751,35.48770945083466,1932.468994140625
1932.468994140625,1975.0766691423087,1912.365493700551,1963.5888051049292,4012337,-1.1944517104213737,-31.11981096430418,62.71117544175763,-0.1505207175506903,1907.5740234375,1821.4747436523437,35.515814072864224,1978.6056515832286,1836.5423952917715,60.558978751623336,35.645368348591546,35.51924123038604,1928.6536865234375
1928.6536865234375,1945.756654789742,1907.5214795360337,1937.4409473652968,2927928,-0.19743176365343285,-8.787260841859279,38.23517525370835,-0.2702686738427007,1906.9258911132813,1826.9053637695313,34.976051792355115,1976.8779946979914,1836.9737875285712,52.93041689201443,33.69567621944634,35.1545282281981,1937.0556640625
1937.0556640625,1971.776068751383,1931.48325343342,1937.4843110339677,3800641,0.4356395136032809,-0.42864697146774233,40.292815317963004,0.2980650480476297,1908.8791015625,1831.4413427734376,35.5371104993188,1979.9533225611376,1837.8048805638623,53.4485180447142,32.45438656332385,34.614499895223254,1978.7205810546875
1978.7205810546875,1988.4936500010895,1942.0712585552062,1950.344062837887,4748047,2.1509406139008647,28.376518216800605,46.42239144588325,0.24927531961056038,1913.5378051757812,1836.8276782226562,38.31599241156137,1990.169789998904,1836.9058203526583,64.37274209076438,34.43571270034454,34.57874245624751,1967.7900390625
1967.7900390625,1995.7806068952666,1960.6315498150666,1978.63472539273,3165491,-0.5524045232481178,-10.844686330229933,35.14905708020001,-0.33330672590224997,1916.8801513671874,1842.5403881835937,40.03645925304156,1996.9530698732706,1836.8072328611042,61.53548813155531,34.72365190575238,34.60772434614849,1957.0306396484375
1957.0306396484375,1993.2084019002928,1951.2439055784046,1987.2073443461843,2929353,-0.5467757840256438,-30.1767046977468,41.96449632188819,-0.07459759007370426,1919.7850524902344,1846.7944311523438,40.76674472648076,2001.318541943196,1838.251563037273,57.71132378821457,33.69523449911526,34.42522637674185,1954.5445556640625
1954.5445556640625,1982.0637774710417,1950.8583588122917,1957.202250850514,2774423,-0.12703347275245802,-2.6576951864515195,31.205418658749977,-0.05288881196632844,1924.6206665039062,1850.966337890625,38.71558590612749,2002.0518383161611,1847.1894946916514,62.95696333175975,32.307182999444876,34.001617701282456,1935.2127685546875
1935.2127685546875,1968.6899330934443,1925.953951140897,1961.7888835700248,3415751,-0.9890686325545017,-26.576115015337336,42.73598195254726,0.2311572532378805,1925.8402099609375,1854.6660791015624,38.64213420118311,2003.1244783633038,1848.5559415585712,62.44764541705293,29.309368374175392,33.063167835861044,1932.72607421875
1932.72607421875,1971.7758508643983,1929.3398053784038,1948.6289169629467,2695682,-0.12849720590644154,-15.902842744196732,42.436045485994555,-0.2108083990899805,1926.6846313476562,1857.53939453125,38.5965495306252,2003.8777304089067,1849.4915322864058,64.47846380129138,26.428274536989875,31.736189176086814,1922.181396484375
1922.181396484375,1955.7445775915971,1914.4230542816767,1952.0581720338082,2270405,-0.5455857338002468,-29.876775549433205,41.321523309920394,-0.15776230282355264,1928.4592041015626,1860.942578125,37.46008458786964,2003.379373277302,1853.5390349258232,55.93013778863619,23.02865949443617,29.99468323975669,1931.826416015625
1931.826416015625,1946.05758161008,1918.8384942902035,1940.056522988375,2625630,0.5017746789605981,-8.230106972750036,27.219087319876508,0.1564588696730318,1930.4095764160156,1864.1366381835937,36.51022464990652,2003.4300257158286,1857.3891271162026,36.34609691823288,20.87211183687191,28.170168959179737,1945.8428955078125
1945.8428955078125,1962.3458036424202,1927.453982589305,1939.8847445608276,3493374,0.7255558458040046,5.958150946984915,34.89182105311511,0.3304898252990711,1932.3256408691407,1867.6058959960938,36.25047054851405,2004.8265819661688,1859.8246997721126,48.333147499683584,20.062773867081432,26.548689940760077,1934.569091796875
1934.569091796875,1958.5733159509784,1931.0541038256486,1951.5006427627159,2843005,-0.5793789281223205,-16.93155096584087,27.519212125329886,-0.18617216478968468,1935.1396850585938,1870.2218334960937,33.9461242750175,2003.0319336086288,1867.2474365085588,44.23727513961176,18.30070679851474,24.89909331231101,1931.3546142578125
1931.3546142578125,1951.672437490306,1920.3812106600128,1934.9123001636165,2895164,-0.16615987264000376,-3.5576859058039645,31.291226830293226,0.018346432735784957,1938.6395935058595,1873.4766015625,29.217713465920728,1997.075020437701,1880.204166574018,42.88214462197332,16.455189299530048,23.210312509754818,1927.7110595703125
1927.7110595703125,1946.9143583366647,1921.238449059692,1937.4841258656372,1975294,-0.18865280671929163,-9.773066295324725,25.67590927697279,-0.3177263878661105,1942.5488525390624,1877.1400708007814,20.637667942282533,1983.8241884236274,1901.2735166544974,48.437097766297256,14.531093571128622,21.474468722029577,1927.2822265625
1927.2822265625,1937.4410322544009,1911.7651254564128,1929.4254610080789,2167966,-0.022245709785373435,-2.1432344455788552,25.67590679798809,0.09754092302209183,1944.3191528320312,1880.9592016601562,17.312952882625922,1978.9450585972832,1909.6932470667793,49.53924742515795,12.823805753995657,19.744336128422795,1922.609619140625
1922.609619140625,1928.9108115116503,1914.808372105309,1924.6243430416246,1663419,-0.24244541652880258,-2.01472390099957,14.102439406341318,-0.23272828079407148,1941.4428771972657,1884.4128588867188,15.75818698386667,1972.9592511649992,1909.9265032295323,45.02199974761284,10.967303245334506,17.988929551805136,1931.911865234375
1931.911865234375,1937.3984626491663,1900.1490833668056,1922.0529850700993,2618149,0.48383436768135724,9.85888016427566,37.24937928236068,0.5739564114633775,1940.4762451171875,1888.018349609375,15.718191568085983,1971.9126282533596,1909.0398619810155,29.239714791534695,10.129854492519371,16.417114539947985,1927.5394287109375
1927.5394287109375,1960.9311919566899,1921.8385082691184,1942.6278843483092,3579393,-0.22632691491374368,-15.08845563737168,39.09268368757148,0.36714640763379003,1939.1431030273438,1891.702333984375,15.62316341428667,1970.3894298559171,1907.8967761987706,31.045709930088265,9.009495382404111,14.93559070843921,1919.095458984375
1919.095458984375,1954.5873456330023,1916.137836647037,1944.6855584164484,2941136,-0.43806988333356944,-25.59009943207343,38.449508985965394,-0.17831431195177505,1937.3063537597657,1895.1062475585939,15.717153185052481,1968.7406601298705,1905.8720473896608,31.73781767023999,7.355455812161608,13.419563729183691,1935.12646484375
1935.12646484375,1951.3721407858,1910.0506207428841,1920.3381465278549,6018154,0.8353417639713978,14.78831831589514,41.321520042915836,1.0462005157190961,1937.439227294922,1899.1156176757813,15.685306467620011,1968.8098402301619,1906.068614359682,41.7304791105871,7.254559683948628,12.18656292013668,1925.782470703125
1925.782470703125,1952.915742225072,1921.4530941203986,1945.2000961846745,3610908,-0.48286219585030876,-19.41762548154952,31.462648104673463,-0.399997407843003,1937.2956665039062,1902.8123657226563,15.782785415993635,1968.8612373358935,1905.730095671919,45.61054020361757,6.347447120039988,11.018739760117342,1941.89892578125
1941.89892578125,1944.9852671152807,1921.7525219125075,1926.3391273644236,2084137,0.8368782727698587,15.559798416826425,23.23274520277323,-0.42282190518285157,1937.5378295898438,1906.7133959960938,15.816030392007981,1969.1698903738597,1905.9057688058278,53.78888263660732,6.850053953750603,10.185002598843994,1971.3475341796875
1971.3475341796875,1992.3512369791665,1944.3427734375,1944.3427734375,4654146,1.516485127390954,27.0047607421875,48.008463541666515,1.2331286283003466,1937.1691772460938,1911.6499096679688,14.862790956089402,1966.8947591582726,1907.443595333915,67.56517013970357,9.514947681989042,10.050991615473006,1962.1748046875
1962.1748046875,1992.5658390867127,1940.013668180283,1950.344104086166,5231303,-0.46530250669395423,11.830700601334001,52.55217090642964,0.12400921672848253,1936.8884155273438,1914.6451635742187,14.296146384673953,1965.4807082966918,1908.2961227579958,60.87902470616035,10.762667222605614,10.193326736899529,1994.9661865234375
1994.9661865234375,2009.0686319669203,1957.502477917549,1962.3461056421081,4620401,1.6711753589741862,32.620080881329386,51.566154049371335,-0.11677817170980154,1938.7851928710938,1918.5905078125,18.888285471609947,1976.5617638143137,1901.008621927874,65.52018845540923,14.233410516580761,11.001343492835776,2013.0972900390625
2013.0972900390625,2049.317953642136,1994.9656096122972,2002.5954408287039,7453998,0.9088426479659573,10.501849210358614,54.35234402983906,0.6132794534500361,1941.7128295898438,1923.2320678710937,25.006407986970274,1991.7256455637844,1891.7000136159031,73.78007983090457,18.236805565624536,12.448435907393527,1995.480224609375
1995.480224609375,2022.3564742763153,1988.922009462082,1993.2084793100607,3866535,-0.8751224055021045,2.2717452993142615,33.43446481423325,-0.4812803813470301,1944.7262023925782,1927.3519165039063,27.671153542011396,2000.068509476601,1889.3838953085553,67.86069584079914,19.76019184537745,13.910787094990313,1998.48046875
1998.48046875,2013.3546007232633,1992.608131475159,2001.7811337827634,2308813,0.15035198563355667,-3.3006650327633906,20.746469248104177,-0.4028728564464048,1948.0139221191407,1930.418076171875,29.980254979423467,2007.9744320779876,1888.0534121602939,69.78206199989764,20.967876447907656,15.322204965573782,2035.30224609375
2035.30224609375,2042.9320807616866,1997.6239985236082,1998.3098757444022,4145424,1.842488726786562,36.992370349347766,45.30808223807844,0.7954784558125756,1953.6699645996093,1933.4936083984376,35.08607001646239,2023.842104632534,1883.4978245666846,75.08993703273572,24.612467688731613,17.18025751020535,2135.861572265625
2135.861572265625,2148.163821339894,2041.9452090751474,2043.8741200191819,7512131,4.940756409269098,91.98745224644313,106.21861226474675,0.8121502167208952,1963.8717224121094,1937.493134765625,53.32360883012251,2070.5189400723543,1857.2245047518645,84.26809365388237,35.20925929352984,20.78605786687025,2135.861572265625
2135.861572265625,2175.8115448710573,2112.886267127976,2135.861572265625,7318770,0.0,0.0,62.9252777430811,-0.025739833344226803,1973.37265625,1941.3780395507813,65.48396866567738,2104.340593581355,1842.4047189186454,83.78327663546261,43.110343778274455,25.250915049151097,2145.806884765625
2145.806884765625,2149.7505208908246,2123.774470797287,2133.761862190042,3074003,0.46563469417404413,12.045022575583062,25.97605009353765,-0.5799836584562706,1983.9345458984376,1946.3343481445313,75.2090522206136,2134.3526503396647,1833.5164414572105,85.49953561951216,49.60272442839346,30.12127692499957,2109.75732421875
2109.75732421875,2139.591192990988,2100.884458174163,2126.0888144315936,4828176,-1.6800002275513481,-16.33149021284362,38.70673481682525,0.5706477840132231,1992.8546813964845,1950.818564453125,79.12248172408206,2151.0996448446485,1834.6097179483204,78.45456857471196,51.24832581231544,34.34668670246275,2100.2841796875
2100.2841796875,2143.5775203553167,2088.7107123802616,2130.375278406424,4183256,-0.449015838101563,-30.09109871892406,54.86680797505505,-0.1335742524713266,2001.4833374023438,1954.8053857421876,81.03128269165899,2163.545902785662,1839.4207720190257,75.14040267099544,51.19789569964905,37.71692850190001,2113.487060546875
2113.487060546875,2147.4357793020663,2102.213518224011,2113.229830472152,4598809,0.6286235447119148,0.25723007472288373,45.22226107805545,0.0993372148393501,2010.7935791015625,1959.096474609375,82.73633576382659,2176.266250629216,1845.3209075739094,78.2407278166236,51.62815438990765,40.49917367950154,2162.90966796875
2162.90966796875,2190.385980147287,2107.2284693550023,2130.375405348731,7499613,2.338439082238186,32.534262620019035,83.15751079228448,0.6307728805436363,2022.8085815429688,1965.1980224609374,86.61360409779644,2196.0357897385616,1849.581373347376,80.2228032830232,55.31944080037465,43.46322710367616,2115.330322265625
2115.330322265625,2160.2526594732817,2065.2215231023065,2151.808228720128,7502280,-2.199784226208956,-36.47790645450323,95.03113637097522,0.00035561834990693875,2031.9795043945312,1969.2881909179687,86.19206057986707,2204.363625554265,1859.595383234797,68.7591668084795,53.78554997413357,45.52769167776764,1999.4241943359375
1999.4241943359375,2100.3705761059264,1974.0055076146205,2100.3705761059264,8424708,-5.479339406695882,-100.94638176998888,126.36506849130592,0.12295302228122651,2035.5737426757812,1970.959921875,83.04916193399339,2201.672066543768,1869.4754188077945,53.797084497315325,42.72477003355243,44.9671073489246,2076.622802734375
2076.622802734375,2091.7968610549296,2016.4408201493188,2030.071707777899,8228267,3.861042024855421,46.551094956475936,75.35604090561083,-0.02331724731587137,2043.4501098632813,1974.7585791015624,78.78124082726484,2201.012591517811,1885.8876282087517,57.63278478872121,39.73031838501174,43.91974955614203,2080.052490234375
2080.052490234375,2095.226552292309,2028.3576197723414,2091.797376265644,4347166,0.16515697966352771,-11.744886031268834,66.86893251996753,-0.4716790303474595,2050.6964111328125,1978.5032495117186,74.86083184856501,2200.4180748299427,1900.9747474356825,56.43545444412504,37.20506417735146,42.57681248038392,2133.2900390625
2133.2900390625,2152.707871314026,2080.0522139013005,2087.3821185445845,6995811,2.5594329507582003,45.9079205179155,72.6556574127253,0.6092808510188017,2061.0717895507814,1983.0186181640624,70.91283903895082,2202.897467628683,1919.2461114728799,62.39684468151647,39.049469315162014,41.871343847339546,2136.633544921875
2136.633544921875,2147.5211351642524,2108.942911179266,2133.804433302924,3917166,0.15673001786686847,2.829111618951174,38.57822398498638,-0.4400697789005449,2070.8085205078123,1988.1855249023438,66.94668455760612,2204.7018896230247,1936.9151513926001,62.420052939549706,40.31622629436379,41.5603203367444,2163.33740234375
2163.33740234375,2177.525652688827,2136.632791543645,2151.8068457673053,2610337,1.2498098930133317,11.530556576444724,40.892861145181996,-0.33361593560242275,2080.4080139160155,1994.2251440429689,65.68722281845263,2211.782459552921,1949.0335682791103,61.723725055630645,42.97947778130265,41.84415182565605,2319.665771484375
2319.665771484375,2338.7834664490993,2231.578827246479,2246.1099163337003,17412105,7.226259249771183,73.55585515067469,107.20463920262046,5.6704433182382195,2098.2825622558594,2003.6279418945312,79.09241989613975,2256.467402048139,1940.0977224635799,65.27068136761137,57.046915341759814,44.8847045288768,2326.952880859375
2326.952880859375,2345.5561166791226,2271.91465419209,2345.5561166791226,9846367,0.314144798987015,-18.603235819747624,73.64146248703264,-0.4345102444534994,2114.8818969726562,2012.3294750976563,90.3099020246875,2295.5017010220313,1934.2620929232812,65.68616841122207,67.99961257896393,49.50768613889423,2345.5126953125
2345.5126953125,2374.7035881386532,2317.2649092919783,2350.699364143028,9656101,0.7976016448717482,-5.186668830528106,57.438678846674975,-0.019323472302017586,2131.5026672363283,2019.6370263671874,100.59484880647607,2332.6923648492802,1930.3129696233761,66.16469514147158,77.28641626729132,55.06343216457365,2422.455810546875
2422.455810546875,2473.2933907329207,2400.423394818779,2400.423394818779,19839329,3.2804390864370703,22.03241572809611,72.86999591414178,1.0545900462308753,2152.851446533203,2029.0612524414062,114.54793702944002,2381.947320592083,1923.7555724743231,73.73906935192701,89.81955750883935,62.01465723342679,2411.52490234375
2411.52490234375,2426.0132952436484,2383.277109399946,2408.9959271272833,7739245,-0.45123251188047275,2.5289752164667334,42.736185843702515,-0.6099038934230084,2173.5036682128907,2038.207705078125,122.22813881155571,2417.959945836002,1929.0473905897793,73.57621758053247,97.74340418035717,69.16040662281287,2426.14111328125
2426.14111328125,2446.716161591762,2401.065273152813,2413.710354926982,4623203,0.6060982792794212,12.430758354268164,45.650888438949096,-0.4026286801877961,2193.0456115722654,2047.6139184570313,129.96820157640542,2452.982014725076,1933.1092084194547,73.63267452804075,104.00362675641418,76.12905064953313,2423.184326171875
2423.184326171875,2447.488484775687,2410.882073914188,2439.001358145839,4209878,-0.1218720169733234,-15.817031973963822,36.60641086149917,-0.08940230398708426,2207.411749267578,2057.428225097656,138.8882607216892,2485.1882707109567,1929.6352278241998,71.1598189213243,107.48726397102246,82.400693313831,2418.922607421875
2418.922607421875,2446.8172734004734,2399.9386382621356,2446.8172734004734,4395936,-0.17587266077825348,-27.89466597859837,46.87863513833781,0.04419558001443269,2221.564801025391,2067.233603515625,145.4792928232297,2512.5233866718504,1930.6062153789314,76.55155641400233,108.6517171138521,87.65089807383522,2359.517578125
2359.517578125,2434.5492205334676,2347.808584349665,2420.1283207212723,6629355,-2.4558466283545077,-60.6107425962723,86.74063618380251,0.508064494114564,2232.2503356933594,2075.682841796875,147.4571056233071,2527.1645469399737,1937.336124446745,84.94679705449803,103.58697900989227,90.83811426104664,2379.060546875
2379.060546875,2386.2493453117218,2351.510177333232,2367.6960614775485,5273773,0.8282612060694916,11.364485397451517,34.739167978489604,-0.204481733139951,2245.715496826172,2083.689641113281,147.97774564861675,2541.6709881234056,1949.7600055289386,83.04993674334125,99.99738422462588,92.6699682537625,2334.505615234375
2334.505615234375,2388.2718224061223,2330.2439609784,2388.2718224061223,3331194,-1.8727951963706801,-53.76620717174728,58.0278614277222,-0.3683471017808313,2257.4265686035155,2091.0239526367186,145.10273747217505,2547.6320435478656,1967.2210936591655,75.51308162306125,92.4912127466082,92.63421715233166,2358.1396484375
2358.1396484375,2376.133401035261,2340.0166273556647,2346.086360712737,3406273,1.0123785117026607,12.053287724762868,36.11677367959646,0.022538164994293286,2269.6591979980467,2099.0461328125,142.62078575321797,2554.9007695044825,1984.4176264916107,73.96768028380725,87.44161423448895,91.59569656876312,2303.383544921875
2303.383544921875,2366.7494939516014,2292.7509477743733,2358.1400014308606,4570143,-2.3220042779021344,-54.75645650898559,73.99854617722804,0.34168429835189373,2276.682891845703,2106.022912597656,140.53063085415934,2557.744153554022,1995.6216301373845,66.01883774491179,78.12088219400994,88.9007336938125,2299.72412109375
2299.72412109375,2313.0688322406895,2271.269921286172,2290.985571742331,5262294,-0.15887166669192876,8.738549351418897,41.798910954517396,0.1514506220046068,2285.9025817871093,2113.3131396484373,135.34060324349443,2556.583788274098,2015.2213753001204,63.708957055214725,69.63612804274135,85.04781256359827,2313.19775390625
2313.19775390625,2326.2841363207517,2298.8199480259896,2314.058702883423,3499091,0.5858803970839821,-0.8609489771729386,27.464188294762153,-0.33506356733394216,2301.591259765625,2120.9225732421874,117.37859718159555,2536.3484541288162,2066.834065402434,49.08793713985514,63.269774239265644,80.69220489873175,2314.40283203125
2314.40283203125,2333.128470938704,2299.1640782692225,2315.9094926329994,2672752,0.052095767556625816,-1.506660601749445,33.96439266948164,-0.23615819079869604,2313.480261230469,2128.767001953125,104.75619038569154,2522.992642001852,2103.967880459086,48.1994178450459,57.656998725269204,76.08516366403924,2264.424560546875
2264.424560546875,2340.188060243434,2259.2159880968106,2324.3466852930087,3537502,-2.1594456588402644,-59.922124746133704,80.9720721466233,0.3235429250450472,2322.698864746094,2135.41896484375,90.23991809560547,2503.1787009373047,2142.219028554883,39.32821170263696,48.61559455771203,70.5912498427738,2257.580322265625
2257.580322265625,2286.637349683543,2243.6329911435478,2281.5147454069074,3569445,-0.30225066449539595,-23.934423141282423,43.00435853999534,0.009029818216357288,2328.91337890625,2141.653713378906,80.2345020756222,2489.3823830574943,2168.4443747550054,23.391672314069126,40.43187035205938,64.55937394463092,2266.577880859375
2266.577880859375,2285.8201800111174,2238.6832101973287,2245.3555666549883,3105968,0.3985487694506684,21.22231420438675,47.13696981378871,-0.12984567628861066,2335.410595703125,2148.293889160156,68.2039643780327,2471.8185244591905,2199.00266694706,26.46092581006596,34.277112524886434,58.50292166068202,2294.300537109375
2294.300537109375,2302.4795544288513,2257.064484575969,2269.548247853065,3427003,1.2231062732990683,24.752289256310178,45.415069852882425,0.10336069141729731,2341.9587524414064,2155.5528076171877,56.01086374512595,2453.9804799316585,2229.9370249511544,29.463600512631345,31.27588039505099,53.05751340755582,2242.427734375
2242.427734375,2294.2999089624423,2238.5103745875494,2290.124222449726,2571196,-2.260941925234017,-47.69648807472595,55.78953437489281,-0.24972461360553233,2338.0968505859373,2161.8471411132814,60.139434969509416,2458.3757205249563,2217.8179806469184,25.56738793976814,24.43006605360597,47.33202393676585,2267.3955078125
2267.3955078125,2294.429223972873,2239.3715741265737,2241.9113317918805,2879269,1.1134260005243313,25.484176020619543,55.05764984629923,0.1198170034489785,2335.1189819335937,2168.6494067382814,62.160835065630266,2459.440652064854,2210.7973118023333,30.60400998276829,20.779862202147342,42.021591589842146,2284.22705078125
2284.22705078125,2343.3744228871915,2247.077180702257,2247.077180702257,4893928,0.742329377947315,37.14987007899299,96.29724218493448,0.6997119755048937,2332.0546997070314,2175.8817553710937,63.1245976630866,2458.3038950332048,2205.805504380858,39.183670319926826,19.02589552170639,37.422452376215,2312.25048828125
2312.25048828125,2333.1715892194147,2296.150785405232,2311.647866071634,2816502,1.226823642177588,0.6026222096161291,37.02080381418273,-0.42449051150732087,2326.54443359375,2183.488527832031,59.52538912923055,2445.595211852211,2207.493655335289,40.63028996543205,19.670373672111054,33.87203663539421,2330.97607421875
2330.97607421875,2335.9696199135865,2308.4623443970577,2323.7010979993624,3884421,0.8098424471052468,7.274976219387554,27.507275516528807,0.37916500680631504,2322.5169921875,2191.5572607421873,56.099404609273066,2434.715801406046,2210.318182968954,49.46634035060519,21.444921828586303,31.38661367403263,2347.46337890625
2347.46337890625,2362.4438058429355,2320.343488277951,2351.337648996007,3646592,0.7073133383844743,-3.8742700897569193,42.10031756498438,-0.06122637067403358,2318.58310546875,2200.124619140625,50.97500687712374,2420.5331192229974,2216.633091714503,48.35011265866913,23.906077347008704,29.890506408627846,2281.1708984375
2281.1708984375,2335.884047483179,2271.48522072707,2322.151950901146,4760020,-2.824004883928688,-40.98105246364594,64.39882675610897,0.305333856927235,2311.4824340820314,2207.0455078125,45.20156167298396,2401.885557427999,2221.0793107360637,46.68548883602491,20.27361012493793,27.967127151889866,2314.059326171875
2314.059326171875,2318.364072217216,2275.833055173643,2296.9694002948013,3242441,1.4417344950745203,17.08992587707371,42.531017043572774,-0.31881777807656275,2306.2392700195314,2214.811044921875,37.51061359533755,2381.2604972102067,2231.218042828856,51.967441732670245,19.82020001095907,26.337741723703708,2299.637939453125
2299.637939453125,2335.754709079128,2291.6310714675155,2312.5090853617908,2437505,-0.6232073030991492,-12.871145908665767,44.123637611612594,-0.2482500067079093,2303.2452880859373,2221.9658251953124,35.362481908586865,2373.970251903111,2232.5203242687635,48.14380599144843,18.088668929725372,24.687927164908043,2287.41259765625
2287.41259765625,2294.343069445796,2269.4617256505835,2286.4654696117364,2548093,-0.5316202862691632,0.9471280445136472,24.881343795212615,0.045369342832117354,2298.662890625,2228.287126464844,30.644266828059553,2359.9514242811188,2237.374356968881,46.41353249790104,15.550676640919846,22.860477060110405,2299.034912109375
2299.034912109375,2315.091524548824,2290.1670966596052,2305.577997442895,298819,0.5080987341345322,-6.543085333520139,24.924427889218805,-0.8827283776534058,2296.88935546875,2235.0243286132813,29.46441176519391,2355.818178999138,2237.9605319383622,55.12104336869605,14.312141651467755,21.150809978381876,2295.33349609375
2295.33349609375,2320.257931651249,2281.5583098576017,2320.257931651249,2827273,-0.16099868671541895,-24.924435557498782,38.69962179364711,8.46149006589273,2293.7490478515624,2241.0316748046876,25.699141214132542,2345.1473302798277,2242.350765423297,55.63850446925052,12.883408497214987,19.497329682148496,2261.411865234375
2261.411865234375,2293.7405459178117,2244.5373890213323,2290.985550841463,2893762,-1.4778519512351318,-29.57368560708801,49.20315689647941,0.02351700737778062,2291.6504638671877,2245.9979663085937,26.569927673340562,2344.7903192138688,2238.5106085205066,49.281907600919816,8.911212156841884,17.380106177087175,2270.236572265625
2270.236572265625,2304.0288240618443,2265.0279984231297,2270.3227512517196,4167501,0.39022997831204,-0.08617898609463737,39.00082563871456,0.4401671595659906,2290.1760864257812,2251.493093261719,26.914245015644955,2344.0045764570714,2236.347596394491,46.46955245991595,6.401505474918849,15.18438603665351,2290.33935546875
2290.33935546875,2303.899300905695,2262.1863679334238,2285.819373656435,2711471,0.8854928798483375,4.519981812315109,41.71293297227112,-0.3493772407013219,2289.033166503906,2257.3302709960935,26.36490817128336,2341.762982846473,2236.3033501613395,57.751783045191544,5.965900261981915,13.340688881719192,2345.44091796875
2345.44091796875,2350.3913759951133,2294.429676566658,2315.953407116064,3706418,2.4058252489279175,29.487510852685773,55.96169942845518,0.3669399377680971,2290.585070800781,2263.5330444335937,28.74305923737444,2348.07118927553,2233.0989523260323,61.505355446143206,9.952192898433168,12.662989685061989,2343.546142578125
2343.546142578125,2361.582981128241,2328.8669208719984,2354.1787360458343,3120516,-0.08078546665186703,-10.632593467709285,32.7160602562426,-0.15807769118323944,2294.541149902344,2267.6867358398435,30.35283496864767,2355.246819839639,2233.8354799650488,59.14759811122849,12.810791167643401,12.692549981578273,2325.682373046875
2325.682373046875,2352.931334161523,2314.4038532032355,2349.5306264841915,3302249,-0.7622538002003298,-23.848253437316544,38.52748095828747,0.05823812472039891,2297.946252441406,2271.483151855469,29.803192830865406,2357.552638103137,2238.3398667796755,52.13833471310472,13.479411716040431,12.849922328470706,2342.298095703125
2342.298095703125,2351.2087923546983,2307.34347980514,2312.5091741629126,2341099,0.7144450527215351,29.788921540212414,43.86531254955844,-0.2910592144929107,2301.7322631835937,2275.412976074219,30.411917222283954,2362.5560976281618,2240.9084287390256,51.814638093665465,15.175118947720875,13.31496165232074,2307.0419921875
2307.0419921875,2339.80114493148,2297.916058553336,2328.867134250973,6086808,-1.505192852280468,-21.825142063472867,41.885086378144024,1.5999788987992392,2302.3693359375,2279.3586694335936,30.38148233567294,2363.132300608846,2241.6063712661544,43.88911034340214,13.518275969042861,13.355624515665165,2347.635986328125
2347.635986328125,2355.4704968169954,2259.5177641778523,2306.4825783892575,3605017,1.7595689319089614,41.15340793886753,95.95273263914305,-0.4077327558220992,2307.629748535156,2284.3057055664062,28.50696141674656,2364.6436713686494,2250.6158257016627,60.89470385835337,15.304392530082168,13.745378118548565,2367.222900390625
2367.222900390625,2371.6567046663813,2326.6721092420767,2340.920860453286,2509032,0.8343250050931283,26.302039937339032,44.98459542430464,-0.30401659687041693,2312.6211181640624,2289.3804223632815,29.801593335357982,2372.224304834778,2253.0179314933466,59.111701379822854,18.091851441522067,14.614672783143266,2332.69873046875
2332.69873046875,2388.1868634797993,2325.2516040853243,2388.1868634797993,2852548,-1.458424971986294,-55.488133011049285,62.935259394475,0.13691176517477666,2315.0447021484374,2292.7762036132813,29.338295978865187,2373.721294106168,2256.368110190707,55.3010036194185,17.315518213793894,15.154841869273394,2348.28173828125
2348.28173828125,2358.0105050608636,2323.7015996623713,2333.8608409880508,2686527,0.6680248764643792,14.420897293199232,34.30890539849224,-0.05820094876580517,2316.8462646484377,2297.435231933594,30.249799476374736,2377.3458636011874,2256.346665695688,59.655856176851046,17.753041029376618,15.67448170129404,2357.019775390625
2357.019775390625,2362.4437955311305,2329.8567953969264,2337.476277283899,1996400,0.3721034391627409,19.54349810672602,32.58700013420412,-0.25688444597802296,2318.1484497070314,2304.5871435546874,31.42769707655611,2381.0038438601437,2255.293055553919,59.283264124276116,18.590567095559436,16.25769878014712,2408.332763671875
2408.332763671875,2415.435593169417,2352.5001349989884,2359.000342214054,4277818,2.177028331157982,49.332421457821056,62.935458170428774,1.142765978761771,2321.1919189453124,2311.2213427734373,36.8888044907986,2394.9695279269094,2247.4143099637154,65.69782388536956,23.12823396647991,17.631805817413678,2419.9560546875
2419.9560546875,2445.0957293023553,2404.7601751838006,2423.5719992908907,3659996,0.4826281148085032,-3.6159446033907443,40.33555411855468,-0.14442456411189064,2328.1311767578127,2318.0194140625,41.70352786105308,2411.538232479919,2244.7241210357065,73.47955273667853,27.347030553587047,19.574850764648353,2397.140380859375
2397.140380859375,2434.1611884481035,2393.653495315399,2426.1543205822477,2127801,-0.9428135599376164,-29.013939722872692,40.50769313270439,-0.418632971183575,2332.2852294921877,2323.2964208984376,44.28593139712955,2420.857092286447,2243.7133666979284,68.0459600918202,28.52065469048921,21.364011549816524,2396.537841796875
2396.537841796875,2417.2865876316614,2380.1367204780763,2404.3723519779046,1795408,-0.02513574370992533,-7.8345101810296,37.14986715358509,-0.1562143264337219,2337.130224609375,2328.4945068359375,45.80088700697305,2428.731998623321,2245.528450595429,65.9883278579583,29.06707328062066,22.904623895977352,2408.67724609375
2408.67724609375,2414.101267442154,2372.9909480696992,2412.3793692485433,2483658,0.5065392285970693,-3.7021231547932985,41.110319372454796,0.38333905162503457,2343.19345703125,2333.4013037109376,46.88652699942431,2436.966511030099,2249.4204030324013,60.934850889932115,30.13231584323057,24.350162285427995,2377.553466796875
2377.553466796875,2406.0938386343532,2371.91420948716,2398.603625274493,2365509,-1.2921523357830367,-21.05015847761797,34.17962914719328,-0.04757055923158504,2347.119384765625,2334.5590576171876,46.2777409704614,2439.6748667065476,2254.5639028247024,55.3406917663153,28.14071077494691,25.108271983331782,2422.882568359375
2422.882568359375,2427.7039667062795,2376.606560858527,2392.5772064159487,2565149,1.9065439408842755,30.305361943426306,51.097405847752725,0.0843962124007982,2353.4968383789064,2336.4776513671877,47.53713247124605,2448.5711033213984,2258.4225734364145,64.0525773341428,29.87564127885662,26.06174584243675,2443.545654296875
2443.545654296875,2456.890365132334,2414.9621866749385,2420.12788119189,2863460,0.8528306822353171,23.417773104984917,41.92817845739546,0.11629382932531396,2362.6035278320314,2338.438310546875,46.4000405067165,2455.4036088454645,2269.8034468185983,64.46839776214486,32.54279150594948,27.357954975139297,2463.17529296875
2463.17529296875,2495.030408606584,2450.4332046750874,2469.2019364677994,6076692,0.803326045386421,-6.026643499049442,44.59720393149655,1.1221501260712565,2372.2504638671876,2339.2527001953126,46.24196623611341,2464.7343963394146,2279.7665313949606,73.35467501051747,35.827478198938934,29.051859619899226,2428.005859375
2428.005859375,2485.129924214814,2397.743578360733,2463.1757190987637,2705195,-1.4278088000534428,-35.16985972376369,87.3863458540809,-0.5548244011709003,2379.1337890625,2339.5823193359374,43.57673239636221,2466.287253855224,2291.980324269776,62.220169822849385,35.187121467175984,30.27891198935458,2473.075927734375
2473.075927734375,2482.675424717114,2426.7137414089384,2439.929392236456,2881737,1.8562586323814134,33.1465354979191,55.96168330817545,0.06526036015887948,2385.5155395507813,2340.521015625,47.547805079869285,2480.61114971052,2290.419929391043,64.93731189434112,37.87975772631853,31.799081136747372,2504.285888671875
2504.285888671875,2513.110617630667,2467.006747714737,2476.132892958945,2790988,1.261989597144808,28.15299571293008,46.10386991593032,-0.031491076388997286,2393.552526855469,2342.143046875,53.31543858550775,2500.1834040264844,2286.9216496844533,74.44191809767712,42.04737837192806,33.84874058378351,2504.802001953125
2504.802001953125,2515.13338972514,2482.288059984368,2504.5005857327255,1807144,0.020609199755683427,0.30141622039946014,32.845329740772286,-0.3525074274772948,2402.508508300781,2343.860634765625,56.27660993898218,2515.0617281787454,2289.955288422817,73.29564985468993,44.874607249221754,36.05391391687116,2522.064208984375
2522.064208984375,2539.541517749589,2498.474287725912,2505.3618805246047,2108994,0.6891645334756946,16.702328459770342,41.067230023676984,0.16703151492078105,2411.4968139648436,2347.1115673828126,60.361437107868376,2532.2196881805803,2290.773939749107,73.95647434543545,47.955323229659825,38.43419577942889,2523.01171875
2523.01171875,2541.522127196724,2513.971751834158,2513.971751834158,1994151,0.03756882010574891,9.039966915841887,27.550375362565774,-0.05445392447773678,2422.295300292969,2349.9905908203127,60.00841027106476,2542.3121208350985,2302.2784797508393,69.49647239302,49.89807501068344,40.7269716256798,2504.759033203125
2504.759033203125,2537.819391590143,2498.4740633003353,2526.3687275523416,2637968,-0.7234483062931618,-21.609694349216625,39.34532828980764,0.32285268267046985,2430.1514526367187,2353.3956591796873,60.00484552923551,2550.16114369519,2310.1417615782475,64.09946460247039,49.3954802654589,42.46067335363562,2464.681884765625
2464.681884765625,2501.056982008258,2449.4000391784834,2496.7522367724437,4040956,-1.6000400799532688,-32.070352006818666,51.65694282977438,0.5318442073596041,2435.0244018554686,2355.52650390625,58.56552049502492,2552.1554428455183,2317.893360865419,60.61997791935189,45.241760515463284,43.016890786001156,2521.07373046875
2521.07373046875,2531.189880501366,2478.671995225657,2479.5329441646036,2681440,2.2879969237282527,41.54078630414642,52.51788527570898,-0.3364342497171462,2444.443151855469,2359.8803076171876,56.348619057946905,2557.1403899713628,2331.745913739575,66.65889402492863,45.97034087551128,43.60758080390318,2616.8115234375
2616.8115234375,2626.540289649769,2532.008042807982,2539.799673675922,5113293,3.797500716131341,77.0118497615781,94.53224684178713,0.9069205352347993,2457.8696411132814,2366.2220556640623,63.73737080702901,2585.3443827273395,2330.3948994992234,72.75286506568166,53.654490273334886,45.616962697789525,2662.91552734375
2662.91552734375,2681.210695451107,2616.940930153381,2616.940930153381,5801309,1.7618389208897467,45.97459719036897,64.26976529772583,0.13455438598961567,2473.1644287109375,2373.2164111328125,74.11978420491293,2621.4039971207635,2324.9248603011115,80.20595527470954,62.741200337959526,49.041810225823525,2627.18603515625
2627.18603515625,2680.564876440762,2614.8744216601654,2668.942064225586,3726716,-1.3417433568814752,-41.75602906933591,65.69045478059661,-0.35760773990835515,2484.1070922851563,2379.4720751953123,79.96900009225993,2644.045092469676,2324.1690921006366,72.07440480429909,66.29520229001037,52.4924886386609,2611.08642578125
2611.08642578125,2652.4550713343,2583.062491039336,2647.418435112393,3717827,-0.6128081209156755,-36.33200933114313,69.39258029496432,-0.002385209927453502,2493.663610839844,2386.4053125,83.25219551772112,2660.168001875286,2327.159219804402,68.28259297721573,67.03987654970842,55.401966220870406,2686.935546875
2686.935546875,2693.0483686173875,2634.5038388648354,2660.332307873314,5879039,2.9048874194601115,26.60323900168578,58.54452975255208,0.5813105343524592,2508.153369140625,2394.9924169921874,90.47415406812418,2689.101677276873,2327.2050610043766,71.74891744484711,72.9099657401448,58.90356612472529,2734.761474609375
2734.761474609375,2780.86533670378,2709.0191829689534,2780.86533670378,9508039,1.7799432438935225,-46.10386209440503,71.84615373482666,0.6172777557692677,2525.06455078125,2404.3560888671873,99.65712924105,2724.37880926335,2325.7502922991503,79.09989054575655,80.49332938963789,63.221518777707814,2733.384521484375
2733.384521484375,2763.6468003456735,2711.9898508065016,2734.7619140231536,3611458,-0.050350026420376004,-1.377392538778622,51.65694953917182,-0.6201679441996399,2541.299914550781,2413.1377685546877,105.9490417555657,2753.1979980619126,2329.4018310396496,76.92585480467451,85.40756585274858,67.65872819271597,2719.6953125
2719.6953125,2735.235486908283,2691.5423169490145,2733.513588584765,3572801,-0.5008153399852056,-13.818276084764875,43.69316995926829,-0.01070398714314269,2558.4070068359374,2422.6831201171876,105.73993824421306,2769.8868833243637,2346.927130347511,73.11956381039126,87.19242885098811,71.5654683243704,2804.012939453125
2804.012939453125,2817.641863076815,2691.617754288858,2721.463363847344,6931542,3.10026003889452,82.54957560578077,126.02410878795672,0.9400862236659697,2577.463525390625,2433.41546875,114.04757524863722,2805.5586758878994,2349.3683748933504,77.21776378557101,94.32337233759517,76.11704912701536,2789.04736328125
2789.04736328125,2824.1114607421646,2768.905861020876,2790.4705484120045,4131692,-0.5337199397800862,-1.4231851307545185,55.20559972128876,-0.40392888047132947,2594.7386108398437,2443.511875,118.76453743580319,2832.26768571145,2357.209535968237,74.38805890263401,97.64154851039984,80.42194900369226,2779.041259765625
2779.041259765625,2809.231822066175,2749.411295099311,2803.4093564796403,4160906,-0.3587642019765913,-24.368096714015337,59.820526966864236,0.0070707109823286984,2610.5319091796873,2452.8476904296876,121.32281558267528,2853.177540345038,2367.8862780143368,73.0067320167662,98.33032729969318,84.00362466289245,2812.638671875
2812.638671875,2828.4240632946203,2787.882455800004,2788.7450431935063,2975735,1.2089569376241727,23.893628681493738,40.54160749461607,-0.28483484125812986,2629.7635498046875,2462.4809423828124,121.35193505375877,2872.467419912205,2387.05967969717,76.92348420831944,100.42953070971998,87.28880587225795,2854.129150390625
2854.129150390625,2870.6476143956615,2818.1592989480555,2820.6607181001477,3453446,1.475144281080576,33.46843229047727,52.488315447606055,0.16053546434746369,2648.8162109375,2472.6142578125,125.30560212955271,2899.427415196605,2398.2050066783945,83.97244169949951,104.23949143153231,90.67894298411282,2823.982421875
2823.982421875,2854.4315948546932,2813.84701785,2850.851940648889,2778546,-1.0562496273687882,-26.869518773889013,40.584577004693074,-0.1954279870019685,2664.8010375976564,2483.47048828125,126.285449074046,2917.3719357457485,2412.2301394495644,77.69141836848567,103.6317217287824,93.26949873304673,2849.212890625
2849.212890625,2868.103472870908,2796.4223664998394,2796.4223664998394,3052459,0.8934357577639718,52.79052412516057,71.68110637106838,0.09858141632350148,2682.02158203125,2494.1735595703126,126.80058430606837,2935.622750643387,2428.420413419113,74.3899414384776,103.98724756874981,95.41304850018736,2839.0341796875
2839.0341796875,2880.8696719465147,2828.1223218457994,2854.2587642828466,2272887,-0.35724641605378027,-15.224584595346641,52.747350100715266,-0.25539147290758046,2697.870080566406,2504.961484375,125.55822133286377,2948.9865232321335,2446.7536379006788,69.99061132781542,102.26877665554775,96.78419413125944,2812.941162109375
2812.941162109375,2852.1025525039727,2783.570014017095,2846.538904944659,2786662,-0.9190807833457382,-33.59774283528395,68.53253848687746,0.2260451135494197,2712.366552734375,2515.4720556640623,120.96006843173559,2954.2866895978464,2470.446415870904,71.55597334815629,97.67544588648707,96.96244448230496,2757.30322265625
2757.30322265625,2824.9731480067812,2746.3052355914906,2786.1567230723367,3083938,-1.9779275941699037,-28.853500416086717,78.66791241529063,0.10667816907827365,2724.993762207031,2524.637421875,110.91127765295708,2946.8163175129453,2503.171206901117,65.54157713906102,88.52521782459189,95.27499915076235,2683.8115234375
2683.8115234375,2774.814498620506,2674.0210717281498,2768.948861893027,5445659,-2.665347017871744,-85.13733845552679,100.79342689235636,0.7658133853534022,2735.950244140625,2532.406982421875,93.26186449917671,2922.473973138978,2549.4265151422715,49.66627093500473,74.48481564098938,91.11696244880777,2707.964111328125
2707.964111328125,2730.089396130799,2625.8026531981222,2674.0212094804033,3985846,0.8999360677790724,33.942901847721714,104.28674293267659,-0.26806911707104686,2745.2947631835937,2541.33802734375,78.84783440156794,2902.9904319867296,2587.5990943804577,46.984822196754344,64.56237289991532,85.80604453902929,2763.25537109375
2763.25537109375,2780.981583042147,2717.150119907805,2737.852216059484,2881837,2.0418017925099896,25.403155034266092,63.8314631343419,-0.2769823520527386,2752.6169555664064,2551.1984033203125,72.86071402685383,2898.338383620114,2606.8955275126987,52.99734295741627,60.463324546759395,80.73750054057531,2760.322998046875
2760.322998046875,2791.332974604813,2728.062101218418,2771.4934633514413,2505866,-0.10612023331431075,-11.170465304566278,63.270873386395124,-0.13046227111387632,2757.4873291015624,2560.598076171875,69.73770988483395,2896.9627488712304,2618.0119093318945,54.16666875320179,56.328857194573175,75.8557718713749,2750.31689453125
2750.31689453125,2792.9288406332607,2739.5777229687446,2774.1243922298722,2057261,-0.3624975599850089,-23.807497698622228,53.351117664516096,-0.17902194291314855,2763.6438720703127,2568.695595703125,62.71008603558855,2889.06404414149,2638.2236999991355,43.50273640203456,51.649470160194596,71.01451152913884,2724.0078125
2724.0078125,2765.3258749331653,2699.035949619647,2759.3738955726767,2366135,-0.9565836607251743,-35.3660830726767,66.28992531351832,0.15013846079811954,2769.28994140625,2576.3048291015625,52.504748528272046,2874.299438462794,2664.2804443497057,42.340429691767866,45.295955596177464,65.87080034254657,2772.44287109375
2772.44287109375,2782.7075792289133,2721.593163935313,2751.22313203677,2526592,1.778080751879263,21.21973905697996,61.11441529360036,0.0678139666587072,2773.5653076171875,2585.2400390625,48.79621603350314,2871.157739684194,2675.972875550181,49.28742013236526,43.66570292704819,61.4297808594469,2740.354248046875
2740.354248046875,2799.7866553978947,2729.2269531135325,2755.9671666238105,2658751,-1.157413318825784,-15.612918576935499,70.55970228436217,0.05230721857743559,2773.8449462890626,2593.201162109375,48.57767320733086,2871.0002927037244,2676.6895998744008,42.16826549446922,39.33104839419548,57.010034366396624,2771.752685546875
2771.752685546875,2777.014343377286,2723.4477815441405,2747.3414151555307,2127983,1.1457802407254025,24.41127039134426,53.56656183314544,-0.1996305784182122,2775.7633544921873,2602.4953759765626,47.64437456686541,2871.0521036259183,2680.4746053584563,40.87528706226722,37.99145312322344,53.206318117761995,2765.455322265625
2765.455322265625,2776.927777293114,2747.3841575839447,2773.2186091965013,1165882,-0.22719787786577017,-7.7632869308763475,29.543619709169434,-0.4521187434298113,2778.0513549804687,2610.8517626953126,45.87607643959884,2869.8035078596663,2686.299202101271,43.155409244438864,36.00660786998924,49.76637606820745,2752.34375
2752.34375,2799.5272357807867,2744.7529392249153,2746.650589270533,2777404,-0.4741198369779931,5.693160729466854,54.77429655587139,1.3822342226743358,2775.4678955078125,2618.5541796875,45.79190070244556,2867.051696912704,2683.884094102921,38.340926294211954,32.9952605778044,46.41215297012684,2708.39501953125
2708.39501953125,2768.0428515244666,2701.2355022903666,2768.0428515244666,2630853,-1.5967747658245823,-59.64783199321664,66.8073492341,-0.0527654601203138,2771.4352783203126,2626.06810546875,48.02970240439976,2867.494683129112,2675.375873511513,35.458487372669566,26.75404690034884,42.480531756171246,2681.61181640625
2681.61181640625,2732.3749597743044,2674.021004983255,2717.150376031372,3435770,-0.9888957457038661,-35.53855962512216,58.353954791049546,0.30595286015600265,2766.5638061523437,2632.73470703125,51.99492509793787,2870.553656348219,2662.573955956468,35.404089052897206,19.422765884959063,37.868978581928815,2650.8173828125
2650.8173828125,2702.356979177696,2627.053058185839,2678.4201791921864,3678426,-1.1483553810938574,-27.602796379686424,75.30392099185701,0.07062638069486615,2758.4727416992187,2638.6106591796874,56.815031029962135,2872.1028037591427,2644.8426796392946,37.4734486486238,11.001006673001939,32.49538420014344,2637.232177734375
2637.232177734375,2672.209935042803,2614.502911145384,2643.8308883736727,4189909,-0.512491172202556,-6.598710639297678,57.70702389741882,0.1390494195071479,2747.627893066406,2643.1886474609373,58.27697850834434,2864.181850083095,2631.0739360497173,43.621609947652736,3.1936746155438414,26.635042283223523,2649.7392578125
2649.7392578125,2662.936676901493,2601.6929699093357,2637.7923377748643,3725028,0.4742502455308939,11.946920037635664,61.24370699215706,-0.11095252904060682,2738.915734863281,2647.7843115234373,59.277250046460864,2857.470234956203,2620.3612347703593,41.76425126511771,-1.9618603476346834,20.915661757051886,2551.921875
2551.921875,2670.570824384041,2538.7242445051543,2670.570824384041,5366696,-3.6915852200964605,-118.64894938404086,131.8465798788866,0.4407129288692595,2724.0511840820313,2650.87994140625,66.94231560287263,2857.9358152877767,2590.166552876286,23.317464779702064,-13.781835824083828,13.976162240824745,2570.682861328125
2570.682861328125,2611.914580107528,2560.159337436969,2561.8845121926547,3832829,0.7351708730552353,8.79834913547029,51.7552426705588,-0.2858121645049394,2710.6336181640627,2654.362841796875,69.52634123685735,2849.6863006377775,2571.580935690348,26.97666146978797,-21.388839515080235,6.903161889643749,2542.994384765625
2542.994384765625,2590.652345860636,2519.747482327506,2563.6101425226025,3774549,-1.0770864418567339,-20.615757756977473,70.90486353313008,-0.015205478772989833,2697.136279296875,2657.0491845703127,74.63484662579869,2846.405972548472,2547.8665860452775,25.86610751663838,-29.313762594036234,-0.3402230070922476,2583.7080078125
2583.7080078125,2613.553404647597,2560.547452544542,2565.3348545968297,4224073,1.6010111265199356,18.3731532156703,53.005952103054824,0.11909343341416423,2688.4565185546876,2661.172275390625,77.31548256950832,2843.087483693704,2533.825553415671,34.19798739288295,-31.94087755421924,-6.660353916517646,2496.586669921875
2496.586669921875,2563.9116563447387,2484.251628398456,2553.2586180761905,5553153,-3.371949834392718,-56.67194815431549,79.66002794628275,0.3146441834693672,2679.0952758789062,2662.646357421875,88.44141641138984,2855.978108701686,2502.2124430561266,21.420762981732565,-40.585010217384024,-13.445285176690923,2522.378662109375
2522.378662109375,2557.5722789261185,2503.0567837670387,2523.9313619351847,3265871,1.0330901986393748,-1.5526998258096683,54.51549515907982,-0.4118888854674092,2669.8160034179687,2664.223017578125,94.76296967845376,2859.3419427748763,2480.290064061061,27.118778722361682,-44.8374907309194,-19.72372628753662,2593.240234375
2593.240234375,2609.3274083746887,2542.9081652524237,2553.2592161286207,3306469,2.80931540256395,39.981018246379335,66.41924312226502,0.012430987016939676,2661.3152465820312,2666.82431640625,93.55776815493192,2848.430782891895,2474.1997102721675,32.695002998607904,-42.00546268209064,-24.180073566447426,2638.741943359375
2638.741943359375,2642.968538573675,2585.088823482066,2617.953496922684,3509857,1.7546276037685216,20.788446436691174,57.87971509160889,0.06151214482881895,2655.236193847656,2671.0390380859376,90.69207160433152,2836.620337056319,2473.852050638993,38.584119146869554,-35.67817659742195,-26.479694172642333,2630.633056640625
2630.633056640625,2658.02020976572,2601.6070715025844,2607.602012509075,3916760,-0.3073012402427855,23.03104413155006,56.41313826313581,0.11593150376211914,2649.252001953125,2674.1901806640626,87.99663535767223,2825.245272668469,2473.2587312377805,38.935082080154054,-30.961175026058754,-27.37599034332562,2594.705322265625
2594.705322265625,2642.276919416911,2584.8287415029745,2601.6491909512447,3203686,-1.3657448074829714,-6.943868685619691,57.44817791393643,-0.18205710842635237,2642.7868774414064,2675.9985693359376,86.95906514486869,2816.7050077311437,2468.868747151669,39.51131658740573,-29.778714713439967,-27.85653521734849,2593.757568359375
2593.757568359375,2616.2280159561988,2584.3122768891435,2601.5640277362004,2003125,-0.03652645632308271,-7.806459376825387,31.915739067055256,-0.3747436546527968,2633.8526123046877,2677.7776806640627,81.97319067358195,2797.7989936518516,2469.906230957524,41.489105565071206,-28.588531421562493,-28.00293445819129,2631.711181640625
2631.711181640625,2645.469409575345,2580.9480357307766,2593.7573332178704,1942397,1.463267567649229,37.95384842275462,64.52137384456819,-0.030316630265210587,2628.420458984375,2679.9706201171875,78.05001679441484,2784.5204925732046,2472.320425395545,48.17440637123055,-24.30261773829261,-27.262871114211556,2648.962646484375
2648.962646484375,2668.155215500938,2639.5173568846353,2652.4561674575993,3053778,0.655522724685742,-3.4935209732243493,28.637858616302765,0.5721698499328407,2622.28095703125,2682.489638671875,70.66164072231935,2763.604238475889,2480.9576755866115,51.113045669898376,-19.291570018983748,-25.668610895165997,2637.749755859375
2637.749755859375,2688.685596656959,2623.4309278022442,2652.4569168175008,2938317,-0.4232936481713523,-14.707160958125769,65.25466885471496,-0.037809231712324864,2615.8956787109373,2685.149453125,62.32057665355203,2740.5368320180414,2491.254525403833,48.85957509657002,-16.040164134693896,-23.742921543071578,2644.822509765625
2644.822509765625,2673.1585926371235,2623.128518944657,2623.128518944657,3097083,0.2681358946404533,21.693990820967883,50.03007369246643,0.05403297193597556,2610.5196166992187,2688.752265625,54.01455737283274,2718.548731444884,2502.490501953553,60.68032587651025,-12.745764180011975,-21.543490070459658,2682.689697265625
2682.689697265625,2709.3867323088225,2639.517160415472,2639.517160415472,4894756,1.4317477774096643,43.17253685015294,69.86957189335044,0.5804406920964016,2609.2343505859376,2691.9845849609374,51.82448294878428,2712.883316483506,2505.5853846883692,62.33498416385702,-6.998686418594389,-18.634529340086605,2685.191650390625
2685.191650390625,2721.46349599781,2661.3411908354997,2678.334122051727,3838390,0.09326285956776648,6.857528338898192,60.12230516231011,-0.21581586497876504,2609.4133422851564,2693.3521875,52.09310324073555,2713.5995487666273,2505.2271358036855,66.57950499457445,-2.216647052314329,-15.35095288253215,2619.247314453125
2619.247314453125,2714.0887813825457,2576.592398659688,2696.405735129857,3656306,-2.4558521149843027,-77.15842067673202,137.49638272285756,-0.047437597534382925,2607.8348388671875,2692.4788232421874,51.24385235300157,2710.3225435731906,2505.3471341611844,53.91345865878503,-3.705290905059883,-13.021820487037697,2631.063720703125
2631.063720703125,2673.158022747452,2592.07481715266,2613.6394994917005,5776626,0.45113747696892137,17.424221211424538,81.0832055947917,0.5799076991914791,2607.526416015625,2692.556376953125,51.0758932741612,2709.6782025639473,2505.3746294673024,67.75226537029087,-3.8867624745321336,-11.194808884536586,2699.5966796875
2699.5966796875,2708.0500786626917,2603.849474474257,2629.770268995108,2821646,2.604762417766926,69.82641069239207,104.20060418843468,-0.5115408198488183,2610.019287109375,2694.32658203125,54.355996093762,2718.731279296899,2501.307294921851,71.02224250768477,1.4823692059685527,-8.659373266435558,2710.767333984375
2710.767333984375,2733.5395578340426,2693.7312322907105,2708.5245224357504,3305973,0.413789747962201,2.242811548624559,39.8083255433321,0.17164697485084957,2617.961560058594,2694.8032177734376,56.96267364127233,2731.886907341139,2504.036212776049,66.2415357883905,6.563167085245823,-5.614865196099283,2692.221435546875
2692.221435546875,2719.134118480695,2683.6385230256433,2683.6816945112373,2207104,-0.6841567774922508,8.53974103563769,35.4955954550519,-0.33238898200318034,2624.0384887695313,2693.9524169921874,58.12457134266966,2740.2876314548707,2507.789346084192,57.985482266959465,8.989610367896148,-2.6939700833001963,2643.701416015625
2643.701416015625,2700.632191713419,2630.8919072465596,2684.5448082856474,3179786,-1.8022298942655168,-40.84339227002238,69.74028446685952,0.4407051049701327,2629.073840332031,2692.1587548828124,55.01303132155579,2739.099902975143,2519.0477776889193,51.74121455635591,6.917681349042141,-0.7716397968317286,2645.38330078125
2645.38330078125,2689.5477372213268,2624.8968483248655,2665.9558856292324,3697370,0.06361855977516928,-20.572584847982398,64.65088889646131,0.16277321807190792,2632.157604980469,2690.6725146484373,54.05649400608045,2740.2705929926296,2524.044616968308,57.43035773476411,5.349708607892808,0.4526298841131787,2724.52587890625
2724.52587890625,2750.317161758501,2640.294080434551,2659.3573490419767,4694008,2.99172441670843,65.1685298642733,110.02308132395001,0.2695532229665951,2643.5545654296875,2689.0827734375,47.613903202909995,2738.7823718355075,2548.3267590238675,65.59682208929809,10.373642651346472,2.4368324375598376,2741.17333984375
2741.17333984375,2764.592502547157,2701.623624954039,2721.463134332693,3530069,0.6110223091066125,19.71020551105721,62.96887759311812,-0.24796272183600876,2654.4942993164063,2688.12529296875,43.24158683518509,2740.9774729867763,2568.0111256460364,63.75469143157613,15.519557744208214,5.053377498889513,2730.089599609375
2730.089599609375,2773.2189771703447,2712.837848584987,2752.603218933267,4285076,-0.404342916709044,-22.513619323891817,60.3811285853576,0.2138788221986596,2661.336767578125,2687.146259765625,43.86166251004608,2749.060092598217,2573.613442558033,60.354674461070566,18.49022353622422,7.740746706356455,2793.834228515625
2793.834228515625,2814.622668965383,2718.012880756948,2735.2646286513113,5317862,2.3348914598030346,58.56959986431366,96.60978820843502,0.24101929580712222,2669.0913818359377,2686.7701708984373,52.51337351090376,2774.1181288577454,2564.06463481413,67.56630068031697,25.69199506908535,11.330996378902235,2816.0888671875
2816.0888671875,2824.973558972409,2786.157128391109,2824.973558972409,2291562,0.7965626036337436,-8.884691784909137,38.81643058130021,-0.5690820859962142,2678.3641723632813,2686.009365234375,61.04569409876232,2800.455560560806,2556.2727841657565,68.6380169241601,32.81692120604612,15.628181344331013,2821.868408203125
2821.868408203125,2827.1734472042103,2790.297834912281,2811.1724084069633,2491268,0.2052329059273328,10.695999796161686,36.87561229192943,0.08714841666950313,2689.7223266601563,2685.9670849609374,65.62231156024113,2820.9669497806385,2558.477703539674,66.2832891743702,38.486192292306896,20.19978353392619,2861.5048828125
2861.5048828125,2876.7294687775106,2817.2540995400586,2820.6612782316224,2578118,1.4046181067179697,40.84360458087758,59.475369237452014,0.03486176517339756,2703.1096923828127,2686.2129248046876,72.01427061000956,2847.138233602832,2559.0811511627935,68.9787695449956,45.65122382682239,25.290071592505434,2865.73046875
2865.73046875,2893.4196034940337,2853.4386005342767,2893.1176137218754,2911129,0.14767005860729654,-27.387144971875387,39.98100295975701,0.12916825374168295,2714.810656738281,2686.7468505859374,78.5207201925068,2871.8520971232947,2557.7692163532674,80.59755230491994,51.081694433472876,30.448396160698923,2800.433349609375
2800.433349609375,2879.4032733871372,2771.665973691975,2865.731177961672,3791828,-2.2785506122320998,-65.29782835229707,107.73729969516216,0.3025283317915488,2722.3841918945313,2686.4966943359377,79.13768244624441,2880.65955678702,2564.1088270020427,68.5605189062388,49.5453220777963,34.267781344118404,2677.5146484375
2677.5146484375,2772.3560975851465,2650.7744371664544,2772.3560975851465,8654596,-4.389274295316492,-94.84144914764647,121.58166041869208,1.2824336968870953,2724.3724365234375,2684.9009228515624,77.3794167889137,2879.131270101265,2569.61360294561,47.83784610765446,37.97151205234104,35.00852748576293,2776.625244140625
2776.625244140625,2792.410633263149,2663.1950184014627,2726.0345851107286,6062760,3.701589298903074,50.590659029896415,129.2156148616864,-0.2994750997042497,2730.9625732421873,2686.757197265625,75.84522873885165,2882.6530307198905,2579.272115764484,55.5010971441623,36.37724673746379,35.28227133610311,2756.09619140625
2756.09619140625,2800.8214346787513,2745.2708874426585,2785.2948606645173,3224657,-0.7393526648112325,-29.198669258267273,55.550547236092825,-0.4681206249298999,2734.6328979492187,2687.7198388671877,75.15929688769243,2884.9514917246033,2584.314304173834,55.317826469962924,33.07597772007466,34.84101261289742,2727.32861328125
2727.32861328125,2750.790946118648,2704.2975741011296,2733.539199827531,2679106,-1.043779901975117,-6.210586546280865,46.493372017518595,-0.1691810942993317,2736.73974609375,2687.0013037109375,74.28594033465413,2885.3116267630585,2588.1678654244415,57.19906836253493,27.817729634142324,33.43635601714641,2712.44921875
2712.44921875,2782.146321965287,2696.750170373957,2781.844332141803,3141893,-0.5455666199808862,-69.39511339180308,85.39615159132973,0.17273933916761774,2741.3998413085938,2686.043828125,69.28235370920288,2879.9645487269995,2602.835133890188,55.64511687587902,22.194048183877385,31.187894450492607,2690.2373046875
2690.2373046875,2715.4248116477966,2678.549204691652,2715.4248116477966,1988980,-0.8188877383937254,-25.18750696029656,36.875606956144566,-0.36694852434503655,2744.3585205078125,2684.842236328125,65.48174360497963,2875.3220077177716,2613.3950332978534,46.807909065205514,15.763215747101185,28.102958709814324,2682.215576171875
2682.215576171875,2690.410156642572,2666.3008804288893,2678.3339327910185,1615309,-0.29817921644488266,3.8816433808565307,24.109276213682733,-0.18787066737724867,2743.489465332031,2684.0063916015624,66.21827310396827,2875.9260115399675,2611.052919124095,44.42174560826029,9.905266511946138,24.46342027024069,2674.710693359375
2674.710693359375,2719.7377074827195,2663.712705484207,2675.7889274647837,2490260,-0.27980162665415254,-1.0782341054086828,56.02500199851238,0.5416616882590266,2741.686633300781,2682.051748046875,67.63178624069648,2876.950205782174,2606.423060819388,44.72463110186631,4.60414450492226,20.491565117177007,2701.624267578125
2701.624267578125,2705.1609608500166,2676.6092280635125,2679.196990771921,1471417,1.0062237491916148,22.42727680620419,28.55173278650409,-0.4091311750580261,2742.156774902344,2681.2771484375,67.3017081147083,2876.7601911317606,2607.553358672927,40.55324112981327,2.545326693451443,16.902317432431893,2694.80908203125
2694.80908203125,2718.012596283586,2684.3716914105107,2717.1068374954057,1639037,-0.25226252327769094,-22.29775546415567,33.640904873075215,0.11391740070965617,2744.712158203125,2679.7382763671876,64.26860780653553,2873.249373816196,2616.174942590054,37.16918343478926,0.359624698463449,13.593778885638205,2687.175048828125
2687.175048828125,2723.490057888426,2678.7648227704813,2713.3546572548553,1621395,-0.28328660661076643,-26.179608426730283,44.72523511794452,-0.010763637428563233,2746.8017456054686,2678.1726708984374,61.488379118877916,2869.7785038432244,2623.8249873677128,35.8057889937903,-1.9659008773287496,10.481842933044815,2618.513427734375
2618.513427734375,2701.6669817097545,2605.014018794562,2673.1584252464727,3072305,-2.5551599671072123,-54.64499751209769,96.65296291519235,0.8948528890245746,2741.501123046875,2675.496064453125,67.75938111065855,2877.019885268192,2605.982360825558,25.869333205320856,-9.242770736184866,6.53692019919888,2619.677978515625
2619.677978515625,2635.20455198065,2591.212593829746,2609.2405865604173,1545831,0.04447373723257542,10.437391955207659,43.99195815090434,-0.49684975938261333,2735.4263549804687,2673.7217236328124,73.03137602641847,2881.4891070333056,2589.3636029276317,25.415889950096613,-14.745792691642691,2.2803776210305657,2630.67578125
2630.67578125,2665.3949222272317,2617.952617786294,2641.932588331327,1990777,0.4198150621782304,-11.256807081327224,47.44230444093773,0.28783612180115425,2730.4556640625,2672.7030029296875,76.70452610568688,2883.864716273874,2577.0466118511263,30.97445427835156,-18.01191631107804,-1.7780811653911552,2670.311767578125
2670.311767578125,2673.503298834241,2632.961691102309,2648.14331355387,1939289,1.5066845793247685,22.16845402425497,40.54160773193189,-0.025863268462514855,2724.279541015625,2673.092890625,76.30467258619535,2876.888886188016,2571.670195843234,49.007451765378725,-17.203736005986684,-4.863212133510261,2683.8974609375
2683.8974609375,2703.3488484717996,2651.5936056803803,2678.7651081458753,1791671,0.5087680593826915,5.132352791624726,51.75524279141928,-0.07611965003668875,2717.669970703125,2674.0261962890627,73.61124404107782,2864.8924587852803,2570.4474826209694,33.28162758657119,-15.290733322263804,-6.9487163712609705,2702.400390625
2702.400390625,2725.6472930509076,2684.1999200832834,2702.4867336151315,1912540,0.6894052383445759,-0.08634299013147029,41.44737296762423,0.06746160427891068,2711.696569824219,2675.0794189453127,69.43982820184958,2850.576226227918,2572.8169134205195,40.24765523014927,-12.141671491600846,-7.987307395328946,2713.268798828125
2713.268798828125,2729.3991418750993,2695.585756267013,2713.6569210585,2137153,0.4021760891105952,-0.3881222303748473,33.813385608086264,0.11744224957386518,2704.284765625,2678.306357421875,59.85823142059978,2824.0012284662,2584.5683027838004,47.26885396106046,-8.669095653748172,-8.123665047012793,2693.515625
2693.515625,2698.25985592109,2666.387081531657,2695.585750619421,2415625,-0.7280212648542839,-2.0701256194211055,31.87277438943329,0.1303004511141692,2695.6740234375,2680.7630126953127,46.25189112442207,2788.1778056863445,2603.170241188656,46.39045895608529,-7.425375224013806,-7.984007082412996,2663.3251953125
2663.3251953125,2691.272945509579,2648.661208109403,2691.272945509579,1978558,-1.1208559329408008,-27.94775019707913,42.611737400176025,-0.18093329883570508,2688.8186157226564,2683.16962890625,39.58834835327366,2767.9953124292038,2609.641919016109,45.020886332099906,-8.7746840906143,-8.142142484053258,2632.185791015625
2632.185791015625,2672.7274040510943,2622.266034634606,2672.7274040510943,2043935,-1.1691927201259888,-40.541613035469254,50.461369416488196,0.033042751337084786,2686.5521728515623,2684.1391845703124,41.51998318731114,2769.5921392261844,2603.5122064769403,41.473194000835534,-12.215893555757702,-8.956892698394148,2647.92822265625
2647.92822265625,2652.6292828468536,2618.8158918427803,2635.205055856289,2890462,0.5980744860168308,12.723166799960836,33.81339100407331,0.4141653232612583,2680.117321777344,2687.166015625,36.49425063869278,2753.1058230547296,2607.1288204999582,45.56001214206213,-13.516978862749056,-9.86890993126513,2664.35986328125
2664.35986328125,2694.722896047772,2655.043877732088,2674.020799535241,2098538,0.6205470557852477,-9.660936253991167,39.67901831568406,-0.2739783467141239,2675.5305053710936,2690.0056396484374,31.920548931099283,2739.3716032332923,2611.689407508895,43.59989299260928,-13.071521901129472,-10.509432325237999,2658.494384765625
2658.494384765625,2689.5475313754764,2645.641916655821,2660.2195595772832,1986041,-0.2201458818104851,-1.7251748116582348,43.905614719655205,-0.053607320906269074,2672.0887939453123,2691.31072265625,29.673473275705284,2731.4357404967227,2612.741847393902,43.74259076808652,-13.041455366620994,-11.0158369335146,2639.517822265625
2639.517822265625,2664.3603850643035,2632.7034650661194,2645.6422779203626,2329027,-0.7138086357731055,-6.1244556547376305,31.656919998184094,0.1726983481207085,2668.4422241210937,2691.326240234375,28.92434795218449,2726.2909200254626,2610.5935282167247,42.0970680399349,-14.383078248511993,-11.689285196514078,2657.20068359375
2657.20068359375,2663.8425649498754,2635.291046239091,2640.3802280410546,1685566,0.6699277109993851,16.82045555269542,28.55151871078442,-0.27627889243018655,2666.790393066406,2691.8575927734373,28.555132237193725,2723.9006575407934,2609.6801285920187,57.72085585572417,-13.859698938934798,-12.123367944998222,2658.0625
2658.0625,2678.33329952945,2649.867921466818,2658.0625,1652260,0.03243324493973354,0.0,28.46537806263177,-0.01975953477941539,2665.5827392578126,2693.124736328125,28.3786310022745,2722.3400012623615,2608.8254772532637,57.66970645712374,-13.222949750147563,-12.34328430602809,2699.236572265625
2699.236572265625,2711.5885700674185,2671.5855179759806,2680.166821273382,1841613,1.5490257383197426,19.069750992242916,40.003052091437894,0.114602423347415,2666.809033203125,2695.23431640625,29.30849728315129,2725.426027769428,2608.1920386368224,62.22505861672368,-9.288841917228638,-11.7323958282682,2737.80908203125
2737.80908203125,2743.44332582837,2690.394795786189,2704.43702261754,1923753,1.4290155283887884,33.37205941370985,53.04853004218057,0.044602204697729686,2668.618273925781,2697.3562744140627,32.51251710057866,2733.6433081269383,2603.593239724624,62.08124928443892,-3.0236986261766106,-9.990656387849883,2756.446044921875
2756.446044921875,2789.1680066186677,2740.6702010773824,2740.800137468123,5959785,0.6807254389264328,15.645907453751988,48.49780554128529,2.097999067447848,2671.7001220703123,2699.5059423828125,37.642371677964896,2746.9848654262423,2596.4153787143823,62.754732821871805,3.4060568167901693,-7.311313746921873,2724.89453125
2724.89453125,2772.0487467329226,2718.0032463993753,2764.6808873372906,1763701,-1.1446447040021512,-39.78635608729064,54.04550033354735,-0.7040663379635339,2673.5860961914063,2701.248837890625,39.36405561008726,2752.314207411581,2594.857984971232,53.78119808526985,5.887869172164301,-4.671477163104639,2738.37255859375
2738.37255859375,2748.08096384286,2711.8917807222774,2730.441361193668,1652799,0.49462565208229226,7.9311974000820555,36.189183120582584,-0.06288027279000241,2679.579052734375,2703.1198388671874,39.66108058121386,2758.901213896803,2600.2568915719476,54.183166766067316,8.840381099982551,-1.9691055104872006,2733.04150390625
2733.04150390625,2747.7338350327705,2714.838563347407,2746.5637729704818,1377441,-0.19467967098815153,-13.52226906423175,32.89527168536324,-0.16660102045076264,2685.2472290039063,2704.126875,38.73972223144252,2762.7266734667915,2607.7677845410212,56.91895449417075,10.627588292290966,0.5502332500684326,2712.628662109375
2712.628662109375,2738.6328676832036,2700.103345415868,2731.178455725699,2240078,-0.7468910284640584,-18.549793616324223,38.52952226733578,0.6262605803079768,2689.344873046875,2704.675615234375,36.956903583919875,2763.258680214715,2615.431065879035,58.9364118058856,10.278334886031644,2.495853577261075,2722.857177734375
2722.857177734375,2734.385751842096,2706.7344847268523,2734.385751842096,1281706,0.37707024805400113,-11.528574107720942,27.651267115243627,-0.4278297452142291,2691.9721435546876,2706.7478125,37.397724517726076,2766.76759259014,2617.1766945192353,67.78244881542912,10.703521242825445,4.1373871103739495,2725.024169921875
2725.024169921875,2736.379424869507,2708.7715406778084,2711.3719613568587,1836060,0.07958523147009178,13.65220856501628,27.60788419169876,0.4325126042945886,2694.0284790039063,2708.627021484375,38.055272697116216,2770.1390243981386,2617.917933609674,65.97043458031365,11.08753248042376,5.527416184383911,2759.218994140625
2759.218994140625,2765.5033425995257,2716.2255095885403,2726.1070211368938,2559821,1.2548448045409666,33.11197300373124,49.27783301098543,0.3941924555842402,2696.8694091796874,2709.8194677734373,40.739330857300885,2778.3480708942893,2615.3907474650855,68.30310162019873,13.989834584534492,7.219899864414028,2773.91162109375
2773.91162109375,2800.6526947971643,2762.6865156629224,2772.0480711734235,2574057,0.5324922372716978,1.8635499203264771,37.966179134241884,0.005561326358366481,2699.9015502929688,2711.082353515625,44.13904664536064,2788.17964358369,2611.6234570022475,71.53618587988547,17.276351094448273,9.231190110420878,2773.998291015625
2773.998291015625,2791.1177242622643,2761.8196139004294,2775.515202822289,1710925,0.003124465870363302,-1.5169118066642113,29.298110361834915,-0.335319691832776,2703.92568359375,2712.717890625,47.095941999670025,2798.11756759309,2609.73379959441,76.99638108755572,19.661289537927132,11.317209995922129,2788.34423828125
2788.34423828125,2794.5852050996004,2767.714193512104,2782.449909543957,1874324,0.5171577542815609,5.894328737293108,26.87101158749647,0.09550330961322095,2710.1766357421875,2715.6107470703123,49.65095640966738,2809.478548561522,2610.874722922853,76.68400680358619,22.450176823517722,13.543803361441247,2837.75244140625
2837.75244140625,2868.2640016376467,2783.316926339826,2783.7937124543178,3452954,1.7719549274682,53.958728951932244,84.9470752978209,0.8422396554704523,2720.454968261719,2719.4581298828125,53.76325487362971,2827.9814780089782,2612.9284585144596,80.53035821247181,28.320755124781044,16.499193714109207,2839.962646484375
2839.962646484375,2868.003720504315,2834.761805496382,2842.2595999383007,1847360,0.0778857607829142,-2.296953453925653,33.24191500793313,-0.4649914247337208,2730.056689453125,2721.766865234375,57.16889071534158,2844.394470883808,2615.7189080224416,77.55909954120281,32.77378006647814,19.754110984582994,2828.17431640625
2828.17431640625,2858.7292607486975,2818.46612109576,2858.7292607486975,1304985,-0.4150875045035529,-30.55494434244747,40.2631396529373,-0.29359464316646455,2738.247412109375,2723.506884765625,58.967696885692,2856.182805880759,2620.312018337991,69.77074364096703,34.948747293012275,22.79303824626885,2838.228759765625
2838.228759765625,2855.8681501125543,2819.722351048015,2827.6103771033627,1635552,0.35551002995286574,10.61838266226232,36.14579906453946,0.25331095759721367,2747.234130859375,2725.66966796875,59.86260517784377,2866.9593412150625,2627.5089205036875,68.59118941166545,37.056568980156044,25.64574439304629,2875.848388671875
2875.848388671875,2891.7109961422934,2825.7902937443487,2830.557731356494,2273413,1.3254614793402508,45.29065731538094,65.92070239794475,0.38999738314648513,2759.0506591796875,2727.309951171875,60.79876895377333,2880.648197087234,2637.453121272141,83.39416551177342,41.28669518362858,28.773934551162746,2858.122314453125
2858.122314453125,2910.7374487634556,2838.792479065014,2904.5830353811075,3380431,-0.6163772154531455,-46.46072092798249,71.94496969844158,0.4869410001614314,2769.0967407226562,2728.1506201171874,59.67306369490865,2888.4428681124737,2649.750613332839,76.00244282319962,42.716347169655364,31.562417074861273,2837.14599609375
2837.14599609375,2848.327721428327,2818.596199844793,2830.1247749432405,1130569,-0.7339195475750127,7.021221150509518,29.73152158353423,-0.6655547768908758,2778.050915527344,2728.456171875,55.419533749412004,2888.889983026168,2667.21184802852,71.16705418891362,41.67632435887526,33.585198531664076,2861.502685546875
2861.502685546875,2883.9097269133786,2847.460457123967,2863.929787012964,1708688,0.8584926361442147,-2.4271014660889705,36.449269789411574,0.5113522482926738,2786.1642211914063,2728.4561279296877,55.15106161057213,2896.466344412551,2675.862097970262,79.79202820380533,42.32953157906786,35.33406514114483,2827.00390625
2827.00390625,2885.600136660066,2822.669871800225,2885.600136660066,1467104,-1.2056175753782927,-58.5962304100658,62.93026485984092,-0.14138567134550017,2790.6239624023438,2727.6815966796876,54.63901964993134,2899.9020017022062,2681.3459231024813,68.99616055659907,39.606876419307355,36.18862739677734,2924.259765625
2924.259765625,2932.407665621721,2841.8263469526496,2846.5937847773375,4155204,3.4402449589823636,77.66598084766247,90.5813186690716,1.8322491111741228,2799.0146484375,2730.158125,61.56098923432217,2922.1366269061446,2675.8926699688554,76.98100182304736,44.78068379220895,37.90703867586366,2930.501220703125
2930.501220703125,2946.8404060852245,2903.803522115531,2925.6903994090885,2722861,0.21343709445700298,4.8108212940364865,43.03688396969346,-0.34471063273909053,2809.2949829101562,2735.2178564453125,65.56899696283786,2940.432976835832,2678.1569889844804,75.0954710453382,48.821809246815064,40.08999279005394,2892.317626953125
2892.317626953125,2939.7752998610995,2889.0671014114832,2939.7752998610995,1355238,-1.3029714330178077,-47.457672907974484,50.70819844961625,-0.502274262255767,2816.992236328125,2737.5317041015624,65.84047261169722,2948.673181551519,2685.3112911047306,66.23102023058516,48.38557459732601,41.74910915150836,2895.87158203125
2895.87158203125,2917.9317727636685,2883.432819803857,2896.8683252020114,1497322,0.12287568436488705,-0.9967431707614196,34.498952959811504,0.10484062577938347,2825.133740234375,2740.3272119140624,64.97486673126869,2955.0834736969127,2695.1840067718376,66.54900091299254,47.77589914202372,42.95446714961143,2900.119873046875
2900.119873046875,2931.5416306193024,2893.8355215323895,2900.336574823237,1693146,0.14670163697816374,-0.21670177636178778,37.706109086912875,0.13078282426892818,2834.50830078125,2743.783037109375,61.31060380060412,2957.1295083824584,2711.8870931800416,65.60581156982875,47.092673505730545,43.78210842083526,2896.4345703125
2896.4345703125,2914.204107553681,2888.5033737051617,2910.736880774914,990310,-0.12707415195576388,-14.30231046241397,25.70073384851912,-0.41510655312654665,2843.1871704101563,2747.462744140625,56.79290478721185,2956.77297998458,2729.6013608357325,59.39217840770374,45.726729857394275,44.17103270814706,2882.5224609375
2882.5224609375,2894.874457109893,2856.3015567820694,2887.3332807186644,1682274,-0.48031844107906396,-4.810819781164355,38.57290032782339,0.6987347396269854,2851.0620849609377,2751.308447265625,50.06718195114528,2951.1964488632284,2750.927721058647,56.56582928881513,43.02564585391292,43.94195533730023,2878.665283203125
2878.665283203125,2924.6060420136537,2862.1959545729355,2896.8682253733346,1972858,-0.13381258209244073,-18.202942170209553,62.410087440718144,0.17273286040205105,2857.0343994140626,2755.23744140625,45.445828877723145,2947.926057169509,2766.142741658616,57.98478955330026,40.11139610765758,43.1758434913717,2827.7841796875
2827.7841796875,2884.733350441063,2822.4100192558253,2871.73124699857,2159420,-1.7675241304542677,-43.947067311069986,62.32333118523775,0.09456433255713281,2859.72802734375,2758.2989111328125,41.70208270400101,2943.132192751752,2776.323861935748,48.53715865268554,33.31215062877391,41.20310491885214,2838.74951171875
2838.74951171875,2845.467265896321,2809.841625554109,2838.7928943928428,2640710,0.38777117822554885,-0.043382674092754314,35.62564034221168,0.22287929166165,2862.9655883789064,2761.041416015625,36.93741843555846,2936.840425250023,2789.0907515077897,44.384778147058455,28.480208143494565,38.65852556378063,2824.490234375
2824.490234375,2858.7291063276816,2801.433086588135,2858.7291063276816,2485811,-0.5023084032207081,-34.23887195268162,57.29601973954641,-0.05865808816568274,2864.7728881835938,2763.6350390625,33.84932950951896,2932.471547202632,2797.0742291645556,44.85551740595318,23.232445232808004,35.5733094975861,2780.8466796875
2780.8466796875,2844.8604586920123,2774.649094537822,2817.1226358162826,6365067,-1.5451834159786904,-36.27595612878258,70.2113641541905,1.5605595115638318,2861.927600097656,2765.5084716796873,38.33464538513606,2938.5968908679283,2785.258309327384,41.94671326776213,15.37465573816371,31.533578745701625,2767.801025390625
2767.801025390625,2804.9869544453836,2763.6836928709663,2804.1201475991397,1892226,-0.46912526289802914,-36.31912220851473,41.30326157441732,-0.7027170334577781,2858.3195190429688,2768.4942236328125,43.55174998005491,2945.4230190030785,2771.216019082859,36.14829261813951,8.00237923020859,26.82733884260302,2762.98974609375
2762.98974609375,2785.916741043818,2752.1112796559187,2785.916741043818,1809339,-0.17383038927792915,-22.926994950068092,33.80546138789941,-0.04380396421991872,2855.0602905273436,2771.360458984375,48.125343229604866,2951.310976986553,2758.809604068134,39.626411224596374,1.7513781563598059,21.81214670535438,2786.394287109375
2786.394287109375,2792.851956478102,2760.7800997463546,2762.5137136237463,2044279,0.8470730319833253,23.8805734856287,32.071856731747175,0.12984852479275588,2852.4685668945312,2774.4748291015626,50.420496838934035,2953.3095605723993,2751.627573216663,20.628502414956387,-1.299059619982927,17.189905440286918,2782.39794921875
2782.39794921875,2807.503464302064,2774.623139694448,2803.8114955031597,2232968,-0.14342327319264436,-21.413546284409676,32.880324607615876,0.09230100196695257,2847.796044921875,2776.716552734375,52.42986778928675,2952.6557805004486,2742.936309343301,18.14264183047038,-3.992995833521036,12.953325185525328,2775.318115234375
2775.318115234375,2797.0790558997232,2772.8857169254143,2791.128386115713,1256526,-0.2544508051539829,-15.810270881338056,24.193338974308972,-0.43728436771149426,2843.6558349609377,2778.5449658203124,54.787878687563584,2953.2315923360648,2734.0800775858106,20.94533311345647,-6.62289847440843,9.038080453538576,2766.457275390625
2766.457275390625,2779.66144992292,2758.9863835986816,2762.461177532685,1597058,-0.31927294370727166,3.9960978579401853,20.675066324238287,0.27101070729933174,2840.1213989257812,2779.826103515625,57.445588079642,2955.0125750850652,2725.2302227664973,18.687658088396006,-9.314736502816686,5.367517062267525,2784.873291015625
2784.873291015625,2792.8652736430404,2741.742289476744,2766.456927895607,1811945,0.6656895007496333,18.416363120018104,51.12298416629619,0.13455178208931673,2836.289929199219,2781.258193359375,58.49044321905544,2953.2708156373296,2719.3090427611082,23.90466482102265,-9.848491700255181,2.3243153097629836,2794.03857421875
2794.03857421875,2801.509254252244,2771.1482833453642,2771.1482833453642,2859334,0.3291095229608354,22.890290873385766,30.36097090687963,0.5780467950186126,2834.6416625976562,2783.26865234375,59.225758145797236,2953.093178889251,2716.1901463060617,27.375884382437278,-9.423308745290342,-0.0252095012476814,2790.998291015625
2790.998291015625,2815.929897607345,2785.612190203211,2805.8963866869444,1776193,-0.10881321507792974,-14.898095671319425,30.317707404134126,-0.37880884149945404,2827.9785888671877,2785.8221142578127,56.02232947345689,2940.0232478141015,2715.933929920274,28.75744996243145,-9.22532977688843,-1.865233556375831,2777.70703125
2777.70703125,2800.901239619414,2771.886793507054,2779.8353002348217,1259611,-0.4762188428567016,-2.128268984821716,29.01444611236002,-0.2908366376852065,2820.3388793945314,2788.7325390625,51.54485162058633,2923.428582635704,2717.249176153359,27.5509240208506,-10.025357520533362,-3.4972583492073372,2765.023681640625
2765.023681640625,2788.5220170674083,2746.0860130641854,2779.835032590563,1121367,-0.4566122152798613,-14.81135094993806,42.43600400322293,-0.10975134386727325,2813.9741821289062,2791.0744482421874,50.02589141211894,2914.025964953144,2713.9223993046685,33.18880784126,-11.549687972050833,-5.107744273776037,2777.923583984375
2777.923583984375,2783.7003430905816,2721.1105855038863,2769.410297866369,1660654,0.4665385844397463,8.513286118005908,62.589757586695214,0.48091927085423425,2808.0767822265625,2793.34572265625,46.70516787793477,2901.487117982432,2714.666446470693,33.8741351076706,-11.58329155226238,-6.402853729473305,2776.186279296875
2776.186279296875,2801.943101003976,2771.408438285911,2780.0519446070157,1731997,-0.06253968602721871,-3.8656653101406846,30.534662718065192,0.04296078532915337,2801.8801025390626,2795.699560546875,41.81612522635463,2885.512352991772,2718.2478520863533,36.2831649808307,-11.616204229182586,-7.445523829415162,2751.559326171875
2751.559326171875,2800.2499249067837,2747.1290905819374,2796.3407812238056,2999943,-0.8870785548020677,-44.78145505193061,53.12083432484633,0.7320717068216631,2794.636340332031,2797.940390625,36.82488402812672,2868.2861083882844,2720.9865722757777,40.676311531089844,-13.47415538797577,-8.651250141127285,2796.687744140625
2796.687744140625,2801.4655856823283,2751.168029558959,2762.461109566621,2608669,1.640103396626924,34.22663457400404,50.297556123369304,-0.13042714478241757,2790.3446044921875,2800.7301318359373,30.502137735386324,2851.34887996296,2729.340329021415,57.63626788378829,-11.176275741227073,-9.156255261147244,2853.58837890625
2853.58837890625,2858.0188272717473,2796.297739967991,2805.0282046384414,3804735,2.034572321662953,48.560174267808634,61.72108730375612,0.4584966509741175,2789.0907592773438,2804.6406494140624,26.994168843875386,2843.0790969650943,2735.102421589593,68.77840098291438,-4.70949574334054,-8.266903357585903,2844.07470703125
2844.07470703125,2871.221528430555,2832.9988039003333,2866.704339766619,2929598,-0.3333932793294636,-22.629632735368887,38.22272453022151,-0.23001260271740342,2789.9052856445314,2807.537412109375,28.430712214426993,2846.7667100733856,2733.043861215677,62.68593244092205,-0.3481861425079842,-6.68315991457032,2852.762451171875
2852.762451171875,2879.735582529227,2834.128910407723,2844.9876418652243,2534521,0.305468211476545,7.774809306650695,45.606672121503834,-0.13485706912689044,2790.6059326171876,2809.8364794921877,29.83573383598982,2850.2774002891674,2730.9344649452078,65.16270500557133,3.765801665857907,-4.593367598484675,2875.21826171875
2875.21826171875,2887.553737675778,2836.30052753051,2842.859243449068,2292362,0.7871601975709686,32.35901826968211,51.253210145267985,-0.09554428627736755,2793.142333984375,2812.211923828125,34.63773645635336,2862.417806897082,2723.866861071668,70.1893956961893,8.737443078820434,-1.9272054630236533,2886.42431640625
2886.42431640625,2898.846746739973,2875.391888435514,2887.466712136198,1510489,0.38974622680649773,-1.0423957299481117,23.454858304458867,-0.34107745635287967,2798.4212158203127,2815.44251953125,40.25490895908976,2878.9310337384923,2717.911397902133,74.01716737358343,13.42696201756462,1.1436280330940014,2896.153564453125
2896.153564453125,2910.052739110011,2880.2565531069713,2880.2565531069713,2040777,0.3370692240768136,15.897011346153704,29.796186003039566,0.35107041494509383,2804.8388427734376,2818.5981396484376,45.06077381769148,2894.9603904088203,2714.717295138055,73.08088061040746,17.72419508137409,4.45974144275002,2905.100830078125
2905.100830078125,2918.8263057183526,2890.2462163086793,2910.1393226656196,1929707,0.3089361605274288,-5.038492587494602,28.580089409673292,-0.05442534877647087,2811.9443969726562,2822.039326171875,49.1347955814321,2910.2139881355206,2713.674805809792,73.05651319343993,21.60272998086657,7.888339150373331,2911.65966796875
2911.65966796875,2925.7760160270755,2889.290685660942,2889.290685660942,1310205,0.22576971589824968,22.368982307807983,36.48533036613344,-0.3210342295488382,2818.207666015625,2826.0199462890623,53.496724431678665,2925.201114878982,2711.214217152268,74.68861303294453,24.918495332360635,11.294370386770792,3008.651123046875
3008.651123046875,3023.071606925265,2916.6560115665447,2919.479282463817,4363584,3.3311398356453026,89.17184058305793,106.41559535872011,2.330458973977355,2829.5203247070312,2831.7358251953124,67.59124069264004,2964.702806092311,2694.3378433217513,85.19773977664182,34.96955582386772,16.02940747419018,3016.94580078125
3016.94580078125,3035.5360721585707,2985.2817893003003,3005.696199906602,2083489,0.27569423622553213,11.249600874647967,50.25428285827047,-0.5225280411698274,2841.601708984375,2837.5742578125,78.16116049811562,2997.924029980606,2685.2793879881438,88.9155481469469,43.107488554441716,21.44502369024049,3086.529541015625
3086.529541015625,3093.2619550301024,3008.303191243384,3024.8954190032327,4336019,2.306429907237839,61.634122012392254,84.95876378671846,1.0811336176960857,2857.605322265625,2844.12046875,93.27232833852982,3044.149978942685,2671.0606655885654,90.56742077149507,54.54294802239838,28.06460855667207,3093.0439453125
3093.0439453125,3122.970560983455,3072.2386622953213,3104.5976757575286,2631309,0.21105919157122788,-11.553730445028577,50.7318986881337,-0.39315095252119514,2873.0138549804688,2850.503115234375,105.30351038385498,3083.6208757481786,2662.406834212759,91.13550368963107,63.40044911046334,35.13177666743033,3092.1318359375
3092.1318359375,3105.596660619908,3040.4442831243855,3045.6564733240275,2836148,-0.029489053215114858,46.4753626134725,65.15237749552261,0.07784680552531076,2887.9185180664062,2856.8657861328124,114.25280640507589,3116.424130876558,2659.4129052562544,97.11536058330456,69.54481361267426,42.014384056479116,3159.80419921875
3159.80419921875,3190.729954177487,3094.2174549932124,3109.9409844692086,3744176,2.188534217550031,49.863214749541385,96.51249918427447,0.32016241747609797,2906.3588134765623,2864.2949853515624,126.85420038791803,3160.0672142523986,2652.650412700726,97.28472665099544,78.96460607857853,49.404428460899005,3138.781494140625
3138.781494140625,3185.821646910204,3122.449919318279,3176.830532268057,2511141,-0.6653167016906547,-38.04903812743214,63.37172759192481,-0.32932079047566143,2924.4125366210938,2870.31556640625,133.1200601741298,3190.6526569693533,2658.172416272834,90.96541745307997,83.76787890371133,56.27711854946148,3178.568115234375
3178.568115234375,3212.2301853260205,3133.4392662639175,3136.0018846668745,2123263,1.2675817404945944,42.5662305675005,78.79091906210306,-0.15446285174747254,2945.0897583007813,2877.08767578125,139.04511935547066,3223.1799970117227,2666.99951958984,94.20270684454195,89.75036865277616,62.97176857012442,3189.73046875
3189.73046875,3203.412469252929,3168.9249713334366,3179.436307347297,1902533,0.3511755328484467,10.29416140270314,34.4874979194924,-0.10395791760135231,2965.6801025390623,2884.318798828125,143.41009671778104,3252.5002959746244,2678.8599091035003,94.24037653430227,94.30515242719002,69.23844534153754,3231.688720703125
3231.688720703125,3239.811136714947,3171.7052574467757,3184.648780586405,3944728,1.3154168467898186,47.03994011672012,68.10587926817152,1.0734084507338375,2988.455224609375,2892.187998046875,147.83369268338853,3284.122609976152,2692.787839242598,94.52095477904834,100.14610964355052,75.41997820194014,3215.313720703125
3215.313720703125,3249.2364387035072,3203.412593965281,3227.214847440969,2033114,-0.5067010289418361,-11.901126737844152,45.8238447382264,-0.4845996986357488,3011.6429443359375,2898.9773046875,145.0649431310684,3301.7728305980745,2721.5130580738005,90.55266065209081,102.27482416185512,80.79094739392315,3289.283447265625
3289.283447265625,3304.616103294764,3217.181470574093,3222.3501843175904,3207480,2.300544612061195,66.93326294803455,87.43463272067083,0.5776193563174519,3036.2727294921874,2907.60052734375,148.4266434491367,3333.126016390461,2739.419442593914,91.8446292125021,108.67781430326932,86.3683207757924,3227.171630859375
3227.171630859375,3315.5617081836626,3220.2655198145953,3297.579690643702,2643336,-1.8883084234617598,-70.40805978432718,95.2961883690673,-0.17588387145048445,3054.9518920898436,2915.4010400390625,147.73188686072422,3350.415665811292,2759.488118368395,80.79576778270808,107.50111963745985,90.5948805481259,3332.978759765625
3332.978759765625,3352.437520105116,3233.2956131746023,3243.7199945174543,3403717,3.278633460163194,89.25876524817068,119.14190693051387,0.28765960891842735,3079.3970947265625,2924.8305615234376,151.40532752316366,3382.2077497728897,2776.5864396802353,83.8592563031294,113.79457860534421,95.23482015956957,3337.583251953125
3337.583251953125,3350.483297959247,3305.0070568599826,3322.771899500522,1746812,0.13814946086916358,14.811352452602932,45.47624109926437,-0.48679282090726106,3103.638134765625,2935.0421484375,152.02010956419448,3407.678353894014,2799.5979156372364,81.04448929934192,117.79585690448039,99.74702750855172,3346.226806640625
3346.226806640625,3368.4655743015705,3313.216261819144,3344.2287575634564,1723693,0.2589764519713933,1.9980490771686163,55.249312482426376,-0.013234967472172121,3127.1885620117187,2943.4814892578124,151.25324413678575,3429.69505028529,2824.682073738147,81.05696399862023,120.27787296116003,103.85319659907339,3314.8671875
3314.8671875,3361.8203932780334,3308.22172747331,3356.6516785812037,1585039,-0.9371635861141092,-41.78449108120367,53.59866580472362,-0.08044007836662326,3148.610705566406,2951.16880859375,145.59334375867246,3439.797393083751,2857.424018049061,73.20975589419021,118.3501623851057,106.75258975627985,3278.59814453125
3278.59814453125,3314.0845607693886,3262.831352621186,3309.741068553439,4147175,-1.0941326127790751,-31.142924022189163,51.2532081482027,1.616449816061308,3167.7329345703124,2958.8944189453123,135.45244777135477,3438.637830113022,2896.8280390276027,67.7851526046264,112.59787104299585,107.92164601362305,3293.58349609375
3293.58349609375,3308.612022962336,3270.649939914643,3292.1067510211997,1441148,0.45706582209521507,1.4767450725503295,37.96208304769334,-0.6524988697125151,3187.1570678710937,2966.8486572265624,123.09960643269848,3433.3562807364906,2940.9578550056967,68.80167266542772,108.00333611563974,107.93798403402639,3340.4501953125
3340.4501953125,3346.5743506812473,3272.3875762084303,3272.3875762084303,1691473,1.4229698222114173,68.06261910406965,74.18677447281698,0.17369832938740504,3208.5965942382813,2975.655263671875,109.14106003474525,3426.878714307772,2990.3144741687906,67.5410905580616,106.91147608327356,107.73268244387583,3375.67529296875
3375.67529296875,3384.8835815661164,3322.771641085691,3344.445625451803,1991188,1.0545015071824704,31.229667516946847,62.111940480425346,0.1771917139676482,3226.947802734375,2985.240078125,104.51023918077203,3435.968281095919,3017.9273243728308,72.38543899192311,107.64764508937424,107.71567497297552,3435.31201171875
3435.31201171875,3457.420348161301,3358.388710048138,3372.374842019018,2461369,1.7666604034522582,62.93716969973184,99.0316381131629,0.2361308927132948,3247.86611328125,2996.295869140625,102.10642028823501,3452.07895385772,3043.6532727047797,73.38393961400888,111.75500697347707,108.52354137307584,3390.790771484375
3390.790771484375,3458.9401238604128,3381.0613910627826,3413.984978155691,2946666,-1.29598825616134,-23.194206671315897,77.87873279763016,0.19716547986100408,3263.0791748046877,3006.53837890625,99.43469789692915,3461.948570598546,3064.209779010829,67.26332245951035,110.14791228308331,108.84841555507735,3325.247802734375
3325.247802734375,3427.0157522153695,3305.3979561925175,3405.2982886398604,6477148,-1.9329700110428116,-80.0504859054854,121.61779602285196,1.1981276466352142,3274.6893676757813,3016.4876513671875,91.79925215591999,3458.287871987621,3091.0908633639415,57.72043506395653,102.40504671615827,107.55974178729355,3321.46875
3321.46875,3362.7319291879166,3307.873703164557,3308.87262161632,2002008,-0.11364725153016897,12.596128383680025,54.85822602335975,-0.6909121113181296,3286.156213378906,3026.1420361328123,81.54631826856838,3449.248849916043,3123.063576841769,58.94581172546517,94.87022707418828,105.0218388446725,3355.739013671875
3355.739013671875,3363.209906018723,3319.861721221568,3351.438998276078,1568129,1.0317804035300693,4.3000153957968905,43.34818479715477,-0.21672191120115403,3295.9529541015627,3036.76701171875,77.22272997756103,3450.398414056685,3141.5074941464404,56.001878605069585,90.61954637041026,102.14138034982005,3355.043701171875
3355.043701171875,3385.1877076595533,3346.6173684546684,3355.3478304693117,1744067,-0.020720100614712855,-0.3041292974367025,38.57033920488493,0.1121961267217173,3306.766064453125,3048.2509521484376,68.73060757392365,3444.2272796009725,3169.304849305278,62.98967599467878,86.20107306835735,98.95331889352752,3361.211669921875
3361.211669921875,3369.6814802938434,3331.458746307525,3361.863193796642,2003869,0.18384168134220058,-0.6515238747670082,38.22273398631842,0.14896331390938533,3315.8982421875,3060.1191650390624,62.66691744522867,3441.232077077957,3190.5644072970426,53.59593172947518,82.2489895203862,95.61245301889927,3362.9921875
3362.9921875,3426.49391383993,3348.8323610402954,3379.2368053039554,2320754,0.05297249185638453,-16.244617803955407,77.66155279963459,0.1581365847767493,3324.561328125,3072.1192138671877,55.92017796606242,3436.401684057125,3212.720972192875,53.25970048653555,78.35735293467042,92.16143300205351,3333.15283203125
3333.15283203125,3391.399111754299,3303.573604226205,3387.92431758242,1673362,-0.887285899136514,-54.77148555116992,87.82550752809402,-0.27895761463731183,3329.6345336914064,3083.054384765625,51.477130439294754,3432.588794569996,3226.680272812817,48.40925685313809,72.03504117986904,88.13615463761661,3282.94189453125
3282.94189453125,3344.489268897925,3258.7052908969717,3344.489268897925,2253075,-1.506409697673572,-61.54737436667483,85.78397800095308,0.34643609691148725,3333.0159423828127,3093.065263671875,45.43953760750423,3423.895017597821,3242.136867167804,46.28594734671573,62.25531996251857,82.95998770259702,3294.017578125
3294.017578125,3306.2663111425195,3233.425861046127,3266.132485042677,2489161,0.33737068609711596,27.885093082322783,72.84045009639249,0.10478390643897795,3333.252648925781,3103.4392529296874,45.21149170844473,3423.6756323426707,3242.8296655088916,51.90552910579702,54.767213198995705,77.32143280187677,3279.814453125
3279.814453125,3305.397579887502,3257.7061201389893,3305.397579887502,2252412,-0.43117939304029296,-25.58312676250216,47.6914597485129,-0.0951119674460591,3335.8847900390624,3113.706396484375,39.93507606576193,3415.754942170586,3256.0146379075386,48.29512958079256,47.14332227943805,71.28581069738902,3240.419189453125
3240.419189453125,3309.7413740348698,3235.9019995485273,3285.200640749703,1578374,-1.2011430596123862,-44.78145129657787,73.83937448634242,-0.29925164667920434,3331.2568115234376,3122.817314453125,45.29335253169475,3421.8435165868273,3240.670106460048,37.38076890619389,37.49030041388687,64.5267086406886,3277.85986328125
3277.85986328125,3286.8507648768555,3220.655986222067,3235.727988977081,1356860,1.15542686421517,42.13187430416883,66.19477865478848,-0.14034316328069263,3328.270642089844,3132.493740234375,46.79807348879635,3421.8667890674365,3234.6744951122514,37.728867049147986,32.48687207344619,58.11874132724012,3329.982177734375
3329.982177734375,3335.8024155737935,3250.3225635085573,3261.0943406416723,1877966,1.5901324836061992,68.88783709270274,85.47985206523617,0.38405288681219885,3327.4584106445313,3143.27341796875,46.61061832574967,3420.6796472960305,3234.2371739930322,36.532250663193736,32.35449179644502,52.9658914210811,3310.5234375
3310.5234375,3350.961400083982,3296.7112144787197,3332.3278573755915,1678154,-0.5843496810428617,-21.80441987559152,54.25018560526223,-0.10639809240422882,3327.2412231445314,3153.92974609375,46.68244123887143,3420.6061056222743,3233.8763406667886,39.033983228189875,30.329798719738847,48.43867288081266,3381.756591796875
3381.756591796875,3387.0557379288393,3318.472027970927,3327.1155363599523,1647233,2.15171877323026,54.64105543692267,68.58370995791256,-0.018425603371323485,3332.3991455078126,3166.264404296875,46.72396496592553,3425.8470754396635,3238.9512155759617,57.60196272916571,34.08027886030686,45.56699407671151,3418.892822265625
3418.892822265625,3466.0197111429757,3387.9238086943383,3409.6412690064817,2934339,1.0981343411536892,9.251553259143293,78.09590244863739,0.7813745839234645,3338.6646118164062,3179.0837890625,49.56061108909776,3437.785833994602,3239.5433896382106,62.026785999526226,39.59274431996528,44.37214412536227,3201.67529296875
3201.67529296875,3264.1346306074806,3179.436526420061,3261.9628843462647,11845402,-6.353446586047983,-60.28759137751467,84.69810418741963,3.0368212398090337,3331.725866699219,3187.5935693359374,58.25027253284706,3448.226411764913,3215.225321633525,36.89882670854314,26.132534074420164,40.72422211517385,3173.225830078125
3173.225830078125,3220.265775386487,3153.897285836865,3219.3970767689025,5752877,-0.8885805176153672,-46.17124669077748,66.3684895496217,-0.5143367021228997,3321.6033935546875,3196.0268994140624,67.12526038020634,3455.8539143151,3187.352872794275,35.23560745017713,13.019505827240664,35.18327885758722,3175.2666015625
3175.2666015625,3192.857745560252,3166.4059195953646,3170.7494119404887,3545655,0.06431220447757902,4.517189622011301,26.451825964887576,-0.38367272583787204,3308.601123046875,3203.5984765625,69.097123529023,3446.795370104921,3170.4068759888287,34.79856725941059,2.7601918964123797,28.698661465352252,3143.28076171875
3143.28076171875,3194.2406932053873,3140.4520744563747,3155.0742541878826,6442299,-1.0073434409573756,-11.793492469132616,53.788618749012585,0.8169559644127813,3296.225622558594,3209.39232421875,75.47270696378587,3447.1710364861656,3145.280208631022,32.88342811495521,-7.860764269366882,21.386776318408426,3174.35205078125
3174.35205078125,3179.1826196778484,3134.5764074412764,3136.3171376748987,3590107,0.9884986871331991,38.03491310635127,44.60621223657199,-0.44272890780139207,3288.6808349609373,3215.99787109375,79.83498263362891,3448.350800228195,3129.0108696936795,37.6523598501991,-13.613823513702755,14.38665635198619,3163.037841796875
3163.037841796875,3211.7349483513485,3155.248115175907,3193.370156269083,3135441,-0.35642577771392014,-30.332314472208054,56.48683317544146,-0.12664413623326543,3280.7592895507814,3222.20337890625,84.15366937461766,3449.066628300017,3112.451950801546,40.07653839548205,-18.868620806294985,7.735600920329956,3141.01806640625
3141.01806640625,3159.426208492171,3114.4283625664993,3143.759632251714,2933693,-0.6961590879392077,-2.7415658454638105,44.997845925671754,-0.06434437771273638,3270.0232421875,3227.519375,87.70625539473347,3445.435752976967,3094.610731398033,37.56280260156974,-24.527163493403805,1.283048037583204,3074.5654296875
3074.5654296875,3139.7992665819975,3056.070167017759,3136.883670314862,4871211,-2.115640066813773,-62.318240627361774,83.72909956423837,0.6604365214765144,3255.9993286132812,3231.282197265625,95.47588079404781,3446.9510902013767,3065.047567025186,34.62180655999673,-33.98204786122824,-5.7699711421790845,3045.27783203125
3045.27783203125,3099.8932567069073,3033.2231871659847,3098.5005871767303,2691670,-0.9525768218641151,-53.22275514548028,66.67006954092267,-0.4474330920996853,3240.20263671875,3234.2646826171876,102.99219063816241,3446.1870179950747,3034.2182554424253,35.15426177045819,-43.338793570863345,-13.283735627915936,3040.142822265625
3040.142822265625,3058.9428001547594,3002.760670331834,3048.890037151424,2595594,-0.16862204530612157,-8.747214885799167,56.18212982292562,-0.03569382576616009,3224.060168457031,3236.9655224609373,107.91700155378881,3439.8941715646088,3008.2261653494534,30.980340986470637,-50.58531826973467,-20.744052156279686,3031.134765625
3031.134765625,3071.519637034841,3024.519903285937,3041.49202936193,3878763,-0.2963037320040107,-10.35726373692978,46.999733748903964,0.4943642958028105,3208.959265136719,3239.3550244140624,112.86549084576244,3434.6902468282437,2983.228283445194,24.317452724293418,-56.40491543511416,-27.876224812046583,3037.35791015625
3037.35791015625,3056.0707678303984,3031.4829432120405,3031.4829432120405,2510813,0.2053074182588155,5.874966944209518,24.5878246183579,-0.35267687146649584,3196.680065917969,3239.92916015625,117.6506385701173,3431.9813430582035,2961.3787887777344,25.97804440070385,-59.82520464270283,-34.26602077817783,2978.085693359375
2978.085693359375,3061.9454848556675,2972.297848431525,3061.9454848556675,2424942,-1.9514399866634724,-83.85979149629247,89.64763642414255,-0.03420047610076893,3180.8834716796873,3239.1519580078125,124.88100504590321,3430.645481771494,2931.1214615878807,13.73868914728341,-66.55141770204364,-40.72310016295099,2957.28369140625
2957.28369140625,3012.3342965071097,2947.0133383911043,2959.2855740900413,3960501,-0.6985024641671611,-2.0018826837913366,65.32095811600539,0.6332353516084097,3164.75693359375,3236.567041015625,132.0522745454826,3428.861482684715,2900.652384502785,7.280528336161339,-72.72224099320647,-47.12292832900209,3025.738037109375
3025.738037109375,3034.963994875041,2970.513397796722,2992.2725316859896,2020718,2.314771014429584,33.465505423385366,64.45059707831888,-0.48978222704652774,3154.0228759765623,3235.2209228515626,134.2847206497204,3422.592317276003,2885.4534346771215,27.531302010225417,-71.26744259266343,-51.95183118173436,3032.527099609375
3032.527099609375,3058.1159699944874,3019.9503620137025,3041.056723071079,3087414,0.22437707484042058,-8.529623461703977,38.1656079807849,0.5278796942472923,3141.756237792969,3234.028828125,133.5805599241452,3408.9173576412595,2874.5951179446783,30.979253166812995,-68.77390105272025,-55.31624515593154,3039.533935546875
3039.533935546875,3063.59945676912,3016.7304018088594,3049.934760835741,1537639,0.23105600403052762,-10.400825288866145,46.869054960260655,-0.5019653988742683,3127.2338256835938,3231.6234228515623,127.69905809805724,3382.6319418797084,2871.835709487479,31.89371778663181,-65.47757360558262,-57.34851084586176,3053.807861328125
3053.807861328125,3057.8116276703154,3050.631112213607,3057.550475519028,328991,0.46960902835526674,-3.7426141909031685,7.180515456708235,-0.7860414570650198,3114.398046875,3229.9239501953125,121.03394161464021,3356.4659301042807,2872.3301636457195,37.47264519666403,-61.010136955268536,-58.08083606774312,3048.672119140625
3048.672119140625,3088.056149799711,3029.9157040300906,3088.056149799711,2526082,-0.16817502674403295,-39.384030659085965,58.14044576962033,6.6782708341565575,3097.7438232421873,3227.3260302734375,104.03115124815476,3305.806125738497,2889.6815207458776,31.025122909035147,-57.22442514499153,-57.90955388319281,3051.23974609375
3051.23974609375,3076.7414931890703,3042.7972447493607,3053.2416288846557,1782692,0.08422115769697314,-2.001882790905711,33.944248439709554,-0.294285775362795,3079.3611694335937,3224.5562158203124,71.77986763895454,3222.9209047115028,2935.8014341556845,32.66309018562619,-53.40145647520876,-57.007934401596,3032.614013671875
3032.614013671875,3063.4248618840948,3029.0454307612417,3044.5379763984556,1516489,-0.6104316268729759,-11.923962726580612,34.37943112285302,-0.14932641196572372,3070.90810546875,3220.5747216796876,66.36823293477727,3203.6445713383046,2938.1716395991953,33.01057651617012,-51.283502907464026,-55.86304810276961,3036.0087890625
3036.0087890625,3055.026359573033,2990.57575404018,3028.8718347089134,1284514,0.11194221801127391,7.136954353586589,64.45060553285293,-0.1529684686140157,3064.047253417969,3216.988623046875,62.195669257738096,3188.438591933445,2939.655914902493,42.46870225221702,-48.768901899779394,-54.44421886217157,3068.95166015625
3068.95166015625,3076.0014917098492,3033.832334714238,3051.500793099573,1747259,1.0850716642333058,17.450867056676998,42.16915699561105,0.36024909031742736,3058.7315063476562,3212.5819873046876,56.46931662387889,3171.670139595414,2945.7928730998983,54.559123607127745,-43.61508060252163,-52.27839121024158,3092.669677734375
3092.669677734375,3106.8566774427045,3070.6493887689817,3070.6493887689817,1809157,0.7728377701758049,22.02028896539332,36.207288673722815,0.035425772595820026,3056.2009521484374,3209.8919482421875,53.53898701514711,3163.2789261787316,2949.1229781181432,59.43999733231774,-37.1881128778964,-49.26033554377255,3095.36669921875
3095.36669921875,3112.0343202233034,3082.8335253882506,3106.3333856890645,2013204,0.08720690424173227,-10.966686470314471,29.200794835052875,0.11278567863375044,3052.2516845703126,3205.13970703125,46.861710792116725,3145.975106154546,2958.528262986079,61.81153902790299,-31.513796133320284,-45.7110276616821,3065.340087890625
3065.340087890625,3100.981724160532,3051.8494229995854,3090.319747069226,1632914,-0.9700502152363288,-24.979659178601196,49.132301160946554,-0.18889789609001373,3047.366796875,3199.69484375,39.165552763033666,3125.6979024010675,2969.0356913489327,54.73140606746118,-29.104260030459955,-42.38967413543767,3025.12841796875
3025.12841796875,3064.425535995087,3004.152743208787,3059.4642841407654,2136598,-1.3118175722402814,-34.33586617201536,60.272792786300215,0.30845715083586756,3041.572314453125,3193.2728759765623,32.603950860254265,3106.7802161736336,2976.364412732616,58.502324949278254,-30.09254290625495,-39.930247889601134,3010.071533203125
3010.071533203125,3060.1611031208754,2994.3180473828165,3027.4788407337737,3167936,-0.4977271270928396,-17.407307530648723,65.84305573805887,0.4827010041196331,3038.347619628906,3187.176962890625,32.357472946807334,3103.062565522521,2973.6326737352915,59.74300903650018,-31.725022657411955,-38.289202843163295,3015.1630859375
3015.1630859375,3029.6981444091452,2966.0310056960593,2998.408553382316,2153461,0.16915055599882045,16.75453255518414,63.66713871308593,-0.32023216378108643,3036.8418823242187,3181.90826171875,32.71669855022181,3102.275279424662,2971.408485223775,47.45228961611713,-32.23632853882509,-37.07862798229566,2996.928466796875
2996.928466796875,3040.2291345019407,2980.130376324549,3022.0819355023136,2161746,-0.6047639421452811,-25.153468705438627,60.098758177391574,0.003847295121667038,3034.6811645507814,3175.9751611328124,33.893079114309536,3102.4673227794005,2966.8950063221623,41.87186022087991,-33.72417224016681,-36.40773683386989,2999.191650390625
2999.191650390625,3014.074981759771,2988.877949258958,2997.450919820738,1849619,0.07551677054771222,1.7407305698870914,25.197032500813293,-0.14438652829703402,3033.0840087890624,3169.149990234375,34.809244056993364,3102.702496903049,2963.465520675076,40.5848018524765,-34.32500183641514,-35.99118983437894,3000.01904296875
3000.01904296875,3037.5752247190135,2969.599602458624,2981.0014741153645,1941251,0.02758718596782561,19.017568853385455,67.97562226038963,0.04954101358171603,3031.2170654296874,3161.636865234375,35.561142414177425,3102.339350258042,2960.094780601333,36.6059497769472,-34.338566336231,-35.66066513474936,3048.019287109375
3048.019287109375,3071.8238631118234,2964.8558400184647,3000.2796653058103,2981745,1.5999979817836518,47.73962180356466,106.96802309335862,0.5359914817815934,3034.7137451171875,3153.8910107421875,33.436616176051324,3101.58697746929,2967.840512765085,49.86603528572459,-30.1287917953955,-34.55429046687859,3071.6494140625
3071.6494140625,3101.764136483824,3038.4450650200015,3038.4450650200015,5588446,0.7752617266255868,33.20434904249851,63.31907146382264,0.8742199618008917,3040.43203125,3147.50818359375,28.98002326613809,3098.392077782276,2982.471984717724,53.85494366851856,-24.602162961780778,-32.56386496585903,3113.992919921875
3113.992919921875,3124.6113337667334,3076.741243695098,3076.741243695098,2102118,1.3785266529936502,37.25167622677691,47.87009007163533,-0.623845698786389,3044.844775390625,3143.2830859375,33.05723734993707,3110.959250090499,2978.7303006907505,64.10680489299534,-16.613987049661773,-29.373889382619584,3170.653564453125
3170.653564453125,3175.092512337047,3110.7726037312136,3123.914991843836,3152938,1.8195495618747781,46.738572609288894,64.31990860583346,0.4998863051455722,3051.7510986328125,3140.2667822265626,43.21611428086627,3138.183327194545,2965.31887007108,69.70194073967167,-5.646174027137022,-24.628346311523075,3168.521240234375
3168.521240234375,3190.7155548684677,3160.165861043513,3173.743431912985,2486263,-0.06725188278706717,-5.222191678610216,30.54969382495483,-0.21144564212807226,3058.2004638671874,3136.5224267578124,50.33526481423008,3158.870993495648,2957.529934238727,66.01343938885884,2.841085799580469,-19.134459889302367,3077.959716796875
3077.959716796875,3183.796220721799,3065.4265416572375,3168.5212674324416,1849642,-2.858163684924553,-90.56155063556662,118.3696790645613,-0.2560553730639116,3059.408056640625,3130.9807470703126,50.51373252972055,3160.435521700066,2958.380591581184,48.052884801824185,2.2339902237945353,-14.860769866682986,3119.824462890625
3119.824462890625,3131.574394610258,3067.4285135724954,3100.6764260141867,1484458,1.3601460040327362,19.148036876438255,64.14588103776259,-0.19743496309015474,3062.965673828125,3126.1530029296873,52.1954098086192,3167.3564934453634,2958.5748542108868,52.93325361331379,5.072524828889982,-10.874110927568394,3156.72802734375
3156.72802734375,3173.743712566218,3134.185649600943,3134.185649600943,1428660,1.1828731036659823,22.54237774280682,39.558062965274985,-0.037588129808994286,3068.240087890625,3122.0277197265623,56.12971254542468,3180.4995129814743,2955.980662799776,60.78242389292382,10.182515489213074,-6.6627856442121,3134.838134765625
3134.838134765625,3163.560188891332,3103.7225761294426,3142.018648297052,1567957,-0.6934361271707101,-7.180513531427096,59.83761276188943,0.09750185488499707,3073.3512939453126,3118.06142578125,57.355742205468886,3188.0627783562504,2958.6398095343748,63.52903631760063,12.323827105864439,-2.8654630941967922,3165.344970703125
3165.344970703125,3169.87082834413,3111.6434673176273,3120.2599998939336,1510718,0.9731550601983718,45.08497080919142,58.22736102650288,-0.03650546539222699,3079.8181030273436,3115.7094873046876,60.14715446447447,3200.1124119562924,2959.523794098395,68.44496208922257,16.294644178245107,0.9665583602915877,3141.714599609375
3141.714599609375,3187.278316464804,3134.7952366964664,3176.833930938431,1883864,-0.7465338316190229,-35.11933132905597,52.483079768337575,0.24699910903292333,3083.45625,3112.663427734375,61.637436528315256,3206.7311230566306,2960.1813769433697,64.39888598947879,17.33494539638332,4.240235767509934,3154.02978515625
3154.02978515625,3163.777833920644,3113.0354949388247,3137.6668751812713,1747007,0.3919893152740883,16.36290997497872,50.7423389818191,-0.07264696389972947,3086.5242553710937,3110.147734375,63.615531672098975,3213.7553187152917,2959.2931920268957,68.11887120671585,18.934854936881948,7.179159601384337,3107.5087890625
3107.5087890625,3153.3334364504094,3096.8901625623257,3150.7223405880436,1603233,-1.4749700942169541,-43.21355152554361,56.443273888083695,-0.08229732336504658,3087.1313598632814,3107.4895263671874,63.76212860984543,3214.655617082972,2959.6071026435907,61.33528732760114,16.261486883505313,8.995625057808532,3117.301025390625
3117.301025390625,3140.6702105630893,3107.2047010293086,3117.649086578987,2072320,0.31511532204158144,-0.3480611883619531,33.46550953378073,0.2925881640410346,3089.7294067382813,3104.278349609375,63.88596917240937,3217.5013450831,2961.9574683934625,62.047401437601856,14.762798721040326,10.14905979045489,3119.694091796875
3119.694091796875,3178.0085695838147,3110.4245734298493,3135.4911377231397,4333992,0.07676725432539389,-15.797045926264673,67.58399615396547,1.0913719888820261,3094.4576904296873,3100.072587890625,62.333730563034436,3219.125151555756,2969.7902293036186,58.123723663894005,13.61127570056442,10.841502972476796,3095.802001953125
3095.802001953125,3138.5370197477364,3055.1124274458575,3123.7408108360028,2312310,-0.7658471997806893,-27.938808882877765,83.42459230187887,-0.46647109639334816,3098.7442138671877,3095.7781591796875,59.088552337993484,3216.9213185431745,2980.567109191201,52.735863823234816,10.648049349971188,10.802812247975677,3140.539306640625
3140.539306640625,3169.1742414013142,3104.0708713088916,3118.2143081191102,2340989,1.4450957993849656,22.32499852151477,65.10337009242267,0.012402748766385141,3105.0130249023437,3090.9538134765626,56.34141616246447,3217.6958572272724,2992.330192577415,52.990799908461184,11.773875809906258,10.997024960361793,3160.078857421875
3160.078857421875,3165.344610059244,3138.754907271951,3154.203891564243,1224328,0.6221718269831422,5.874965857632105,26.589702787292936,-0.477003950039919,3113.170544433594,3085.7775341796873,51.4688562146332,3216.1082568628603,3010.2328320043275,48.699872730765534,14.080468958388792,11.613713759967194,3187.887451171875
3187.887451171875,3194.676344094909,3159.4265438127013,3175.0931217159045,1792861,0.8799968293413896,12.794329455970455,35.249800282207616,0.46436330787174684,3122.605334472656,3085.50177734375,46.5340524123916,3215.6734392974395,3029.5372296478727,52.23961421400055,17.9455170068195,12.880074409337656,3195.023681640625
3195.023681640625,3224.7032213873817,3172.3072763209016,3207.295916548583,2209923,0.22385452993727295,-12.272234907958136,52.39594506648018,0.23262372264219033,3132.35556640625,3085.937734375,39.37580096505194,3211.107168336354,3053.6039644761463,66.77467429786877,21.338453184643186,14.571750164398761,3216.95751953125
3216.95751953125,3220.3518594675843,3179.531808732032,3195.1112638122977,1534135,0.6865000098954521,21.846255718952307,40.820050735552286,-0.30579707980775805,3140.8024780273436,3086.771552734375,38.44099817928905,3217.6844743859215,3063.9204816687657,64.7618736656666,25.503271125100582,16.758054356539127,3226.05224609375
3226.05224609375,3242.1104418915284,3214.998650306945,3229.0549636020323,1456218,0.28271205035450553,-3.0027175082823305,27.111791584583443,-0.05078888103067858,3148.5226196289063,3088.426982421875,39.316436533438115,3227.1554926957824,3069.8897465620303,61.5083514498921,29.20117480850604,19.24667844693251,3215.739013671875
3215.739013671875,3237.7157401092845,3207.296511756607,3213.6066609317045,1456923,-0.31968584620297724,2.132352740170518,30.419228352677692,0.00048413081008469305,3153.6099243164062,3089.2547216796875,41.15311047826066,3235.9161452729277,3071.303703359885,63.96700554684471,30.942907873719378,21.585924332289885,3249.726318359375
3249.726318359375,3255.1661012826416,3202.9441852192836,3204.1192633273176,1966475,1.0569049460482205,45.60705503205736,52.221916063358094,0.3497453194163316,3157.5635620117187,3090.9884912109374,46.34722614358088,3250.2580142988804,3064.869109724557,64.39489352911582,34.666125801607905,24.20196462615349,3253.73046875
3253.73046875,3272.573794030178,3247.5943503878843,3257.6035521515405,1207141,0.1232150033066981,-3.873083401540498,24.979443642293518,-0.3861396661539048,3161.8240234375,3093.2427392578124,51.08208804476397,3263.988199527028,3059.6598473479717,70.48057943429629,37.507540724401224,26.86307984580304,3322.837158203125
3322.837158203125,3333.4991332376317,3259.5180819777884,3263.8699085224853,2346158,2.1239217604792637,58.967249680639725,73.9810512598433,0.9435658303379639,3174.0678955078124,3098.208173828125,58.70173234891325,3291.471360205639,3056.664430809986,75.55673833575433,44.8190684895244,30.454277574547312,3381.15185546875
3381.15185546875,3384.9813780824193,3317.571622986017,3334.456838580845,2488606,1.754967050421441,46.695016887904785,67.40975509640248,0.06071543348742914,3187.1342651367186,3104.925654296875,73.26907526728216,3333.672415671283,3040.596114602154,90.00001427498765,54.68859950060141,35.301141959758134,3360.43701171875
3360.43701171875,3368.3138605317376,3318.180732029534,3363.9620338385444,1733031,-0.612656415194579,-3.5250221197943574,50.13312850220382,-0.30361375002712365,3197.319714355469,3111.3315380859376,82.4088733023619,3362.1374609601926,3032.5019677507453,84.44083550112015,60.14543997081137,40.27000156196878,3313.87255859375
3313.87255859375,3337.8511668408105,3283.0181489761508,3317.8327634933953,1810293,-1.385666595226076,-3.960204899645305,54.83301786465972,0.044582006900049764,3206.271435546875,3116.9862939453124,84.94926567835668,3376.1699669035884,3036.372904190162,74.4466308522011,60.02078094495528,44.22015743856608,3353.953125
3353.953125,3363.875205729341,3304.2551748321043,3324.7958836123003,2460591,1.2094782070695587,29.15724138769974,59.620030897236575,0.35922251259878935,3215.7018432617188,3123.3181982421875,90.45715215047468,3396.616147562668,3034.7875389607693,81.22774324064913,62.4364262540289,47.86341120165865,3376.88671875
3376.88671875,3462.312983509929,3360.4802487008137,3462.312983509929,3937092,0.6837780045002795,-85.42626475992893,101.83273480911521,0.600059497901114,3227.46044921875,3131.29421875,95.47901028916101,3418.4184697970722,3036.5024286404278,80.18235137496204,65.4469601001233,51.38012098135158,3408.263916015625
3408.263916015625,3416.184326457029,3356.1291115460645,3356.1291115460645,1906106,0.929175298993723,52.13480446956055,60.05521491096442,-0.5158594211158896,3240.172155761719,3140.3138232421875,101.89640462294506,3443.964965007609,3036.3793465158287,80.76393714093417,69.56283044403472,55.01666287388821,3359.52294921875
3359.52294921875,3419.665276673529,3339.200046881566,3416.1838154603215,3203744,-1.4300819419481692,-56.66086624157151,80.46522979196334,0.6807795579049645,3252.7728637695313,3146.989521484375,100.19563873675648,3453.1641412430445,3052.381586296018,70.2256057879919,68.10660808644798,57.634651916400166,3392.59619140625
3392.59619140625,3414.442441398795,3356.9983422062587,3410.090615702391,6684507,0.9844624575400251,-17.494424296141005,57.444099192536214,1.0864672707931722,3266.5376220703124,3154.1909033203124,99.51268814936253,3465.5629983690374,3067.5122457715875,71.94082359594856,68.8278707661284,59.87329568634581,3453.740234375
3453.740234375,3461.4430528434973,3359.653866015669,3375.146411994142,3348123,1.8022788306970794,78.593822380858,101.78918682782842,-0.4991219247732106,3283.2399291992188,3162.475029296875,101.58097142401947,3486.4018720472577,3080.07798635118,74.18866652101521,73.48618688285978,62.59587392564861,3498.128662109375
3498.128662109375,3518.886959817252,3448.6485215692674,3475.10754208303,3442604,1.2852277450567273,23.021120026345216,70.2384382479845,0.028219094698731295,3303.3562622070312,3171.3614453125,102.34257107775464,3508.0414043625406,3098.671120051522,75.92471022621268,79.83937252711075,66.04457364594104,3473.280029296875
3473.280029296875,3517.755570912798,3464.0540716471287,3511.0102394918767,2389041,-0.7103407339373313,-37.730210195001746,53.7014992656691,-0.30603665132556634,3319.993298339844,3179.853603515625,101.5238995501997,3523.0410974402434,3116.9454992394444,73.87828072612167,81.92486210919242,69.22063133859132,3413.16259765625
3413.16259765625,3498.0416342208123,3409.5443196960337,3498.0416342208123,3102539,-1.7308547290612486,-84.87903656456228,88.49731452477863,0.2986545647395755,3332.6474853515624,3187.092060546875,96.17425587255546,3524.9959970966734,3140.2989736064515,64.45292681294434,77.82948347870251,70.94240176661356,3336.3486328125
3336.3486328125,3417.827148146218,3322.790627955417,3409.108201339722,6176776,-2.250521697867447,-72.7595685272222,95.03652019080073,0.9908777939616553,3340.0705444335936,3193.1667529296874,89.94046488014439,3519.9514741938824,3160.1896146733047,56.47255851246144,67.6062980857555,70.27518103044194,3342.408447265625
3342.408447265625,3358.1461897142185,3288.0023012626775,3319.3032369219345,3112358,0.1816301328202874,23.105210343690487,70.14388845154099,-0.4961193347467999,3347.4397827148437,3199.29474609375,83.2172860208765,3513.874354756597,3181.0052106730905,51.7013426693108,59.30964175892905,68.08207317613936,3288.220947265625
3288.220947265625,3356.4901482873624,3260.9742313837155,3348.076447569016,3258414,-1.6212111971033893,-59.85550030339118,95.51591690364694,0.046927763451376725,3351.0029541015624,3203.6801318359376,78.74159698551425,3508.486148072591,3193.519760130534,41.86307903509151,47.81086951701127,64.02783244431374,3286.955810546875
3286.955810546875,3321.3956518901114,3245.36647509271,3286.607137805823,3330501,-0.03847480868954811,0.34867274105181423,76.0291767974013,0.022123339759772653,3354.048132324219,3207.5658544921876,74.73054676582375,3503.509225855866,3204.5870387925715,43.3392067481863,38.156084124645986,58.8534827803802,3181.76220703125
3181.76220703125,3255.1320717987264,3160.7060320416385,3253.0396093535915,5718297,-3.2003351909414057,-71.27740232234146,94.42603975708789,0.7169479907077043,3352.3492919921873,3209.2937646484374,78.3392569333946,3509.0278058589765,3195.670778125398,39.17525979424504,21.765453874399554,51.43587699918407,3217.335205078125
3217.335205078125,3251.9930207471753,3178.928199480695,3178.928199480695,3143862,1.1180281784812118,38.407005597429816,73.06482126648007,-0.45021008877293367,3350.729736328125,3212.3336669921873,80.86656133398137,3512.4628589960876,3188.9966136601624,38.72261957303765,11.513484674961092,43.451398534339475,3257.6162109375
3257.6162109375,3276.579918555537,3244.6684909350897,3268.7328671273835,2739393,1.251999039322893,-11.116656189883543,31.911427620447284,-0.12865354777022653,3350.9240234375,3216.9834228515624,80.62555747600965,3512.1751383895194,3189.672908485481,40.42871081122383,6.563406884411506,36.07380020435389,3313.7666015625
3313.7666015625,3320.1751129374843,3257.74736547893,3287.0431133861125,2105169,1.7236650049958113,26.72348817638749,62.42774745855422,-0.23151990240173648,3350.470495605469,3223.05732421875,80.8171484212301,3512.104792447929,3188.8361987630087,42.70670775390318,7.0895775897138265,30.27695568142588,3362.200439453125
3362.200439453125,3369.00126096906,3313.7666442800282,3337.525775843539,1984212,1.4615947263089568,24.674663609585878,55.234616689031554,-0.057457144770799884,3349.5229248046876,3229.9980712890624,80.54913702402979,3510.621198852747,3188.424650756628,50.206746414315525,11.284694668166594,26.478503478774023,3334.6484375
3334.6484375,3385.1310537087656,3327.193695504169,3357.666371624586,1960538,-0.8194633975363574,-23.01793412458619,57.93735820459642,-0.011931184772594916,3348.23349609375,3236.752470703125,80.57163748798179,3509.376771069714,3187.0902211177863,45.48699683762361,12.244986301255722,23.631800043270363,3326.19091796875
3326.19091796875,3334.735528375889,3286.171037442491,3326.539803558479,2307366,-0.253625522742984,-0.34888558972897954,48.56449093339779,0.17690450274363467,3348.8494140625,3243.2924560546876,80.34190120912315,3509.533216480746,3188.1656116442537,39.178304991499104,12.183133614701546,21.3420667575566,3294.89013671875
3294.89013671875,3340.9262203657618,3274.9672572822224,3305.352873326484,1919149,-0.941039826695067,-10.46273660773386,65.9589630835394,-0.16825115738032026,3345.8962646484374,3249.1898779296876,81.22507216789778,3508.3464089842328,3183.446120312642,32.36495008806244,9.498905984327394,18.97343460291076,3263.894287109375
3263.894287109375,3312.938365711903,3244.3202929778845,3305.832508802573,2946443,-0.9407248291514403,-41.9382216931981,68.61807273401837,0.5352862127953588,3340.2466430664062,3253.5073779296877,82.86904260382475,3505.9847282740557,3174.508557858757,32.02332823014325,4.815025610103476,16.141752804349306,3278.80419921875
3278.80419921875,3293.9750843631887,3266.2053612919385,3269.6056660386375,1638721,0.4568135729230205,9.198533180112463,27.769723071250155,-0.44383074778639875,3333.7736572265626,3257.6504736328125,82.3308856135388,3498.4354284536403,3169.111885999485,37.49396663857916,2.279841375660453,13.369370518611536,3287.348388671875
3287.348388671875,3304.3066986400545,3276.580403583315,3304.3066986400545,2112459,0.26058858455655365,-16.958309968179492,27.726295056739673,0.2890900891609982,3330.164929199219,3261.1175830078123,82.72368112388926,3495.6122914469975,3164.7175669514404,44.77502989899684,0.9491925856686976,10.88533493202297,3221.607421875
3221.607421875,3271.7850066553174,3217.2915854918374,3271.7850066553174,3851488,-1.9998174523703338,-50.177584780317375,54.49342116347998,0.8232249714669018,3321.6154907226564,3262.13666015625,84.74300247014483,3491.101495662946,3152.129485782367,38.57318435702584,-5.348449174738107,7.638578110670754,3255.436767578125
3255.436767578125,3307.3145011357815,3234.729268889145,3246.9357944321227,5951745,1.0500766006876106,8.500973146002252,72.58523224663668,0.545310539718675,3311.7003173828125,3263.874970703125,79.93504440287529,3471.570406188563,3151.830228577062,46.774655329778554,-7.522910735208825,4.6062803414948394,3328.719970703125
3328.719970703125,3343.716518513038,3267.8616718088306,3300.9936738175647,3931683,2.2511020289151196,27.72629688556026,75.85484670420738,-0.3394066782094999,3303.2298828125,3268.89017578125,67.08274183721132,3437.3953664869227,3169.064399138077,53.5988346798862,-3.294864007826618,3.0260514716305478,3324.62255859375
3324.62255859375,3360.3702498190937,3318.4320196014232,3351.564026102961,3256906,-0.12309272469409605,-26.94146750921118,41.93823021767048,-0.17162548455712223,3295.797009277344,3272.9861376953127,54.25933481341528,3404.3156789041745,3187.2783396505133,64.90770387792494,-0.271602563385386,2.366520664627361,3299.42431640625
3299.42431640625,3343.716615581994,3294.890505941162,3334.9976674318455,3134372,-0.7579279074060752,-35.57335102559546,48.82610964083233,-0.03762282362463021,3290.1100952148436,3275.8400634765626,46.751914716706786,3383.613924648257,3196.60626578143,58.755711288104116,0.0900285654606705,1.911222244794023,3307.881591796875
3307.881591796875,3327.1069146820982,3276.2319808945354,3286.1714964542043,3688883,0.25632578836773945,21.710095342670684,50.874933787562895,0.1769129509834826,3288.6867431640626,3279.3009326171873,45.69141009577879,3380.06956335562,3197.303922972505,55.75183363495816,1.0469862780200856,1.7383750514392355,3242.9248046875
3242.9248046875,3337.438310386208,3230.8491917697265,3321.9185433848156,7465922,-1.9636974694154596,-78.99373869731562,106.5891186164813,1.0238977489933947,3283.7125610351563,3280.852529296875,44.94422153525863,3373.6010041056734,3193.8241179646393,42.053770849513256,-3.3969299989621504,0.7113140413589585,3126.96337890625
3126.96337890625,3198.022804045737,3112.664389545629,3182.4159725046347,5408531,-3.5758283884237185,-55.45259359838474,85.35841450010776,-0.27557092077843837,3275.6496826171874,3280.5575048828123,56.953100891881434,3389.55588440095,3161.7434808334247,27.08513780580904,-16.090403440698083,-2.64902945505245,3107.258056640625
3107.258056640625,3158.786900421603,3100.1519878434424,3148.4114396987115,2426203,-0.6301743857492048,-41.15338305808655,58.634912578160765,-0.5514118343779484,3266.664794921875,3279.6220703125,68.14952807309855,3402.963851068072,3130.365738775678,27.505621233894047,-27.42400060922273,-7.6040236858865065,2965.88037109375
2965.88037109375,3037.550282100594,2956.682052765938,3028.962034594024,5039136,-4.54991774000656,-63.08166350027386,80.86822933465601,1.0769638814229476,3255.870703125,3276.789501953125,94.36083520408519,3444.5923735331703,3067.14903271683,21.778349924045287,-47.26906731640156,-15.537032411989518,3069.723388671875
3069.723388671875,3077.78841497173,3018.499572983606,3023.7309413943226,2549723,3.501254419773847,45.9924472775524,59.288841988124204,-0.4940158392232319,3248.4901123046875,3275.83794921875,102.91840223131526,3454.326916767318,3042.653307842057,34.16327563688914,-53.99474419110584,-23.228574767812784,3098.887939453125
3098.887939453125,3107.2145759792743,3013.1806523150753,3042.9123451891032,3288942,0.9500709702012555,55.975594264021765,94.03392366419894,0.2899212973330829,3240.5536987304686,3275.421826171875,108.16399441693788,3456.8816875643442,3024.225709896593,38.3645830320609,-56.32230755835417,-29.84732132592106,3091.86962890625
3091.86962890625,3114.3645570939316,3056.863138182847,3097.4062459767724,2761341,-0.22647835881776102,-5.536617070522425,57.501418911084784,-0.1604166324611379,3229.458850097656,3275.3431787109375,111.58533534829051,3452.629520794237,3006.288179401075,36.66995818976443,-58.063912661124505,-35.490639592961756,3090.343994140625
3090.343994140625,3120.1629680415476,3077.8760681867343,3106.4306242742628,1928039,-0.04934343774917194,-16.086630133637755,42.28689985481333,-0.30177439150036156,3215.8660278320312,3274.3392724609375,111.1215009493399,3438.109029730711,2993.6230259333515,35.80985454806357,-58.888424131366264,-40.17019650064266,3072.862060546875
3072.862060546875,3104.9912513670993,3040.340346833838,3052.93918222262,2370257,-0.5656953927102082,19.92287832425518,64.65090453326138,0.2293615429978335,3202.776708984375,3272.5949365234374,111.80952787436972,3426.3957647331144,2979.1576532356357,38.48542130407124,-60.25788595021504,-44.18773439055714,3038.4658203125
3038.4658203125,3093.4824622131614,2991.950364784815,3008.0367797732265,3054130,-1.1193551665073298,30.4290405392735,101.53209742834633,0.2885227213757833,3188.3904541015627,3269.60650390625,113.59062102501778,3415.571696151598,2961.209212051527,33.21871545649449,-63.38798618652572,-48.02778474975086,3138.777587890625
3138.777587890625,3146.6682782658586,3016.7559553338515,3016.7559553338515,3300992,3.301395293227549,122.02163255677351,129.9123229320071,0.0808289103607247,3180.584826660156,3268.48158203125,111.22628717433284,3403.0374010088217,2958.1322523114904,35.89876598524344,-57.11589538325461,-49.84540687645161,3167.245361328125
3167.245361328125,3185.903826231776,3136.249456406327,3143.1809779872883,2719654,0.906970074825586,24.064383340836685,49.65436982544861,-0.1761100905424794,3175.7523803710938,3267.4873388671876,109.50243366808321,3394.7572477072604,2956.747513034927,38.72439660670312,-49.28003723886013,-49.73233294893332,3157.0869140625
3157.0869140625,3212.059914730972,3151.8991834290077,3212.059914730972,2005441,-0.3207344587084715,-54.973000668472196,60.16073130196446,-0.2626117145783986,3169.6665161132814,3266.1080322265625,106.82322928800649,3383.3129746892946,2956.0200575372683,39.57733254768926,-43.38959673963927,-48.463785707074514,3138.079833984375
3138.079833984375,3173.5661198059825,3132.5870674744247,3141.654687525225,1623423,-0.6020448785702515,-3.5748535408501994,40.979052331557796,-0.1904907698605942,3162.203088378906,3264.5548486328125,103.32561823338973,3368.854324845686,2955.5518519121265,37.755434024819124,-39.7963452238082,-46.73029761042125,3176.312744140625
3176.312744140625,3180.9774664485976,3121.383371952632,3121.383371952632,1765688,1.2183536486930713,54.92937218799307,59.59409449596569,0.08763273650798342,3159.9383544921875,3263.0865771484373,102.44770461556871,3364.833763723325,2955.04294526105,45.00398629315753,-33.477681314623624,-44.07977435126173,3133.50244140625
3133.50244140625,3190.262874496947,3126.091336067845,3190.262874496947,3651133,-1.347798727104177,-56.760433090697006,64.17153842910193,1.0678245533752282,3153.8416381835937,3260.6820166015623,100.06593169736749,3353.9735015783285,2953.709774788859,50.550888941908205,-31.560716004875303,-41.57596268198445,3187.559814453125
3187.559814453125,3198.109825687102,3152.9892740297114,3174.1327209416286,3090475,1.725142202940666,13.427093511496423,45.12055165739048,-0.1535572656487726,3146.7836303710938,3257.9764697265623,91.71144616139833,3330.2065226938903,2963.360738048297,56.39494868347068,-25.386884752701917,-38.33814709612795,3202.25146484375
3202.25146484375,3234.7295445021614,3191.3964177054013,3223.046239918665,3600452,0.460905873013262,-20.794775074914924,43.3331267967601,0.16501573382732437,3140.665075683594,3254.3984619140624,82.87913197565086,3306.4233396348955,2974.906811732292,73.58206919397111,-19.088544740462567,-34.48822662499487,3162.100341796875
3162.100341796875,3238.173151385832,3151.8992167802776,3222.5226847081344,2413831,-1.2538404147106608,-60.42234291125942,86.27393460555459,-0.3295755644013585,3133.798876953125,3250.431728515625,74.27620581036696,3282.3512885738587,2985.246465332391,60.55796702714105,-17.139353182014474,-31.018451936398797,3226.8388671875
3226.8388671875,3235.6014520923454,3160.6185027848965,3173.6969241757306,2907611,2.0473267256862826,53.1419430117694,74.98294930744896,0.2045627883642227,3129.7467407226563,3248.6910546875,66.03244507813122,3261.8116308789185,2997.681850566394,63.524064968732084,-10.252561722644714,-26.865273893647984,3236.822021484375
3236.822021484375,3251.993118025489,3217.291664008723,3232.985769686814,1596195,0.3093787668913439,3.83625179756109,34.70145401676609,-0.45102869675482726,3129.4416015625,3246.3484326171874,65.49382118151192,3260.429243925524,2998.4539591994762,65.22564653061184,-3.9437120972042976,-22.280961534359246,3269.474609375
3269.474609375,3276.7548028095052,3221.6510972508927,3226.010570995481,1879046,1.0087853973401506,43.464038379519025,55.103705558612546,0.17720328656586437,3136.5671630859374,3244.2001904296876,72.57917665526175,3281.725516396461,2991.408809775414,67.66083411280978,3.648826239896607,-17.095003979508075,3232.505859375
3232.505859375,3295.325913070277,3201.597235823272,3278.2366923518357,1690133,-1.1307244868638655,-45.7308329768357,93.72867724700473,-0.10053665530274403,3142.829553222656,3240.685029296875,75.27069042906403,3293.370934080784,2992.2881723645282,65.15717870608563,6.606740022640679,-12.354655179078325,3232.72412109375
3232.72412109375,3237.3452058404378,3192.181015230141,3221.651100344847,1760990,0.006752090429062996,11.073020748903218,45.16419061029683,0.04192391959686015,3156.171740722656,3238.149052734375,65.2354443723221,3286.6426294673,3025.700851978012,69.72366903742748,8.866314547680759,-8.11046123372651,3230.67529296875
3230.67529296875,3245.1922553919017,3218.163518176117,3221.433123484478,2689063,-0.06337775969286197,9.242169484271926,27.02873721578453,0.52701775705711,3164.2193359375,3234.910634765625,63.924209562980224,3292.0677550634605,3036.3709168115397,61.65661973418622,10.37215656675562,-4.413937673630083,3253.518798828125
3253.518798828125,3259.142477223061,3231.416182436141,3259.142477223061,1583455,0.7070814547377013,-5.623678394936178,27.726294786920334,-0.41114990611971536,3171.95087890625,3230.9062060546876,64.94955709471301,3301.8499930956764,3042.051764716824,61.10161653530642,13.256020079693371,-0.8799461229653924,3260.842529296875
3260.842529296875,3273.6593387691028,3243.6226090320506,3260.886166604706,2168110,0.22510183347912438,-0.04363730783097708,30.036729737052156,0.369227417261621,3180.399523925781,3226.1604833984375,64.97431930891291,3310.348162543607,3050.450885307955,63.44933133579038,15.948620760217636,2.4857672536712134,3277.234375
3277.234375,3280.9399276687727,3250.4672488832616,3267.8615064848686,1387014,0.5026874360185563,9.372868515131358,30.472678785511107,-0.36026585366978614,3189.74404296875,3222.2395703125,64.77985815874237,3319.3037592862347,3060.184326651265,68.16105233844137,19.18406914708612,5.825427632354195,3287.348388671875
3287.348388671875,3295.7620876915726,3258.3578888264396,3280.067982512089,1472994,0.3086142922529067,7.280406159785798,37.40419886513291,0.06198928056962649,3200.468359375,3219.7232861328125,62.110750690711384,3324.689860756423,3076.246857993577,65.63910281186256,22.307158641709975,9.121773834225351,3326.104248046875
3326.104248046875,3344.239702036937,3288.7871089041378,3288.7871089041378,2314947,1.1789398260479977,37.31713914273723,55.45259313279939,0.5715929596454568,3214.8502807617188,3219.5183984375,55.58299734352303,3326.0162754487646,3103.684286074673,77.44090738649842,27.59144650197959,12.8157083677762,3274.269775390625
3274.269775390625,3321.308450856893,3253.1697538188087,3321.308450856893,2051729,-1.558413951898463,-47.03867546626816,68.1386970380845,-0.11370368306488221,3221.624890136719,3218.155625,54.0592449748327,3329.743380086384,3113.5064001870537,62.43273669751362,27.282181946969104,15.709003083614782,3212.19091796875
3212.19091796875,3265.681745359496,3207.7007452082726,3265.681745359496,2494829,-1.8959603722472407,-53.490827390745835,57.98100015122327,0.21596419410165768,3223.87216796875,3216.6350244140626,52.59402552725292,3329.0602190232557,3118.6841169142444,51.25465348487463,21.776813034638053,16.922565073819438,3213.498779296875
3213.498779296875,3230.370027745647,3175.8766062249715,3217.291606580685,2296773,0.04071555401046201,-3.7928272838098565,54.49342152067538,-0.07938660325016267,3226.692761230469,3215.1658837890627,50.28587801566474,3327.2645172617986,3126.1210051991393,57.19341669525427,17.319651821412208,17.001982423337992,3222.871337890625
3222.871337890625,3236.7782280173724,3187.734153364789,3217.2912972094496,2291660,0.2916621177556644,5.580040681175433,49.04407465258328,-0.0022261668871934592,3230.932336425781,3215.98806640625,45.79565221422974,3322.5236408542405,3139.341031997322,49.34289427354457,14.377867490079552,16.477159436686307,3218.250732421875
3218.250732421875,3260.0144049645387,3180.9772326058187,3211.1882999423365,4483476,-0.14336921906954458,7.062432479538529,79.03717235872,0.9564315823464213,3233.0292358398438,3216.006376953125,44.091517831168346,3321.2122715021806,3144.846200177507,46.86858324674747,11.540605056456116,15.48984856064027,3192.834716796875
3192.834716796875,3234.5986001579863,3187.2546759280217,3232.113615146046,1621672,-0.7897462857368254,-39.27889834917096,47.343924229964614,-0.6383002830839286,3235.995849609375,3214.7107470703127,38.71024449893966,3313.416338607254,3158.575360611496,36.75403159450206,7.158673355681003,13.823613519648418,3076.08837890625
3076.08837890625,3147.5401125729736,3071.2493203707204,3147.5401125729736,3820792,-3.656510538313973,-71.45173366672361,76.29079220225321,1.356081871056539,3230.4222778320313,3209.9571826171873,51.84705909136928,3334.11639601477,3126.7281596492926,28.809397495042077,-5.6691425191720555,9.925062311884323,3027.13134765625
3027.13134765625,3107.04063053991,2998.5767941194913,3095.2264139082035,3170014,-1.5915352623063206,-68.09506625195354,108.46383642041883,-0.170325419441833,3221.6662719726564,3203.25580078125,68.85319547191445,3359.3726629164853,3083.9598810288276,25.396469232585147,-19.560224201531128,4.028005009201234,3101.1552734375
3101.1552734375,3111.9230458257116,3034.1937144086005,3051.631609318995,2640370,2.4453489881951285,49.52366411850517,77.7293314171111,-0.16707938829292235,3218.6190185546875,3198.5859375,72.86020272070675,3364.339423996101,3072.898613113274,36.77791369208729,-24.315599255569396,-1.6407158437528917,3163.800537109375
3163.800537109375,3177.184205558116,3110.3969880999252,3121.3829461849764,2280996,2.0200621429198984,42.41759092439861,66.78721745819075,-0.13610743948764759,3215.4671020507812,3195.3381298828126,73.84278538433374,3363.1526728194485,3067.781531282114,41.52943443509432,-22.766876634560504,-5.865948001914415,3149.763671875
3149.763671875,3153.6435612476985,3113.972346971566,3122.3426223823985,1581465,-0.4436709922048365,27.42104949260147,39.67121427613256,-0.3066778722978909,3211.1141845703123,3192.4356005859377,75.0734140530494,3361.261012676411,3060.9673564642135,39.64399180403616,-22.413788313326222,-9.175516064196778,3093.656982421875
3093.656982421875,3124.870857781857,3080.49149910498,3102.201593746609,1960694,-1.7812983861016374,-8.544611324733978,44.37935867687702,0.23979601192565125,3202.3233032226562,3189.0308544921877,78.11226593813697,3358.54783509893,3046.0987713463824,34.064914979170226,-26.357471683966196,-12.611907188150662,3091.999755859375
3091.999755859375,3128.2704422488705,3067.4557959973617,3117.153786482466,1943469,-0.05356852979875315,-25.154030623090875,60.81464625150875,-0.008785154644222914,3195.297998046875,3185.294765625,81.49982107196551,3358.297640190806,3032.298355902944,32.79047319165629,-29.279082464423027,-15.945342243405136,3104.991455078125
3104.991455078125,3111.3126918404437,3057.124519775637,3091.7386978183854,1727648,0.4201714179999705,13.25275725973961,54.18817206480662,-0.11104936585044578,3188.9113647460936,3181.647626953125,83.3953713150603,3355.7021073762144,3022.1206221159728,29.594438341127457,-30.19805413576978,-18.795884621878066,3125.1328125
3125.1328125,3142.6577715972885,3084.8076749252646,3128.358780932987,1703660,0.6486767423766748,-3.225968432986974,57.85009667202394,-0.013884772824093838,3183.634240722656,3179.718134765625,83.95095323918984,3351.536147201036,3015.7323342442764,35.3816612495866,-28.96719084592587,-20.83014586668763,3092.3486328125
3092.3486328125,3159.0922091212788,3083.7605984504776,3136.2049751491727,2051115,-1.049049165410465,-43.8563423366727,75.33161067080118,0.2039462099245155,3175.575732421875,3176.4563720703127,84.62235242686006,3344.820437275595,3006.3310275681547,37.537397404675964,-30.287991025867086,-22.721714898523523,3088.599853515625
3088.599853515625,3093.4389119139187,3045.3103646568115,3068.9822217914025,1324161,-0.12122757625376845,19.61763172422252,48.12854725710713,-0.35441893799226276,3166.9635986328126,3171.6539697265625,84.25178679005961,3335.467172212932,2998.4600250526933,37.07715422863454,-31.27669161188669,-24.432710241196155,3033.97607421875
3033.97607421875,3091.2595227230418,3021.3772363341036,3085.1998961485874,2305825,-1.768561221509446,-51.22382192983741,69.88228638893816,0.7413479176625803,3154.80068359375,3165.8410400390626,85.04989725952028,3324.9004781127906,2984.7008890747093,32.12910587208134,-36.05233752362574,-26.756635697682075,3063.3154296875
3063.3154296875,3080.40465472383,3038.8589482486464,3062.182136619397,1612262,0.9670265931910782,1.1332930681028301,41.54570647518358,-0.30078735376708987,3143.5990356445313,3161.1188623046874,81.34634682008321,3306.291729284698,2980.906342004365,35.99691612867352,-37.042626191741874,-28.813833796494038,2992.86572265625
2992.86572265625,3029.398024101116,2985.803290699171,3015.8836567465128,2010812,-2.299786249515834,-23.01793409026277,43.59473340194472,0.2471992765443829,3126.937109375,3154.818544921875,75.94572786178267,3278.8285650985654,2975.045653651435,33.2872327878941,-43.01627484085793,-31.65432200536682,3003.764404296875
3003.764404296875,3013.2679710271254,2918.1007532108174,2962.6980803096562,2481830,0.3641553831874589,41.066323987218766,95.16721781630804,0.23424268405002557,3113.4118408203126,3150.0353369140626,72.32720280274717,3258.066246425807,2968.757435214818,42.65604106125821,-46.33685943688624,-34.5908294916707,2998.228271484375
2998.228271484375,3020.941173809357,2983.6240334480644,2994.08677114572,1622685,-0.18430649236605978,4.141500338655078,37.317140361292786,-0.34617399257805737,3102.7137084960937,3147.460634765625,72.77008093204222,3248.253870360178,2957.173546632009,46.78127737506097,-48.852030505006496,-37.443069694337865,2974.905029296875
2974.905029296875,3006.685551881528,2948.8788846185103,2994.958609506086,1841769,-0.7779008159359724,-20.05358020921085,57.80666726301797,0.13501326505144262,3090.7840209960937,3144.81357421875,73.2082777127315,3237.2005764215564,2944.367465570631,34.15068467119906,-52.1264313681495,-40.37974202910019,2971.984130859375
2971.984130859375,3007.7754550444442,2920.934860508519,2945.2606403315326,2807195,-0.09818459442352268,26.723490527842387,86.84059453592545,0.5241840860607383,3078.2396606445313,3144.9356494140625,70.84034000450586,3219.920340653543,2936.5589806355197,21.671608727255943,-54.33081788707159,-43.169957200694476,2977.433349609375
2977.433349609375,2999.230718747237,2948.8787960387763,2994.958519542189,2187823,0.18335288851034637,-17.52516993281415,50.351922708460734,-0.22063732658401003,3066.1987915039062,3143.0898486328124,66.0971705733181,3198.3931326505426,2934.00445035727,23.88704616365817,-55.00405120945152,-45.53677600244589,2944.214111328125
2944.214111328125,2990.5988675166236,2935.32082782278,2977.520446813198,1195813,-1.1157004836265472,-33.30633548507285,55.278039693843766,-0.45342333452020567,3053.7677612304688,3139.9963720703126,64.3840767940276,3182.535914818524,2924.9996076424136,25.667388023984458,-57.554654145895256,-47.94035163113577,3009.431884765625
3009.431884765625,3022.858978236571,2921.1959692768205,2938.2851908443163,1754076,2.2151165292825903,71.14669392130872,101.66300895975064,0.4668480774167867,3050.4349365234375,3138.3476171875,64.89107598433371,3180.2170884921047,2920.6527845547703,38.8615677683087,-53.694538860107514,-49.09118907693012,3006.990478515625
3006.990478515625,3047.271971010071,3001.977083999657,3021.1151300571946,1866781,-0.0811251539654001,-14.12465154156962,45.29488701041373,0.06425320225577447,3049.4278930664063,3136.680546875,65.42583750553047,3180.279568077467,2918.5762180553456,36.392296927883365,-50.25308448964506,-49.32356815947311,2844.076904296875
2844.076904296875,2968.8014850294667,2816.2199109090097,2961.826327355389,4642963,-5.417828070382546,-117.74942305851391,152.58157412045693,1.4871492692501156,3036.573974609375,3132.10484375,78.64614500783293,3193.866264625041,2879.281684593709,22.054590411697788,-59.98005824545544,-51.45486617666958,2871.1494140625
2871.1494140625,2889.371929206205,2851.139472106869,2885.971624824438,3065125,0.9518909184460966,-14.822210761938095,38.23245709933599,-0.33983428254758874,3021.9414184570314,3128.758515625,80.92087083682036,3183.783160130672,2860.099676783391,27.753464051260494,-64.75774279368488,-54.11544150007265,2896.2158203125
2896.2158203125,2911.1687272094014,2848.479592070727,2881.4372497585723,2293690,0.8730442981207398,14.778570553927693,62.689135138674374,-0.25168141592920357,3009.264025878906,3123.9072802734377,79.69337003103028,3168.6507659409667,2849.8772858168454,31.44701531930002,-65.76336360447795,-56.44502592095371,2866.789794921875
2866.789794921875,2898.9192000018056,2855.9783857074317,2890.4616510569685,1711510,-1.0160163197868943,-23.67185613509355,42.94081429437392,-0.2538180835248006,2997.9206665039064,3117.8981689453126,83.12100584647875,3164.162678196864,2831.678654810949,33.05341233219711,-68.14917836085306,-58.78585640893358,2780.461181640625
2780.461181640625,2890.357885421766,2768.523667729061,2890.357885421766,3548046,-3.0113339120353078,-109.89670378114079,121.8342176927049,1.0730501136423394,2982.3437377929686,3110.365654296875,93.14896642854342,3168.6416706500554,2796.0458049358817,24.298287530075925,-76.12839065838807,-62.25436325882448,2832.512451171875
2832.512451171875,2845.2840141320803,2791.784115402644,2800.956745054903,2813186,1.872037267592308,31.555706116972033,53.499898729436154,-0.20711681866582343,2968.7197875976562,3104.254306640625,94.18698661486792,3157.093760827392,2780.3458143679204,34.92537820418366,-77.360112231931,-65.27551305344579,2862.664306640625
2862.664306640625,2878.112892084147,2834.4878731863514,2855.554301399254,3103153,1.064491541997481,7.1100052413708,43.6250188977956,0.10307423682614658,2955.5963623046873,3097.981337890625,89.41059202463515,3134.4175463539577,2776.775178255417,37.198743676297305,-75.03826331646496,-67.22806310604963,2962.686279296875
2962.686279296875,2972.649031269277,2884.652794101805,2894.0009370688977,2094624,3.4940168298541074,68.68534222797734,87.99623716747237,-0.32500137763107395,2949.113244628906,3094.5650146484377,83.4768459847502,3116.0669365984068,2782.1595526594056,47.24738446691378,-64.38505323272148,-66.659461131384,2953.118408203125
2953.118408203125,2969.839714625581,2918.5781569271903,2944.165004523289,4840965,-0.3229458063315649,8.953403679835901,51.26155769839079,1.311137941702186,2942.3391723632812,3089.8761865234374,76.7912613829867,3095.9216951292547,2788.756649597308,48.27596199767238,-56.068037291595374,-64.54117636342627,2945.08642578125
2945.08642578125,2973.8772519538998,2931.788329574225,2973.8772519538998,1493835,-0.27198308065006227,-28.79082617264976,42.08892237967484,-0.6914179301027791,2937.8946899414063,3084.7328857421876,73.7193168324857,3085.3333236063777,2790.456056276435,47.88858664301509,-49.55363266150016,-61.54366762304105,3004.599365234375
3004.599365234375,3012.499275922984,2937.274613670097,2944.911151142661,2657939,2.0207535823787426,59.688214091714144,75.2246622528869,0.7792721418362805,2934.95888671875,3081.5828662109375,69.51069162251207,3073.980269963774,2795.937503473726,51.965636341024975,-39.137569674007864,-57.06244803323442,3019.6533203125
3019.6533203125,3052.262528156964,3011.797340038392,3036.5503533099322,1913622,0.5010303620612833,-16.897032997432234,40.46518811857186,-0.2800353958461801,2936.2982666015623,3077.4391552734373,70.92882103356688,3078.155908668696,2794.4406245344285,55.60587759118471,-29.329939068754356,-51.51594624033841,3011.577392578125
3011.577392578125,3030.9322154409138,2964.3534420465703,3000.2103424202264,1084210,-0.2674455269434439,11.367050157898575,66.57877339434344,-0.43342520100625936,2936.688916015625,3072.9342626953126,71.34027811316159,3079.369472241948,2794.008359789302,50.17422860029485,-21.95588722785078,-45.603934437840884,2951.669677734375
2951.669677734375,3000.9564672739875,2945.788676454605,2985.3321578943005,2308256,-1.989247063395727,-33.66248015992551,55.16779081938239,1.1289750140655408,2934.360986328125,3066.5781640625,69.97300839066725,3074.3070031094594,2794.4149695467904,45.89110002480637,-20.70724965082809,-40.62459748043833,2988.052978515625
2988.052978515625,2996.655145262253,2937.449753818976,2966.986552670218,2185707,1.232634568010904,21.06642584540714,59.20539144327677,-0.053091598158956366,2935.0183837890627,3061.6891064453125,70.43421093771242,3075.8868056644874,2794.149961913638,63.16888840456471,-16.590620721598953,-35.81780212867046,3008.1982421875
3008.1982421875,3016.888058060886,2943.243422200155,2971.244130502211,1279197,0.6741936577671526,36.95411168528881,73.64463586073134,-0.4147445197366344,2936.8290893554686,3057.1985888671875,71.88508207136476,3080.599253498198,2793.0589252127393,62.69616965378606,-11.56924516251911,-30.96809073544019,2949.212646484375
2949.212646484375,2978.2668532896387,2942.2783649357116,2968.6114051946824,1527582,-1.960828075620169,-19.398758710307447,35.988488353927096,0.19417259421340116,2935.4180541992187,3051.5693359375,71.32086931455191,3078.0597928283223,2792.776315570115,54.619310900743805,-12.20867940836115,-27.216208470024384,2826.061767578125
2826.061767578125,2890.4898491615,2802.2302392403376,2887.856545320782,3030921,-4.175720562335606,-61.79477774265706,88.25960992116234,0.9841298208541343,2929.5104370117188,3043.0201953125,75.33437377932674,3080.1791845703724,2778.841689453065,46.94861322883407,-22.394532141546733,-26.251873204328856,2818.1181640625
2818.1181640625,2843.0027588907465,2786.650094774694,2800.0799883623426,2611493,-0.2810838604717536,18.038175700157353,56.35266411605244,-0.138383019550823,2919.9447509765623,3034.1657080078126,76.78433339966641,3073.513417775895,2766.3760841772296,53.19677394083016,-30.753370521880697,-27.152172667839228,2814.386962890625
2814.386962890625,2838.7010882886284,2809.73475065303,2825.0956872779684,1404536,-0.13240045145929136,-10.708724387343409,28.966337635598393,-0.46217125605927334,2910.3145751953125,3024.908759765625,77.36840286924769,3065.051380933808,2755.577769456817,48.323775377501626,-37.24949788745607,-29.1716377117626,2757.946533203125
2757.946533203125,2848.225040609445,2750.090553952072,2843.967780896921,2032028,-2.0054253530769173,-86.02124769379589,98.13448665737315,0.44676106557610495,2906.008056640625,3014.32072265625,83.41058705409664,3072.829230748818,2739.186882532432,40.76485700432083,-46.4169311217388,-32.62069639375784,2711.3369140625
2711.3369140625,2737.5383690213844,2654.2382892194128,2714.0580800045273,5240434,-1.6900117018037952,-2.7211659420272554,83.3000798019716,1.5789182038830174,2898.017431640625,3002.0253759765624,93.91875594698062,3085.8549435345863,2710.179919746664,25.527784922087932,-56.78857143763162,-37.4542714025326,2731.96435546875
2731.96435546875,2755.0936222142564,2693.869319498384,2715.813514020202,1502769,0.7607848843596221,16.150841448547908,61.224302715872454,-0.7132357739836052,2889.8048583984373,2991.179267578125,100.99905491260274,3091.802968223643,2687.8067485732317,28.92164368210331,-62.62184335143502,-42.48778579231308,2819.346435546875
2819.346435546875,2841.9928891984864,2743.375584391192,2747.4134022673966,2964461,3.198507326905875,71.93303327947842,98.6173048072942,0.9726657922807831,2887.4326904296877,2983.3223779296877,102.11900316941887,3091.6706967685254,2683.19468409085,39.59019783092992,-59.50778113121487,-45.891784860093445,2829.00244140625
2829.00244140625,2853.228924856355,2793.93565131905,2808.7698453693215,3336315,0.3424909311473767,20.2325960369285,59.29327353730514,0.12543730546632248,2889.859753417969,2975.632451171875,99.99760601643654,3089.854965450842,2689.864541385096,34.154562658483016,-55.61955777181902,-47.83733944243856,2904.358154296875
2904.358154296875,2912.4335752382617,2829.0017025634374,2829.0017025634374,3692578,2.6636849720485634,75.35645173343755,83.43187267482426,0.1067833822645643,2893.452038574219,2969.2621875,99.11564305651294,3091.6833246872447,2695.220752461193,40.617175582074104,-45.928105874785615,-47.45549272890797,2890.577392578125
2890.577392578125,2936.1334582739805,2876.8841283984966,2930.8668511739374,2132118,-0.47448561735962125,-40.28945859581245,59.24932987548391,-0.4225936459568356,2894.847692871094,2962.708720703125,98.85548341026754,3092.558659691629,2697.1367260505585,40.24350296543839,-38.91101081194165,-45.74659634551471,2909.537353515625
2909.537353515625,2951.8457254461277,2902.339699253392,2940.522604717636,2037686,0.6559229649474752,-30.985251202011113,49.50602619273559,-0.044290231591309626,2892.1902465820312,2957.0427734375,97.64279619082424,3087.47583896368,2696.9046542003825,46.36258402516476,-31.45738092083093,-42.88875326057796,2912.5654296875
2912.5654296875,2922.9670648721058,2872.5832738577947,2902.778403463079,1400046,0.1040741466410866,9.78702622442097,50.3837910143111,-0.3129235809638973,2890.16259765625,2953.772314453125,96.72774524842086,3083.618088153092,2696.707107159408,43.08464503442726,-25.017597796752852,-39.31452216781294,2888.294921875
2888.294921875,2925.600053064694,2871.178449917376,2871.178449917376,2133994,-0.8333034363833702,17.11647195762407,54.42160314731791,0.5242313466843231,2887.3230224609374,2950.9955859375,95.86022579149923,3079.043474043936,2695.602570877939,39.09814959511294,-21.623191723936998,-35.77625607903775,2867.755859375
2867.755859375,2906.2019255430264,2857.1347810745174,2872.056836766765,2719603,-0.7111137558856617,-4.300977391765173,49.067144468509014,0.2744192345433023,2880.480847167969,2946.32759765625,91.84864578816355,3064.178138744296,2696.7835555916417,42.03707584189617,-20.355782359492878,-32.69216133512877,2909.88818359375
2909.88818359375,2925.6001418403152,2854.544879724983,2861.5230910289315,1502879,1.4691740261296937,48.3650925648185,71.05526211533243,-0.4473902992458826,2874.9925903320313,2941.2493505859375,86.20071309444334,3047.394016520918,2702.591164143145,59.7369141950973,-15.76983995839555,-29.30769705978213,2839.623046875
2839.623046875,2912.3899190179127,2830.8453680013654,2907.16724294786,2622535,-2.4147022938857954,-67.5441960728599,81.5445510165473,0.7450074157666717,2866.394873046875,2935.0465380859373,80.22923649120241,3026.85334602928,2705.93640006447,52.182003745503906,-17.6023479583655,-26.966627239498806,2823.16455078125
2823.16455078125,2872.0561732174024,2814.957336327149,2857.134120972691,2170627,-0.5796014408272487,-33.96957019144111,57.09883689025355,-0.17231724266787674,2859.969616699219,2929.636689453125,78.15950877845576,3016.2886342561305,2703.6505991423073,50.86819885141684,-20.150405504757146,-25.603382892550478,2862.180908203125
2862.180908203125,2868.983607593932,2810.831499898323,2825.0952244274345,2182144,1.3820079106291683,37.08568377569054,58.152107695609175,0.005305840201932366,2853.6760131835936,2925.0403125,72.13898163996947,2997.9539764635324,2709.3980499036547,60.67796728862105,-18.804696659817182,-24.24364564600382,2885.968994140625
2885.968994140625,2913.6623972444418,2865.955845113616,2871.1785207492608,1989921,0.831117483500865,14.79047339136423,47.70655213082591,-0.08808905370131392,2847.56455078125,2920.65986328125,62.9516684607431,2973.4678877027363,2721.661213859764,68.76714916526954,-15.638442741731978,-22.522605065149452,2866.306884765625
2866.306884765625,2901.022644904037,2852.745414807298,2896.6338058043334,2136916,-0.6813000907119893,-30.326921038708406,48.277230096739004,0.07386976668923029,2843.4192626953127,2915.4833447265623,58.47654056593826,2960.372343827189,2726.4661815634363,64.4673776956079,-14.548030958426352,-20.927690243804832,2733.193603515625
2733.193603515625,2830.801346623151,2726.3469713524055,2814.255336753604,6974600,-4.644069410623652,-81.06173323797884,104.45437527074546,2.26386250091253,2838.7758544921876,2908.300244140625,63.40670670349295,2965.5892678991736,2711.9624410852016,41.55407248981123,-24.146653496195995,-21.57148289428307,2707.650390625
2707.650390625,2752.8554340083,2703.7443666293075,2734.158936312343,3734815,-0.9345555637833125,-26.50854568734303,49.11106737899263,-0.4645119433372523,2833.2524658203124,2900.6812548828125,69.7909620512558,2972.834389922824,2693.670541717801,38.46272758502233,-33.429401487191626,-23.943066612864783,2667.3173828125
2667.3173828125,2729.8583498303165,2664.025752969457,2724.591742081448,3863530,-1.489594371272951,-57.27435926894805,65.83259686085967,0.03446355441969673,2825.8989868164062,2893.3480810546876,79.02093686571065,2983.9408605478275,2667.857113084985,25.856038259560037,-43.538695818602264,-27.86219245401228,2639.154052734375
2639.154052734375,2690.418987647848,2611.2113628888337,2689.5389029283033,4764908,-1.0558672267350744,-50.38485019392829,79.20762475901438,0.23330425802310328,2819.959362792969,2884.864853515625,88.31534782930117,2996.590058451571,2643.3286671343667,25.120047468155647,-53.20956305521486,-32.9316665742528,2635.502197265625
2635.502197265625,2665.688935952516,2598.8905812888142,2656.580186606266,4574806,-0.13837219790054922,-21.077989340641125,66.79835466370196,-0.039896258227860804,2816.167626953125,2877.7175830078127,94.62682297892009,3005.421272910965,2626.913980995285,22.0352225526385,-60.47139265912483,-38.43961179122721,2696.139892578125
2696.139892578125,2707.976990638422,2652.839761660094,2660.4964567532797,3202795,2.3008023053599613,35.643435824845255,55.13722897832804,-0.2999058320724419,2814.3764038085938,2871.5650927734373,96.62264456121301,3007.62169293102,2621.1311146861676,30.23779853000515,-60.63453254997603,-42.87859594297697,2705.600830078125
2705.600830078125,2709.7371858696033,2666.701122969062,2666.701122969062,1865074,0.35090677327402897,38.899707109063,43.03606290054131,-0.41767300123798123,2808.6891235351563,2865.7125439453125,99.6159188517228,3007.920961238602,2609.4572858317106,32.854154398876375,-59.31663821887696,-46.16620439815697,2785.29248046875
2785.29248046875,2791.5850009840688,2726.54681875147,2735.1276457438817,3402251,2.9454326560183652,50.16483472486834,65.03818223259896,0.8241908900129431,2806.503625488281,2861.92029296875,99.62628549639476,3005.7561964810707,2607.2510544954916,43.03421662416982,-51.25095814803535,-47.18315514813265,2796.29345703125
2796.29345703125,2802.189982174116,2767.03063765082,2787.228540686377,2420640,0.3949666557333531,9.064916344872927,35.15934452329566,-0.2885181016920856,2801.100390625,2858.4064794921874,96.93388367069339,2994.9681579663866,2607.232623283613,39.871831709461986,-43.47006585224153,-46.44053728895443,2790.748779296875
2790.748779296875,2813.630983100634,2766.5464483505916,2803.0699659604375,2075886,-0.19828668984769315,-12.321186663562457,47.08453475004217,-0.14242266508030932,2796.1089599609377,2854.6727880859376,94.62672167474197,2985.3624033104215,2606.855516611454,45.073810771771036,-37.3208502733537,-44.61659988583428,2787.008544921875
2787.008544921875,2804.3461725371144,2771.4751341224537,2785.4683965193763,1797504,-0.13402261080419642,1.540148402498744,32.87103841466069,-0.1341027397458242,2789.98251953125,2851.5286767578127,90.78495826198821,2971.5524360552263,2608.412603007274,46.25983247726654,-32.376146219828115,-42.16850915263305,2742.25634765625
2742.25634765625,2788.9008455480016,2725.1827872039253,2785.2045320841903,2639367,-1.6057430949455331,-42.948184427940305,63.718058344076326,0.4683511135441145,2781.4670654296874,2846.185166015625,86.5713039651609,2954.6096733600093,2608.3244574993655,37.739862276211326,-31.703107256405474,-40.075428773387536,2806.4580078125
2806.4580078125,2811.0784522014806,2737.0632475674747,2741.4636707950754,1389808,2.341198342420525,64.99433701742464,74.01520463400584,-0.47343131894882373,2777.3752197265626,2842.1745166015626,83.12157076350468,2943.618361253572,2611.1320781995532,42.4918354182622,-25.693008600160738,-37.19894473874218,2869.5166015625
2869.5166015625,2872.5968984818282,2817.7235231303016,2830.3528264453307,2106333,2.246910289569981,39.16377511716928,54.87337535152665,0.5155568251154117,2777.4632568359375,2842.683310546875,83.22320470004834,2943.9096662360344,2611.0168474358406,50.28013215879681,-15.661128856947471,-32.89138156238324,2905.95263671875
2905.95263671875,2919.506074922724,2882.2784356662555,2895.4797109441165,2430257,1.2697621312387497,10.472925774633495,37.22763925646859,0.15378574992653116,2777.2664794921875,2843.379375,82.89762846578468,2943.061736423757,2611.471222560618,68.13872379562807,-4.716341309408108,-27.25637351178821,2903.223876953125
2903.223876953125,2928.0422261586746,2878.7574757334005,2928.0422261586746,1306913,-0.0939024170987901,-24.818349205549566,49.28475042527407,-0.46223259515351667,2780.4465209960936,2843.5195361328124,86.55481697800064,2953.556154952095,2607.3368870400923,71.56735678058598,3.6947033269839267,-21.066158144033786,2897.0634765625
2897.0634765625,2915.6331387759437,2879.3296371550764,2895.4792807916037,1269114,-0.2121917100340931,1.5841957708962582,36.30350162086734,-0.028922353668530354,2784.141467285156,2844.125009765625,89.98380620249623,2964.1090796901485,2604.1738548801636,77.40102564580394,9.751020280722514,-14.902722459082526,2939.043212890625
2939.043212890625,2947.4040185568806,2884.0819596679717,2886.678166875655,2895824,1.4490444088555376,52.365046014970176,63.32205888890894,1.2817682257070682,2787.984582519531,2847.296650390625,94.99407958111985,2977.972741681771,2597.9964233572914,84.62560197186306,17.733686087966817,-8.375440749672658,2952.640869140625
2952.640869140625,2981.6396243775794,2910.748955728847,2948.284491745122,2150567,0.4626558803341396,4.356377395502932,70.89066864873257,-0.25735576471498267,2791.3181762695312,2849.69921875,99.66842893766203,2990.655034144855,2591.9813183942074,85.79514266251931,24.870531465859585,-1.7262463065662086,2961.529541015625
2961.529541015625,2972.0465119063037,2952.684645379227,2958.141128427601,1106933,0.30104141576781096,3.388412588024039,19.361866527076927,-0.48528318345812993,2796.079309082031,2851.6765234375,105.54055179353293,3007.1604126690972,2584.998205494965,83.91628726611953,30.88771997171989,4.796546949091011,2969.802490234375
2969.802490234375,2973.718825122396,2935.9632683191207,2961.4857307835255,1068836,0.2793471786850077,8.316759450849531,37.75555680327534,-0.034416717181617984,2807.9097534179687,2851.81884765625,111.22837976225142,3030.3665129424717,2585.4529938934656,83.8673010937232,35.90999500690441,11.019236560653692,2952.02490234375
2952.02490234375,2979.0875141786073,2935.0832672926604,2979.0875141786073,1878359,-0.5986117914939859,-27.062611834857307,44.00424688594694,0.757387475721252,2820.1284790039062,2851.7969775390625,113.04274646753325,3046.213971938973,2594.0429860688396,75.40567325019232,38.01744000323151,16.418877249169256,3012.090087890625
3012.090087890625,3017.5465704239223,2970.3301090460086,2992.2881808117236,1449248,2.0347113433625275,19.801907078901422,47.216461377913674,-0.22844993954829718,2837.3671142578123,2853.13705078125,114.78795217093781,3066.943018599688,2607.7912099159366,78.60473816349078,44.02684971630697,21.9404717425968,2993.652587890625
2993.652587890625,3009.0100251572753,2975.7868229198702,3009.0100251572753,1472354,-0.6121164859618111,-15.357437266650322,33.223202237405076,0.01594344101216638,2855.092041015625,2852.918115234375,109.83300152290933,3074.758044061444,2635.426037969806,76.00682922799433,46.762548497589705,26.90488709359538,2985.86376953125
2985.86376953125,3005.3577774981677,2981.2873713731783,3001.969364945804,839942,-0.26017776380869995,-16.105595414554045,24.070406124989404,-0.42952442143669256,2872.6101196289064,2852.24232421875,100.51089497946593,3073.6319095878384,2671.5883296699744,75.22610273280637,47.751665468530064,31.074242768582323,2993.25634765625
2993.25634765625,3008.085646866667,2966.853804993196,2979.1749915692876,1622326,0.24758591468359015,14.081356086962387,41.23184187347124,0.9314738398603712,2887.4659423828125,2851.8759033203123,94.8534110281574,3077.172764439127,2697.759120326498,85.175133913053,48.57215747033797,34.573825708933455,2975.786865234375
2975.786865234375,2985.247777264325,2958.8452320644637,2983.4876075843345,1430659,-0.583628008859105,-7.700742349959455,26.40254519986138,-0.11814333247448416,2900.975244140625,2852.3582470703127,86.45712772355603,3073.889499587737,2728.0609886935126,77.30635340213752,47.267887278893795,37.11263802292552,2979.7470703125
2979.7470703125,3011.2101014765467,2966.98584088932,2980.8471762972567,1398410,0.13308093816770672,-1.1001059847567376,44.22426058722658,-0.022541360310178726,2910.6979736328126,2852.19212890625,83.65144890117855,3078.0008714351698,2743.3950758304554,71.96214858441465,46.02327158209846,38.894764734760116,2952.288818359375
2952.288818359375,2978.2953698990436,2945.996082460912,2961.4856625107705,1536532,-0.9214960634308267,-9.196844151395453,32.299287438131614,0.09877074677669628,2918.4977416992188,2851.0739404296874,79.59714702322502,3077.692035745669,2759.3034476527687,59.57447023178337,42.33326173128762,39.58246413406562,2890.7265625
2890.7265625,2941.155248644901,2877.877238729922,2921.8374306422184,1849256,-2.085238255706501,-31.11086814221835,63.278009914979066,0.20352586213629142,2923.496630859375,2849.90421875,74.10166331432094,3071.6999574880165,2775.293304230733,47.92273174025645,34.04884885390675,38.47574107803384,2864.98388671875
2864.98388671875,2911.320261402616,2860.4513214801914,2897.2389058456506,1691923,-0.8905261436760292,-32.255019126900606,50.86893992242449,-0.08507908045181412,2927.395397949219,2850.6826611328124,68.37235881191421,3064.1401155730473,2790.6506803253906,44.99372110106284,25.116644128635016,35.80392168815408,2832.2890625
2832.2890625,2885.0501070521514,2829.252812696223,2883.158010542912,1946930,-1.1411870192469142,-50.86894804291205,55.79729435592844,0.1507202159909169,2931.8970336914062,2850.9660791015626,57.66703982103145,3047.2311133334692,2816.5629540493433,32.842946839090615,15.224114344905047,31.68796021950427,2835.80908203125
2835.80908203125,2866.436074774527,2831.0567102540363,2846.458193615582,1457962,0.12428178951984226,-10.649111584331877,35.379364520490526,-0.2511482179636658,2933.3645874023437,2851.394521484375,54.59859893883632,3042.5617852800165,2824.167389524671,30.59472532142547,7.5808619203171475,26.86654055966685,2756.90966796875
2756.90966796875,2765.842442693576,2711.5412538067208,2750.264984792601,2539173,-2.7822540862301404,6.644683176149101,54.301188886855016,0.7415906587414487,2927.734240722656,2851.3737841796874,66.11986338120519,3059.9739674850666,2795.4945139602455,22.42630052763974,-4.787803202740179,20.535671807185444,2826.084228515625
2826.084228515625,2839.5936161841482,2765.314544774919,2776.6675527850575,3431525,2.509134098609822,49.416675730567476,74.27907140922935,0.3514341086645141,2923.7408203125,2853.66873046875,69.81337110456738,3063.3675625216347,2784.1140781033655,33.36376071081368,-8.905592378572237,14.647418970033911,2756.16162109375
2756.16162109375,2807.4706096920486,2746.7447563789606,2807.4706096920486,3546935,-2.474186958631497,-51.30898859829858,60.72585331308801,0.03363227719454187,2916.3877075195314,2854.15267578125,79.2015106866023,3074.790728892736,2757.984686146327,29.76988399385523,-17.608164064190987,8.196302363188932,2755.017578125
2755.017578125,2783.708430697643,2746.1288498985514,2783.708430697643,2052900,-0.041508558859326694,-28.690852572643053,37.57958079909167,-0.42121860141220524,2909.2854125976564,2852.8660986328123,87.00960246503357,3083.3046175277236,2735.2662076675892,19.76807150219497,-24.317018082462255,1.6936382740586948,2757.657470703125
2757.657470703125,2770.4627467931514,2739.043764179659,2749.076644387517,2147912,0.09582126078200304,8.580826315608192,31.418982613492517,0.046281845194602766,2900.2161254882812,2851.43919921875,92.99213724905354,3086.200399986388,2714.2318509901743,21.175790712902966,-29.08553600413552,-4.462196581580148,2752.069091796875
2752.069091796875,2764.214304458055,2733.851380237327,2759.505765046165,1936453,-0.20264949384105613,-7.436673249289925,30.36292422072802,-0.09844863290488626,2890.187536621094,2848.39341796875,97.73512867466042,3085.657793970415,2694.717279271773,21.290229738602264,-32.93589182698042,-10.156935630660204,2771.915283203125
2771.915283203125,2782.7401547857316,2730.023159097114,2730.023159097114,1291534,0.7211371060924954,41.892124106011124,52.71699568861777,-0.33304139062502425,2880.706823730469,2846.02017578125,99.6287630639078,3079.9643498582845,2681.449297602653,23.626187255458106,-33.994042609314874,-14.924357026391139,2789.560546875
2789.560546875,2801.7498066300514,2781.1559093890387,2789.868662483827,1346113,0.6365729782147111,-0.3081156088269381,20.593897241012655,0.0422590500908222,2871.6947265625,2843.6206396484376,99.29678169661022,3070.2882899557203,2673.1011631692795,27.819563302016007,-33.02808224433602,-18.545102069980118,2831.8046875
2831.8046875,2845.7541171155735,2788.5486067978027,2811.8708533119707,1561185,1.5143654319431654,19.933834188029323,57.20551031777086,0.1597726193863369,2865.6837158203125,2842.0054248046877,97.80560723439555,3061.294930289104,2670.072501351521,33.8519942909099,-28.524984333091652,-20.541078522602426,2854.071044921875
2854.071044921875,2877.7014084575,2838.2735652602178,2851.386743228349,1785928,0.7862956622736617,2.6843016935258674,39.42784319728207,0.14395667393678524,2857.782763671875,2841.320947265625,91.53783421677397,3040.8584321054227,2674.707095238327,39.15656805244092,-22.895611481989363,-21.011985114479813,2842.1025390625
2842.1025390625,2872.1133082041783,2838.2740834227816,2872.1133082041783,1972678,-0.4193485610903047,-30.010769141678338,33.83922478139675,0.10456748536335181,2850.2052612304688,2840.807880859375,85.79081542499631,3021.7868920804613,2678.6236303804762,43.971683584518225,-19.178968131794136,-20.64538171794268,2746.217041015625
2746.217041015625,2764.6988252952656,2740.40860916072,2759.066367460601,5090269,-3.3737522390203445,-12.849326444976214,24.290216134545517,1.5803851414168961,2838.2229248046874,2837.5344580078126,82.51953757781584,3003.261999960319,2673.183849649056,37.4570250034937,-23.69748993088706,-21.255803360531555,2732.091552734375
2732.091552734375,2761.4863014530865,2728.2630976032406,2754.6656437090783,2138023,-0.5143616862863132,-22.574090974703267,33.22320384984596,-0.5799783862110235,2825.164685058594,2835.383828125,77.18677313408456,2979.5382313267633,2670.7911387904246,38.98614657228166,-28.094405050265777,-22.6235236984784,2647.911376953125
2647.911376953125,2723.290777024356,2640.254681350105,2707.141133277641,5322221,-3.0811623313647507,-59.229756324516075,83.0360956742511,1.4893188707511564,2808.7709106445313,2831.8787646484375,78.32279303687369,2965.4164967182787,2652.125324570784,32.456862969465234,-37.934345105829834,-25.68568797994869,2665.60107421875
2665.60107421875,2677.2181514295744,2629.517594860232,2671.9376422551572,2072220,0.668062285603388,-6.336568036407243,47.70055656934255,-0.6106475097520377,2793.063610839844,2827.94716796875,73.58672213508295,2940.23705511001,2645.890166569678,40.374806080651915,-43.80025567967414,-29.308601519893784,2675.72216796875
2675.72216796875,2710.617448353941,2666.6572505139093,2684.2589485371036,1544295,0.37969273976850015,-8.536780568353606,43.960197840031924,-0.2547630077887483,2779.2352783203123,2823.7422314453124,67.85316954050153,2914.9416174013154,2643.5289392393092,31.895751454347177,-47.08952565143636,-32.8647863462023,2641.31103515625
2641.31103515625,2676.6904088636084,2638.626732957609,2664.897355915989,2253818,-1.2860502941761998,-23.58632075973901,38.06367590599939,0.4594478386577694,2766.764501953125,2819.242314453125,69.19057771930143,2905.145657391728,2628.383346514522,34.878365520611,-51.875003880436,-36.666829853049045,2646.76708984375
2646.76708984375,2666.6130461683933,2622.036834497055,2631.453699411689,2017983,0.20656615653662502,15.31339043206117,44.576211671338115,-0.10463799650193584,2755.853662109375,2817.5137841796877,70.0867085923129,2896.027079294001,2615.680244924749,35.907375176557494,-54.59790122004597,-40.25304412644843,2624.45703125
2624.45703125,2660.056419935131,2621.772729524154,2643.7748504500028,2652374,-0.8429173341076623,-19.31781920000276,38.283690410977215,0.31436885246307833,2745.462060546875,2815.8499169921874,73.48246629832879,2892.4269931435324,2598.4971279502174,33.50410077697978,-57.888746815879585,-43.78018466433466,2635.325927734375
2635.325927734375,2663.0047675160854,2575.216305765953,2604.9191687641182,2925489,0.41413886205627914,30.40675897025676,87.78846175013223,0.10297001855696064,2735.4379028320313,2815.210087890625,74.18025447103679,2883.798411774105,2587.077393889958,35.72886697625556,-58.94030935157252,-46.812209601782236,2655.61181640625
2655.61181640625,2662.256499568145,2619.1323446991073,2648.527090847732,2227447,0.7697677337890063,7.08472555851813,43.12415486903774,-0.23860694741973054,2730.373010253906,2815.5392431640626,76.0711569774186,2882.5153242087436,2578.2306962990688,35.79788461435264,-57.47425116666318,-48.944617914758425,2671.629638671875
2671.629638671875,2684.2148957050317,2622.6529999705645,2622.6529999705645,2739767,0.6031688128011581,48.97663870131055,61.56189573446727,0.23000322791069783,2722.650280761719,2816.2617919921877,73.64457065108472,2869.9394220638883,2575.3611394595496,35.541687244645985,-54.392877864799175,-50.034269904766575,2637.87890625
2637.87890625,2689.407927785233,2631.454242551137,2687.779684532165,2493902,-1.2633013174181307,-49.90077828216499,57.9536852340957,-0.08973938294752803,2716.7361450195312,2815.096572265625,75.53687454882214,2867.8098941171756,2565.662395921887,25.71905610245487,-54.05120076605499,-50.83765607702426,2644.2587890625
2644.2587890625,2657.5919876362846,2596.338215395767,2632.2016704566418,2817353,0.24185654608268603,12.05711860585825,61.25377224051772,0.12969675632803535,2711.198205566406,2813.8697314453125,76.63470852161637,2864.467622609639,2557.9287885231734,22.641576707213417,-52.658600412867145,-51.20184494419284,2627.00927734375
2627.00927734375,2658.4723112978595,2617.372391035595,2635.8541732184285,1763331,-0.6523382578928927,-8.844895874678514,41.09992026226473,-0.3741178332995546,2704.6657958984374,2810.7040673828124,78.02177740878722,2860.7093507160116,2548.622241080863,22.33398608004039,-52.343463174539465,-51.43016859026217,2720.47412109375
2720.47412109375,2726.502788091317,2660.496426210475,2666.612972771875,2145875,3.5578421650838354,53.861148321875135,66.00636188084218,0.21694395436818148,2703.086047363281,2809.1876806640626,77.32823948844359,2857.7425263401683,2548.429568386394,46.6681117920334,-44.04416910548434,-49.95296869330661,2729.97900390625
2729.97900390625,2749.3849167299395,2721.6181983015977,2737.943814323573,1790816,0.3493833203117802,-7.964810417322951,27.766718428341846,-0.16546117551115513,2700.9892333984376,2807.97228515625,75.9193861430875,2852.8280056846124,2549.1504611122627,49.72326428532594,-36.281721059438496,-47.21871916653299,2697.371826171875
2697.371826171875,2732.663312710145,2691.387421404363,2725.9745822630443,1939879,-1.1944113008824697,-28.60275609116934,41.2758913057819,0.08323747386666192,2696.3797973632813,2806.17955078125,73.00129079873791,2842.3823789607573,2550.3772157658054,57.49133609730196,-32.38770647158162,-44.25251662754272,2744.58837890625
2744.58837890625,2752.02505217605,2644.6547111573486,2649.0551349695907,3064063,1.7504651111220682,95.53324393665935,107.37034101870131,0.5795124335074506,2692.0189819335938,2806.22619140625,66.82987550842584,2825.6787329504455,2558.359230916742,60.981302066928066,-25.20118705816367,-40.44225071366691,2701.464111328125
2701.464111328125,2767.866460874468,2687.2067817521515,2728.262648238744,4730645,-1.5712471826216268,-26.798536910619077,80.65967912231645,0.5439124456644657,2684.388635253906,2804.1263134765627,55.02263098534451,2794.433897224595,2574.3433732832173,53.27799488274777,-22.723642628719062,-36.89852909667734,2728.92333984375
2728.92333984375,2736.9760309872313,2694.8640961111873,2714.97390779249,1665247,1.016457275907512,13.949432051259919,42.11193487604396,-0.6479873251956129,2678.7296752929688,2801.3144482421876,42.29688080574098,2763.323436904451,2594.1359136814867,61.35769491267938,-18.33310790778023,-33.185444858897924,2731.166748046875
2731.166748046875,2737.0632722521555,2686.32647792611,2728.9224892076754,2054781,0.08220854614602313,2.244258839199574,50.73679432604558,0.2339196527602212,2677.977160644531,2797.81873046875,41.1513719748895,2760.27990459431,2595.674416694752,61.033120969507564,-14.505344632632386,-29.449424813644818,2727.514892578125
2727.514892578125,2772.267293403134,2702.7405898542934,2767.866869127891,2245977,-0.13371045438224094,-40.35197654976582,69.52670354884049,0.09304933226460621,2677.748327636719,2794.30455078125,40.84621032209567,2759.44074828091,2596.0559069925275,64.16311072071571,-11.632397834709082,-25.88601941785767,2745.69140625
2745.69140625,2760.3826551550005,2710.132155751458,2711.190947627584,1517005,0.6664129945297637,34.50045862241586,50.25049940354256,-0.32456788293023486,2682.6373291015625,2791.277109375,42.887746167206366,2768.4128214359753,2596.8618367671497,64.8687407040974,-7.798972354423313,-22.2686100051708,2774.765380859375
2774.765380859375,2784.1626709744187,2760.515312292103,2779.4419453117853,1793722,1.0588944752929708,-4.676564452410275,23.647358682315826,0.18241007775188622,2688.0955444335937,2787.991552734375,47.32269862772219,2782.740941689038,2593.450147178149,65.6813749273048,-2.387407723202159,-18.292369548777074,2754.603515625
2754.603515625,2787.3831970318834,2745.9121586461606,2787.3831970318834,1194289,-0.7266151355878159,-32.779681406883356,41.47103838572275,-0.33418389248724156,2692.0396118164062,2784.0308056640624,49.47536055518609,2790.9903329267786,2593.088890706034,60.80207026887178,0.27127511986464015,-14.579640615048731,2785.88330078125
2785.88330078125,2788.2656365638254,2739.735696686924,2739.735696686924,1587601,1.1355458227952253,46.1476040943262,48.52993987690161,0.3293273236209997,2699.2682250976563,2780.517880859375,52.161998270780046,2803.5922216392164,2594.9442285560963,69.392926971583,4.846450805730456,-10.694422330892895,2768.324462890625
2768.324462890625,2788.6188036276535,2759.1479775951516,2786.3247900140686,1021913,-0.6302790172761696,-18.00032712344364,29.47082603250192,-0.35631622806989915,2705.34609375,2776.4883203125,52.800614149380976,2810.9473220487616,2599.744865451238,65.79357122122929,6.9750549352252165,-7.160526877669272,2789.765380859375
2789.765380859375,2804.147932217598,2783.853595389088,2797.17735486645,260949,0.7745088502509434,-7.4119740070750595,20.29433682851004,-0.7446465599322056,2713.6115112304688,2773.2431298828124,52.40903162316633,2818.4295744768015,2608.793447984136,70.50010301574757,10.273663536350796,-3.6736887948652592,2790.118408203125
2790.118408203125,2809.6626504347373,2780.456366973794,2806.3537912248353,2069643,0.012654373954612552,-16.235383021710277,29.20628346094327,6.931216444592621,2721.3511352539062,2768.8036962890624,51.66392532434031,2824.6789859025866,2618.023284605226,61.46022068506699,12.769126433185647,-0.3851257492550779,2785.97119140625
2785.97119140625,2800.6184946542526,2765.632908701152,2788.8830306568198,2438421,-0.14863945503824638,-2.9118392505697557,34.98558595310078,0.17818435353343554,2727.869104003906,2764.650068359375,51.154295853211906,2830.1776957103298,2625.5605122974825,59.37909464320476,14.247911961916088,2.5414817929791553,2791.133056640625
2791.133056640625,2804.58908417995,2775.0299417165147,2779.4417540244904,1355739,0.18528063930802752,11.691302616134635,29.559142463435364,-0.44400946350117554,2733.844274902344,2760.7554541015625,51.21876434400053,2836.2818035903447,2631.406746214343,67.29597250269767,15.655907970792668,5.164367028541858,2817.51611328125
2817.51611328125,2822.678020775369,2803.971976319488,2822.678020775369,1919414,0.9452453933664895,-5.1619074941190775,18.706044455881056,0.4157695544643918,2742.826135253906,2757.2406494140623,49.21597026170844,2841.258075777323,2644.3941947304893,64.57296630643077,18.68525514029534,7.868544650892555,2876.23681640625
2876.23681640625,2878.7957967468583,2826.603928917729,2836.354077010689,2991060,2.0841301616058683,39.8827393955612,52.19186782912948,0.558319362055294,2754.4250366210936,2755.2496484375,52.01933886294901,2858.4637143469918,2650.3863588951954,82.87521572567869,25.530010520785254,11.400837824871095,2860.3544921875
2860.3544921875,2885.325394187665,2843.0161551154115,2885.325394187665,1405955,-0.5521911175100813,-24.970902000165097,42.309239072253604,-0.5299475771131305,2766.0922973632814,2752.861796875,47.946239125261634,2861.9847756138047,2670.199819112758,75.84832351913097,29.334804279835225,14.987631115863921,2829.515869140625
2829.515869140625,2848.3102329584,2819.1481100504548,2848.3102329584,1422652,-1.0781398994811564,-18.794363817774865,29.162122907945104,0.011875913524970638,2771.544384765625,2750.406337890625,48.67995447650701,2868.904293718639,2674.1844758126113,67.38657924131228,29.521407189541605,17.89438633059946,2838.913330078125
2838.913330078125,2841.251720209756,2793.692247035101,2838.5604712079626,1464013,0.33212257404140466,0.3528588701624358,47.55947317465507,0.02907316757717271,2776.991101074219,2749.3700732421876,49.86433221856732,2876.7197655113537,2677.262436637084,69.30139220715934,30.080834761226015,20.33167601672477,2853.29541015625
2853.29541015625,2861.3249946157302,2819.2363488543742,2849.1483497272793,1474498,0.5066051127995852,4.14706042897069,42.08864576135602,0.0071618216504907295,2784.7872802734373,2749.1363037109377,48.94147491532196,2882.6702301040814,2686.9043304427933,68.89236377228312,31.323619619789497,22.530064737337717,2837.721923828125
2837.721923828125,2867.50165781084,2825.015774743182,2867.50165781084,1162267,-0.5458070087202116,-29.779733982714788,42.485883067657596,-0.21175410207406187,2789.443957519531,2749.2449609375,49.34439835349647,2888.132754226524,2690.755160812538,61.603555897938016,30.698017740695832,24.16365533800934,2828.544677734375
2828.544677734375,2845.6184747510765,2797.088547274702,2797.088547274702,1573092,-0.32340188151239735,31.456130459673204,48.52992747637472,0.35346869523095803,2795.797985839844,2749.0996728515624,45.447171642672586,2886.692329125189,2704.9036425544987,64.20324993551715,29.12595085084331,25.15611444057614,2925.86962890625
2925.86962890625,2948.5023542732615,2872.133843597439,2884.972259916198,3265394,3.440813643072138,40.8973689900522,76.36851067582256,1.0757806917840789,2805.645300292969,2752.4788720703127,51.17075892495973,2907.9868181428883,2703.3037824430494,71.4478086266436,35.32616861351971,27.190125275164856,2943.119873046875
2943.119873046875,2955.0317658024237,2919.737268748946,2932.9727051440004,1342074,0.5895766499710131,10.147167902874571,35.2944970534777,-0.5890008985133188,2816.242956542969,2754.8195849609374,56.59481185981225,2929.4325802625935,2703.053332823344,76.80638175511744,41.15739951443038,29.983580123017965,2940.561279296875
2940.561279296875,2947.046514255534,2904.7372765347063,2930.3257883875335,1400708,-0.08693474477311502,10.235490909341479,42.309237720827696,0.043689096130317795,2826.8952758789064,2758.507578125,59.01356657235409,2944.922409023615,2708.868142734198,74.54752839621966,45.05289317452298,32.99744273331897,2960.6357421875
2960.6357421875,2971.709221625976,2930.7235177024486,2946.1207035803,1748235,0.682674529925964,14.51503860720004,40.98570392352758,0.24810809961819302,2837.6424926757813,2762.61994140625,62.89164042029405,2963.4257735163696,2711.859211835193,76.08317169192804,49.192876492941195,36.236529485243416,2955.0322265625
2955.0322265625,2964.7382147656017,2927.4583964400517,2947.090963487235,1417986,-0.18926730989404783,7.941263075264942,37.27981832554997,-0.18890423770259723,2846.6558349609377,2766.5674365234377,66.23475868732315,2979.125352335584,2714.1863175862914,75.74570541791775,51.42884649035841,39.27499288626642,2950.134765625
2950.134765625,2967.164404428522,2930.3257712012855,2955.914282904037,1164540,-0.16573291125142608,-5.779517279037009,36.83863322723664,-0.17873660247703438,2856.4323974609374,2770.52875,66.36282171712361,2989.1580408951845,2723.7067540266903,74.233321500784,52.203910470638675,41.86077640314087,2897.2373046875
2897.2373046875,2941.531859652826,2887.9724983225788,2931.6494426143504,1304194,-1.7930523565859335,-34.41213792685039,53.55936133024716,0.11992202929912232,2862.00009765625,2773.0351904296876,64.7848007357587,2991.5696991277673,2732.430496184733,61.241680747255835,47.99649749754553,43.087920622021805,2924.987548828125
2924.987548828125,2928.5169988553193,2872.3105502563512,2894.1490222996185,1149739,0.9578174385552529,30.838526528506463,56.20644859896811,-0.11842946678178246,2869.833251953125,2775.74373046875,62.285195526064456,2994.403643005254,2745.262860900996,57.532370827891995,46.36681737887557,43.74369997339256,2919.119873046875
2919.119873046875,2938.267096023946,2903.8549588633055,2938.267096023946,1150011,-0.2006051541518783,-19.147222977071124,34.41213716064067,0.0002365754314674895,2876.3009765625,2777.4900341796874,60.21502866157921,2996.7310338856587,2755.8709192393417,59.36967439716804,44.09352899134046,43.81366577698214,2982.517822265625
2982.517822265625,2993.8121065011505,2919.120199429745,2926.1349389357706,1296591,2.1718172591719487,56.382883329854394,74.6919070714057,0.12745965038595286,2885.920947265625,2780.0589697265623,61.08443265940471,3008.089812584434,2763.7520819468155,72.1003468651655,46.86735849443858,44.42440432047343,2990.900390625
2990.900390625,3002.9889309440055,2954.1500734010056,2985.0327653272407,1588981,0.28105677346823565,5.867625297759332,48.838857542999904,0.22550673265509324,2896.1674072265623,2783.0349267578126,60.62211744647082,3017.411642119504,2774.9231723336206,72.01830676565147,49.17518069796188,45.37455959597112,2995.841552734375
2995.841552734375,3015.032938868525,2969.635427166336,2970.032447243622,2195437,0.1652065085438137,25.809105490753154,45.39751170218915,0.38166346860031686,2906.40283203125,2788.0274169921877,59.22002835600558,3024.842888743261,2787.962775319239,71.23136838507216,50.817069365311454,46.46306154983919,2997.694580078125
2997.694580078125,3025.6212694061737,2985.03259095978,2985.03259095978,1576028,0.06185331604264821,12.66198911834499,40.588678446393715,-0.2821347185093446,2915.411755371094,2793.3394775390625,58.688896066097065,3032.789547503288,2798.0339632389,74.84228277485259,51.672157318829704,47.5048807036373,2991.9150390625
2991.9150390625,3013.179847701842,2977.973667402108,2985.032567947061,3410702,-0.19279952847879311,6.882471115438875,35.206180299734115,1.1641125665280057,2921.195666503906,2800.21955078125,60.302896814641805,3041.8014601331897,2800.5898728746224,75.64049018353144,51.29219552254699,48.26234366741924,3066.783203125
3066.783203125,3070.6215662510285,3017.679815108769,3022.0916277039573,2180856,2.5023492674430825,44.69157542104267,52.94175114225936,-0.3605844192779082,2931.5171020507814,2808.243193359375,66.67114487216676,3064.859391795115,2798.174812306448,73.79315632739613,56.382367367794814,49.88634840749436,3034.577392578125
3034.577392578125,3060.827681164754,3011.5036956693657,3051.2983369722797,2411749,-1.050149567600922,-16.720944394154685,49.323985495388115,0.10587264817117692,2941.7701782226563,2815.4202978515623,65.92278184656558,3073.6157419157876,2809.924614529525,64.70011160171217,57.15873515314934,51.340825756625364,3022.885986328125
3022.885986328125,3034.5772909373013,3006.2094191292977,3029.1508470416434,1475065,-0.3852729634971408,-6.264860713518374,28.367871808003656,-0.3883836999621436,2950.9688110351562,2823.051796875,63.609994399837795,3078.188799834832,2823.7488222354805,62.8547814776354,56.18297112283517,52.30925482986733,2987.106201171875
2987.106201171875,3007.047465925803,2971.797124472303,3000.0768878174986,1166999,-1.1836299919373183,-12.970686645623573,35.250341453499914,-0.2088491015650158,2957.6593505859373,2829.8585791015626,59.71376800618434,3077.086886598306,2838.2318145735685,53.9400440871539,51.92399397980853,52.232202659855574,2982.91455078125
2982.91455078125,2994.4733694927418,2959.4436237094437,2972.061449685332,1167505,-0.14032478620882305,10.853101095918191,35.02974578329804,0.00043359077428517523,2964.918981933594,2837.0277294921875,52.789423558918244,3070.4978290514305,2859.340134815757,54.167712797636426,47.661085429412196,51.317979213766904,2956.39990234375
2956.39990234375,2982.9149402110297,2946.605591813029,2964.7381854060955,1285619,-0.88888394173261,-8.338283062345454,36.309348398000566,0.10116787508404679,2971.3117431640626,2843.449208984375,42.05573839199121,3055.423219948045,2887.2002663800804,50.87963572345257,41.662924890019895,49.38696834901751,2905.3994140625
2905.3994140625,2977.1796968244453,2890.928753775441,2977.1796968244453,1797896,-1.7250876053952702,-71.78028276194527,86.25094304900449,0.39846719751341575,2970.288232421875,2848.4449609375,43.44598303568376,3057.1801984932426,2883.396266350507,51.15211089377505,32.420305175581234,45.99363571433026,2899.84033203125
2899.84033203125,2908.2669373884346,2855.413507309817,2872.5312544502576,1527610,-0.19133624121844273,27.30907758099238,52.85343007861775,-0.15033461334804687,2968.1242553710936,2853.0091748046875,45.8800761606268,3059.884407692347,2876.36410304984,46.21314449116806,24.366014750942668,41.66811152165275,2940.120361328125
2940.120361328125,2943.958509197416,2883.3844058485947,2891.6785277132994,1378016,1.3890430052974745,48.441833614825555,60.574103348821154,-0.09792682687335119,2968.1022094726563,2859.05400390625,45.89412133702994,3059.890452146716,2876.3139667985965,52.86543278968127,20.99121957867237,37.532733133056674,2969.458984375
2969.458984375,2979.73842222779,2947.88504703309,2954.8558406430157,1213311,0.9978714964451907,14.603143731984346,31.85337519470022,-0.11952328565125514,2968.5433715820313,2865.5580078125,45.86096684370163,3060.2653052694345,2876.821437894628,48.035591386555396,20.44833608757108,34.11585372395956,2916.296875
2916.296875,2968.929720801703,2910.870215460734,2963.6797061285474,1415694,-1.790296133226077,-47.38283112854742,58.059505340968826,0.16680224608529892,2966.6066040039063,2871.343759765625,47.25822752610141,3061.123059056109,2872.0901489517037,40.10997689125946,15.54911851804627,30.402506682776906,2859.0751953125
2859.0751953125,2904.737456359463,2845.7955961171497,2889.7372933102192,2703680,-1.9621349313930891,-30.66209799771923,58.941860242313396,0.9097912401973873,2962.0536254882813,2874.11578125,52.96997731464632,3067.993580117574,2856.113670858989,34.07642135268057,6.968809865791627,25.715767319379854,2825.369140625
2825.369140625,2863.707751618169,2818.7072600660117,2847.384043898269,2120965,-1.1789145924794742,-22.01490327326883,45.0004915521572,-0.21552661557580777,2958.4602172851564,2876.023583984375,59.618874063536865,3077.69796541223,2839.2224691580827,31.32172273761948,-2.521872897978028,20.06823927590828,2862.340087890625
2862.340087890625,2866.7960620653575,2791.4863286526675,2822.589610027799,1529971,1.3085351125993627,39.750477862825846,75.3097334126901,-0.2786439191594392,2955.327844238281,2879.32294921875,63.01888491829655,3081.3656140748744,2829.290074401688,36.84492829562754,-6.979604365234991,14.658670547679625,2884.0458984375
2884.0458984375,2896.8401542703996,2858.854406799651,2866.7956690407614,1432566,0.7583239545399634,17.250229396738632,37.98574747074872,-0.06366460540755348,2953.5741455078123,2882.112099609375,64.54896415866155,3082.6720738251356,2824.476217190489,29.2026398620052,-8.661071717720006,9.9947220945997,2876.23681640625
2876.23681640625,2906.5018913277986,2863.3544539726518,2906.5018913277986,1384101,-0.2707682993353444,-30.265074921548603,43.14743735514685,-0.033830902031738885,2948.2600952148437,2885.6075537109373,66.38934209928638,3081.0387794134163,2815.481411016271,30.919667984459494,-10.5027057118441,5.895236533310941,2848.574951171875
2848.574951171875,2882.545906087743,2838.5600510219747,2838.5600510219747,1360281,-0.9617380973844014,10.014900149900313,43.98585506576819,-0.017209726746819753,2941.1438232421874,2888.0005859375,69.14875527196148,3079.4413337861106,2802.8463126982642,29.77369638306287,-14.032536914405682,1.9096818437676166,2870.237548828125
2870.237548828125,2887.090762614308,2845.663876815557,2848.575716817958,870157,0.7604713945595254,21.661832010167018,41.426885798750845,-0.36031084753811893,2934.863623046875,2890.782001953125,69.62172097821048,3074.107065003296,2795.620181090454,35.97973230237531,-14.910088762473606,-1.4542722774806283,2876.060791015625
2876.060791015625,2888.678618824853,2851.3546391063023,2884.619664842959,835883,0.2028836320491223,-8.558873827334082,37.32397971855062,-0.03938829429631663,2928.78193359375,2893.752919921875,69.15535583351263,3067.0926452607755,2790.471221926725,37.23116546361285,-14.96318170241284,-4.15605416246707,2873.943603515625
2873.943603515625,2881.88486772493,2846.502037690796,2867.502312795073,910795,-0.07361414287951895,6.441290720551933,35.382830034133804,0.08962019804207055,2922.8833618164062,2896.3179638671877,68.51522766898128,3059.9138171543686,2785.852906478444,39.53650192917657,-15.003150596070554,-6.3254734491877675,2884.222412109375
2884.222412109375,2886.6489089761594,2848.2661403561187,2851.00155026507,1037927,0.3576551948053508,33.22086184430509,38.38276862004068,0.13958355063433592,2913.755322265625,2898.5071044921874,59.96203825882917,3033.6793987832834,2793.831245747967,47.00294726367472,-14.043527242072287,-7.869084207764672,2873.590087890625
2873.590087890625,2910.9140670266365,2864.3252810692306,2899.487515031026,1163131,-0.3686374592372088,-25.89742714040085,46.58878595740589,0.12062890742797894,2905.70595703125,2900.8868359375,53.32763792926697,3012.361232889784,2799.050681172716,46.33755369119516,-13.979808002206937,-9.091228966653127,2877.781005859375
2877.781005859375,2882.5458924019413,2854.61899125398,2877.3839858359584,709547,0.1458425815989095,0.3970200234166441,27.926901147961416,-0.3899681119323619,2898.4507080078124,2902.7247900390626,45.89964639198609,2990.2500007917847,2806.65141522384,40.328423470377196,-13.436253227001998,-9.960233818722902,2921.811279296875
2921.811279296875,2929.443629089992,2863.531190519576,2869.4429764459805,1245178,1.5300077854378369,52.36830285089445,65.91243857041627,0.7548915011972428,2895.1859619140623,2905.7945263671877,41.359477829935024,2977.9049175739324,2812.4670062541923,42.93003902941588,-9.344885043698923,-9.837164063718106,2924.72265625
2924.72265625,2935.9288318835124,2899.6194872236865,2917.707917742617,1231668,0.0996428815835726,7.0147385073828445,36.30934465982591,-0.010849854398326975,2892.2763671875,2908.493671875,36.64072935031847,2965.557825888137,2818.994908486863,51.4693285332089,-5.800656139794228,-9.029862478933332,2921.591064453125
2921.591064453125,2944.7089228612836,2895.8700638839987,2938.4440618611807,1826057,-0.1070731199138808,-16.85299740805567,48.83885897728487,0.48258865213677704,2890.535925292969,2911.123125,34.17852423149739,2958.892973755964,2822.178876829974,63.4366397617281,-3.2075478696501705,-7.8653995570767,2833.75146484375
2833.75146484375,2913.1640936237372,2823.560134399543,2911.7963885995287,2488376,-3.006567232427415,-78.04492375577865,89.60395922419411,0.3627044500801453,2886.9535278320313,2912.07873046875,36.231811460853685,2959.4171507537385,2814.489904910324,51.46152876913857,-8.14650463117232,-7.921620571895825,2929.3994140625
2929.3994140625,2935.6201129314486,2842.221953738348,2849.148585709542,2885060,3.37531185798694,80.2508283529578,93.39815919310058,0.15941481512440236,2888.4314819335937,2914.8440576171874,37.37015107912547,2963.1717840918445,2813.691179775343,59.706289979808226,-4.293184154730625,-7.195933288462785,2899.796142578125
2899.796142578125,2910.0316341301827,2850.119304301601,2898.5609212000154,3864655,-1.0105577048409753,1.2352213781095998,59.91232982858173,0.339540598809037,2886.4152709960936,2916.489658203125,35.4743411863231,2957.3639533687397,2815.4665886234475,52.228765526528704,-3.5867902342802154,-6.474104677626272,2937.1201171875
2937.1201171875,2955.473300937228,2886.3401103867363,2903.061052704587,2720512,1.2871240864604783,34.05906448291307,69.13319055049169,-0.29605307588905094,2884.7983276367186,2917.70732421875,32.062916560098664,2948.924160756916,2820.672494516521,57.95122224957179,-0.015061521678035206,-5.182296046436625,2942.10546875
2942.10546875,2955.9143556162335,2925.5170107746744,2937.384743237744,2250391,0.16973604631715933,4.720725512256195,30.39734484155906,-0.17280607473887266,2886.088757324219,2919.34234375,33.86601114723655,2953.820779618692,2818.356735029746,62.98391300428187,3.1811649335991206,-3.509603850429476,2977.576171875
2977.576171875,2981.502641592047,2916.207821977424,2949.649271801032,1742837,1.205623098891495,27.926900073968227,65.29481961462307,-0.2255403616527083,2892.013806152344,2922.3035498046875,38.885336111635795,2969.7844783756154,2814.2431339290724,64.35059852505044,8.478650127237415,-1.1119530548960979,3008.710205078125
3008.710205078125,3025.8110015993384,2976.2231200624447,2993.323916583658,1843607,1.045616683032491,15.386288494466953,49.58788153689375,0.057819520701017924,2901.180859375,2925.6994873046874,43.664485574384365,2988.509830523769,2813.8518882262315,66.6103543700421,15.016105276607504,2.113658611404623,3048.73193359375
3048.73193359375,3051.800290054043,2996.9331766913624,3005.0549468178974,1688475,1.330195525247868,43.67698677585258,54.86711336268081,-0.08414591613071554,2910.500451660156,2929.6082177734374,53.680721167116324,3017.861893994389,2803.1390093259233,69.9894291813786,23.159535884606612,6.322834066045021,3059.2001953125
3059.2001953125,3076.3009900989787,3043.182259186601,3050.1760059457965,2421189,0.3433644527221613,9.024189366703467,33.11873091237749,0.433950162128548,2919.258166503906,2934.037783203125,62.67232901779753,3044.602824539501,2793.913508468311,70.00242805830689,30.110865234425546,11.080440299721127,3043.949462890625
3043.949462890625,3056.4929982286035,3033.030105416692,3050.1760655484736,1585044,-0.49852024869909695,-6.226602657848616,23.462892811911388,-0.34534478720992046,2927.643798828125,2938.34587890625,67.63652933399639,3062.9168574961177,2792.3707401601323,69.2709967345532,33.99733703627726,15.663819647032355,3034.92529296875
3034.92529296875,3063.3964349074176,3028.157150767711,3036.6398008661617,1529349,-0.29646254091568736,-1.7145078974117496,35.2392841397068,-0.03513782582691716,2936.961315917969,2940.5269921875,68.99291181273244,3074.947139543434,2798.975492292504,67.58383603721639,35.9349827330052,19.718052264226927,3081.670654296875
3081.670654296875,3085.3706604429835,3028.1573821258276,3057.395670541336,1067916,1.5402475123991843,24.27498375553887,57.21327831715598,-0.30171857437380223,2947.5329711914064,2943.2980078125,74.23077434687032,3095.994519885147,2799.071422497666,67.77961214082839,40.772540433449194,23.92894989807138,3100.982177734375
3100.982177734375,3115.1049457004037,3083.8362182605956,3090.784799878651,1387863,0.6266576024460457,10.197377855723971,31.268727439808117,0.2995994066949086,2958.7790405273436,2946.50642578125,79.67131633417961,3118.121673195703,2799.4364078589842,68.91366026307723,45.63852579566628,28.27086507759036,3095.071533203125
3095.071533203125,3099.80923290407,3072.736663184384,3091.055812758132,874110,-0.1906055627694192,4.015720444992894,27.07256971968627,-0.3701755864952089,2969.8354370117186,2949.1951416015627,82.56945032242876,3134.974337656576,2804.696536366861,68.50508451270555,48.45930592259538,32.308553246591366,3078.1962890625
3078.1962890625,3109.7357881786565,3052.251743528508,3091.6874086767493,1785879,-0.5452295353949532,-13.491119614249328,57.48404465014846,1.0430826783814395,2979.534130859375,2951.6584228515626,83.37226579802811,3146.2786624554315,2812.789599263319,80.72667770632145,48.770902718258185,35.60102314092473,3098.5908203125
3098.5908203125,3120.9708549193124,3055.1845998762938,3086.272889450756,1953798,0.6625481072297434,12.317930861744117,65.78625504301863,0.09402596704479982,2990.7841674804686,2954.6275439453125,83.50444298456885,3157.7930534496063,2823.775281511331,76.22963725549567,50.08615167248672,38.49804884723713,3030.954345703125
3030.954345703125,3112.4428172521584,3024.005764167,3112.4428172521584,2820375,-2.1828140122920003,-81.48847154903342,88.43705308515837,0.443534592624212,2998.442834472656,2957.301884765625,79.52413504724345,3157.491104567143,2839.3945643781694,68.18849097793644,45.15033277408338,39.82850563260638,3075.75927734375
3075.75927734375,3085.369949662629,3027.6151451062065,3034.8344956757596,2205161,1.4782450189044782,40.92478166799037,57.75480455642264,-0.21813198599477024,3006.140234375,2960.3173193359376,79.16608485352694,3164.472404082054,2847.8080646679464,68.83511800597825,44.34288706975349,40.7313819200358,3122.730224609375
3122.730224609375,3130.4911151548795,3086.362919761668,3092.5895219474696,1813847,1.527133401226033,30.14070266190538,44.12819539321163,-0.17745370972913088,3016.0406127929687,2964.3895263671875,80.8123768427157,3177.6653664784,2854.4158591075375,72.02637309244336,46.9519110198039,41.975487739989426,3142.493896484375
3142.493896484375,3162.076345772332,3115.9626442696253,3162.076345772332,1804469,0.6328971910300796,-19.582449287956933,46.11370150270659,-0.005170226595738181,3027.0857543945312,2967.5890478515626,82.30622457856956,3191.6982035516703,2862.473305237392,70.91207186167074,50.03754279953273,43.58789875189809,3122.323974609375
3122.323974609375,3134.2358590554663,3101.4782319079895,3134.2358590554663,1138714,-0.641844424823379,-11.911884446091335,32.757627147476796,-0.3689478733078817,3041.5143798828126,2970.21751953125,71.1708263291643,3183.8560325411413,2899.172727224484,64.81861476989468,50.275835550892225,44.92548611169692,3133.695068359375
3133.695068359375,3152.149492409252,3123.632964557196,3130.4011068970385,1455647,0.36418686345394136,3.2939614623364832,28.516527852056242,0.2783253740623195,3051.7291625976563,2972.97458984375,68.8557309223,3189.440624442256,2914.0177007530565,61.976843990498615,50.79668395379895,46.099725680117324,3176.604736328125
3176.604736328125,3194.4724536099607,3138.6579789733587,3138.6579789733587,1986946,1.369299406378266,37.946757354766305,55.81447463660197,0.3649916497612402,3065.5695922851564,2976.55279296875,64.3838155536188,3194.337223392394,2936.8019611779187,65.16310246253911,54.04886993131777,47.68955453035741,3195.330322265625
3195.330322265625,3201.421650359285,3163.249283575588,3172.0027035874955,1655427,0.589484291934439,23.32761867812951,38.17236678369727,-0.16684852029194552,3078.4801025390625,2980.6210986328124,63.14777667940265,3204.7756558978676,2952.1845491802574,69.37730709757906,57.47471628557014,49.64658688139996,3192.352294921875
3192.352294921875,3196.683950073236,3165.8210448180002,3176.5147978181903,1187821,-0.09319935791922696,15.837497103684655,30.862905255235546,-0.2824685111454628,3090.9924438476564,2983.13248046875,59.384055120259966,3209.7605540881764,2972.2243336071365,70.4680517702955,59.26623798543369,51.57051710220671,3142.583984375
3142.583984375,3202.6851807113194,3134.462212995343,3202.6851807113194,1087939,-1.5589855363407845,-60.10119633631939,68.22296771597621,-0.08408842746508105,3099.2428344726563,2985.2926123046873,54.01749786899122,3207.277830210639,2991.2078387346737,57.857947770524916,56.02433149030003,52.46127997982537,3158.556884765625
3158.556884765625,3180.8917554026953,3153.954459659008,3162.9786498154,1579818,0.5082728248486879,-4.421765049774876,26.937295743687173,0.45212001775834865,3106.7351684570312,2988.0060302734373,51.113500972116256,3208.962170401264,3004.5081665127987,57.49179107132873,54.120113823105385,52.79304674848137,3177.1015625
3177.1015625,3181.929592578164,3122.505209592746,3146.7352493817516,1429449,0.5871250197778455,30.3663131182484,59.424382985418106,-0.09518121707690375,3113.1536499023437,2991.8059375,51.50489283126065,3216.163435564865,3010.1438642398225,60.33420580754101,53.49079947208429,52.932597293201965,3210.851806640625
3210.851806640625,3226.147763863208,3182.831654026723,3183.012093754283,1618931,1.062296671248597,27.839712886342113,43.31610983648534,0.13255597086709625,3120.73623046875,2996.3646826171876,54.234563524220846,3229.2053575171917,3012.267103420308,66.03045259962296,55.08049232541316,53.36217629964421,3159.504150390625
3159.504150390625,3193.570467173406,3149.442266805479,3182.0646250812088,1061369,-1.5991910976334567,-22.56047469058376,44.12820036792709,-0.3444013364374393,3126.51396484375,3000.426767578125,51.72064098923185,3229.9552468222137,3023.072682865286,56.84859424588633,51.60217093043775,53.010175225802925,3147.005859375
3147.005859375,3178.319754975871,3135.951226496393,3160.2713747659004,1296082,-0.3955776103057085,-13.265515390900418,42.3685284794783,0.22114175183183238,3132.1179931640627,3005.258896484375,47.144123728123446,3226.4062406203097,3037.8297457078156,64.89459504682262,47.291916754433714,51.86652353152908,3114.248046875
3114.248046875,3166.498020154709,3108.607927983963,3153.0520648453344,1139541,-1.04091997167447,-38.80401797033437,57.89009217074636,-0.12078016668698432,3133.746862792969,3009.54705078125,45.85453906017052,3225.45594091331,3042.037784672628,55.09746126058778,40.76283893272739,49.64578661176874,3069.62353515625
3069.62353515625,3110.638436535389,3063.712646370074,3081.7158621873755,1218430,-1.4329144964393081,-12.092327031125478,46.92579016531499,0.0692287508742555,3132.1789306640626,3012.1371142578123,47.53903915564296,3227.2570089753485,3037.1008523527767,42.92255003588749,31.62314068536216,46.04125742648743,3080.677734375
3080.677734375,3115.510972284333,3075.443660607491,3087.1751064959585,1441570,0.3601157957041634,-6.4973721209585165,40.06731167684211,0.18313731605426664,3131.4592407226564,3014.3614892578125,48.23424195016749,3227.9277246229913,3034.9907568223216,41.56606640716341,24.983847230542324,41.82977538729841,3068.63037109375
3068.63037109375,3098.861404900383,3052.2515558298396,3088.5287523343754,977592,-0.3910621077570786,-19.89838124062544,46.60984907054353,-0.3218560319651491,3130.9809448242186,3017.4081591796876,48.833901799124064,3228.6487484224667,3033.3131412259704,42.50822487758916,18.536362156831274,37.17109274120499,3006.724609375
3006.724609375,3059.200182190444,2992.421181163278,3059.200182190444,1128022,-2.017374340744893,-52.47557281544414,66.77900102716603,0.15387810047545392,3126.3876342773438,3020.3611474609374,55.856392948622066,3238.1004201745877,3014.6748483801,34.47357374911407,8.33532178069754,31.4039385491035,2989.578857421875
2989.578857421875,3061.0052327901076,2977.892355176233,3003.701626574845,4116217,-0.570246836030952,-14.122769152969795,83.11287761387439,2.6490573765405285,3124.3188598632814,3023.645341796875,60.176201073208105,3244.671262009698,3003.966457716865,25.59180609508661,-1.1196880348215927,24.89921323231848,3055.320068359375
3055.320068359375,3058.2980952242915,2991.5190869485177,2998.7384391945475,1669307,2.1990124386346954,56.58162916482752,66.77900827577378,-0.5944560260064035,3123.2968994140624,3027.50494140625,61.20897786220977,3245.714855138482,3000.8789436896427,33.72491259138174,-3.270386156982113,19.265293354458365,2997.339111328125
2997.339111328125,3041.061261510807,2994.2258102904307,3033.029821695641,1556538,-1.8977048470860902,-35.6907103675162,46.8354512203764,-0.06755438035064854,3117.02734375,3029.7708056640627,67.38074734493019,3251.7888384398602,2982.2658490601398,29.901335190616436,-9.543398224905559,13.503555038585581,3016.01904296875
3016.01904296875,3030.322469733253,3006.047491023933,3026.7127943672813,1043190,0.623217158513234,-10.693751398531276,24.27497870931984,-0.329801135597075,3110.7036010742186,3032.5664501953124,70.71718105554707,3252.137963185313,2969.2692389631243,36.062703718798964,-12.859257597674514,8.230992511333563,3042.82177734375
3042.82177734375,3072.691715860364,3031.2256043654165,3033.842531496865,1334132,0.8886792156530099,8.979245846885078,41.466111494947654,0.2788964618142429,3106.7284912109376,3036.45138671875,72.24751067494225,3251.223512560822,2962.233469861053,37.55218199377886,-13.172499006850103,3.95029420769683,3059.56103515625
3059.56103515625,3064.6146692630373,3005.8221644268447,3035.7372636633854,1844590,0.5501228477177822,23.82377149286458,58.79250483619262,0.3826143140258984,3103.0217895507812,3040.2378564453124,72.69153757285567,3248.4048646964925,2957.63871440507,37.30871307778852,-11.932476706981106,0.7737400247612429,3011.23681640625
3011.23681640625,3054.68820151513,3005.8223026074047,3054.68820151513,1648500,-1.5794494110339619,-43.451385108880004,48.865898907725295,-0.10630546625537385,3094.7533935546876,3042.941376953125,73.28381628305114,3241.32102612079,2948.185760988585,29.104455869882898,-14.679890056577278,-2.3169859915064612,3005.95751953125
3005.95751953125,3011.5976379632734,2968.9583426171757,2989.6236484252595,1024404,-0.1753198833860048,16.33387110599051,42.6392953460977,-0.37858416742493173,3085.2847534179687,3045.5816552734377,71.82424549772746,3228.9332444134234,2941.636262422514,32.21115798155516,-17.08627018026027,-5.270842829257224,2961.69384765625
2961.69384765625,3040.9714410429538,2952.7148231102783,3007.7623794090946,1901233,-1.4725315174082154,-46.06853175284459,88.25661793267545,0.8559406249877979,3073.7518310546875,3047.131083984375,72.24476311874926,3218.241357292186,2929.262304817189,30.00287691240908,-22.307900567131128,-8.678254376832005,2901.23193359375
2901.23193359375,2981.9532694589166,2896.2234640568317,2959.9343338825,2670334,-2.041464012573302,-58.70240028875014,85.72980540208482,0.4045274829544827,3061.684228515625,3047.6839208984375,79.89450914273226,3221.4732468010893,2901.8952102301605,28.310174689163063,-30.9678730681876,-13.136178115103124,2886.747802734375
2886.747802734375,2942.2016217694713,2880.521200296672,2932.861497795797,1780522,-0.4992407084611683,-46.11369506142182,61.68042147279948,-0.3332212374931376,3048.0937744140624,3047.8632568359376,85.47204895983555,3219.0378723337335,2877.1496764943913,30.16146606076947,-38.55527081627952,-18.219996655338406,2874.20458984375
2874.20458984375,2905.608815924938,2862.4731425382656,2894.960227384223,1901060,-0.43451017365437883,-20.75563754047289,43.13567338667235,0.0676981244825956,3032.94892578125,3046.911123046875,88.2016416591291,3209.3522090995084,2856.545642462992,27.673723381563136,-45.06103508521892,-23.58820434131451,2869.060546875
2869.060546875,2907.0522516200167,2837.205114597425,2843.0708376396906,6739966,-0.17897274908428296,25.98970923530942,69.8471370225916,2.5453725816123636,3015.8593627929686,3045.797880859375,84.97057221111028,3185.800507215189,2845.918218370748,28.093135489293104,-50.05497877964217,-28.88155922898004,2836.57373046875
2836.57373046875,2860.3523392948427,2793.0320130478685,2860.3523392948427,2289468,-1.132315469662526,-23.77860882609275,67.32032624697422,-0.6603146069282841,2999.712841796875,3044.0975341796875,86.89839040486144,3173.509622606598,2825.9160609871524,30.03285560722709,-55.9887265295647,-34.302992689096975,2803.00390625
2803.00390625,2848.7113431184507,2795.1978492579433,2836.573850929424,1815297,-1.1834638337852255,-33.569944679424225,53.513493860507424,-0.207109686617153,2982.512744140625,3043.4825830078125,90.19206989098356,3162.8968839225918,2802.128604358658,28.918142770836724,-62.67756072681641,-39.97790629664087,2825.29345703125
2825.29345703125,2836.7541342993322,2803.003751733395,2824.616642779389,1123939,0.7952022732308661,0.6768142518608329,33.75038256593734,-0.38085117752081343,2968.0650146484377,3041.4004638671877,91.1177827858144,3150.3005802200664,2785.829449076809,21.17819012093554,-65.42574232072548,-45.06747350145779,2819.743408203125
2819.743408203125,2839.326076534462,2798.4012872223343,2810.944823053039,1372218,-0.19644149935337252,8.798585150086183,40.924789312127814,0.22090077842302835,2955.571008300781,3039.7994091796877,93.55823360057346,3142.687475501928,2768.4545410996343,24.38168691671069,-67.27602248092353,-49.50918329735094,2815.99853515625
2815.99853515625,2860.668276380488,2802.9134594440998,2841.6271470449155,1329577,-0.13280900084668978,-25.628611888665546,57.754816936388124,-0.031074508569338133,2942.337048339844,3037.3769775390624,93.64989303403736,3129.6368344079187,2755.037262271769,19.847693467277495,-68.25773017164511,-53.258892672209775,2817.622802734375
2817.622802734375,2845.1014163917093,2802.9133294148437,2829.083479625092,1524217,0.05767998661387885,-11.460676890716968,42.188086976865634,0.14639242405667363,2929.786669921875,3034.88732421875,92.64793193831312,3115.082533798501,2744.4908060452485,13.263424522778777,-68.11943730006169,-56.231001597780164,2811.84716796875
2811.84716796875,2842.2136983642395,2806.6582589143677,2821.864106617975,1303530,-0.204982539182319,-10.016938649224812,35.555439449871756,-0.1447871267673828,2920.0427978515627,3031.572744140625,94.36228207557157,3108.767362002706,2731.3182337004196,8.091526247007536,-67.69553269764538,-58.52390781775321,2832.602783203125
2832.602783203125,2842.6197217781473,2801.1987796733742,2823.6689236329594,1740616,0.7381487682123433,8.933859570165623,41.420942104773076,0.33530950572675744,2912.193994140625,3028.050595703125,94.8014499886281,3101.796894117881,2722.591094163369,16.669384676075524,-64.93623605087168,-59.80637346437691,2893.064697265625
2893.064697265625,2899.47195965751,2844.4244061128143,2878.6711597054764,2382581,2.134500270247175,14.393537560148616,55.0475535446958,0.36881483336933596,2904.0812255859373,3024.9372509765626,88.65174326192954,3081.3847121097965,2726.777739062078,32.532741029505644,-57.21120723088234,-59.287340217678,2887.74072265625
2887.74072265625,2910.256032039784,2864.0522245407105,2910.256032039784,1521830,-0.18402542516270382,-22.515309383533804,46.203807499073264,-0.36126830525384024,2898.6013061523436,3021.5080615234374,85.92925135406163,3070.4598088604666,2726.7428034442205,36.98997034741287,-50.93155918142929,-57.61618401042826,2923.656982421875
2923.656982421875,2945.8114118907883,2874.6555889687143,2874.6555889687143,2655065,1.2437494642035585,49.001393453160745,71.1558229220741,0.7446528193030759,2893.983203125,3019.1022119140625,81.66272518556647,3057.3086534961326,2730.657752753867,54.31798715505416,-42.56607563794523,-54.606162335931664,2906.420166015625
2906.420166015625,2939.493947008746,2901.2764229528125,2910.3006108935674,1703464,-0.5895635674733501,-3.880444877942409,38.21752405593361,-0.358409681118918,2887.163122558594,3016.532109375,73.90559408417431,3034.9743107269423,2739.3519343902453,53.74821841240543,-36.90185507488286,-51.06530088372191,2944.9541015625
2944.9541015625,2952.7149931554736,2901.2771097172517,2905.7892047556925,2203187,1.325821228377344,39.16489680680752,51.43788343822189,0.29335694796015654,2881.4327758789063,3013.7977783203123,63.5530112030696,3008.5387982850457,2754.326753472767,62.26528812147541,-28.969609290113112,-46.646162565000154,2900.194580078125
2900.194580078125,2953.5725823132193,2880.657074154327,2945.4959753413264,2348779,-1.5198716156773706,-45.30139526320136,72.91550815889241,0.0660824523746737,2875.8806640625,3009.7820263671874,56.02025802460344,2987.9211801117067,2763.840148013293,54.74562130146687,-25.995308929971998,-42.51599183799453,2925.326171875
2925.326171875,2942.742900903807,2886.8380934850798,2912.9630768697316,2417727,0.8665484712476745,12.363095005268406,55.90480741872716,0.029354826486442498,2871.8490966796876,3006.387119140625,48.57274310203752,2968.9945828837626,2774.7036104756125,63.83842921095106,-21.36397444258955,-38.28558835891353,2877.67919921875
2877.67919921875,2914.813656593064,2869.692702156639,2896.7652748184937,4174070,-1.628774702607283,-19.086075599743708,45.12095443642511,0.7264438871717114,2867.6483642578123,3002.37677734375,43.791313628357,2955.2309915145265,2780.065737001098,61.15385737415581,-21.292870033969393,-34.88704469392471,2833.144775390625
2833.144775390625,2854.712503837047,2770.6522524743004,2828.2718003586724,5505048,-1.5475812536788536,4.872975031952592,84.06025136274638,0.31886815506208577,2864.244006347656,2997.0678564453124,43.689546079733766,2951.623098507124,2776.8649141881883,51.099637204181214,-24.54711127237715,-32.8190580096152,2825.248046875
2825.248046875,2848.8012689229336,2807.064393679631,2847.08654077672,2617302,-0.27872661447512215,-21.838493901720085,41.73687524330262,-0.5245632735627374,2861.1690185546877,2992.95373046875,44.18377012174338,2949.5365587981746,2772.8014783112008,50.765931976190785,-27.446929773545435,-31.744632362401248,2788.11376953125
2788.11376953125,2833.595598009388,2771.779897861731,2825.2482224420037,3298034,-1.3143722861723273,-37.13445291075368,61.815700147657026,0.2600892063659448,2856.8644775390626,2987.2008203125,46.95376624386685,2950.772010026796,2762.956945051329,46.44989836071688,-32.36836035574561,-31.86937796107012,2801.830810546875
2801.830810546875,2809.2306029576653,2777.6459350798887,2788.474964066555,2419999,0.4919828295934625,13.355846480319997,31.58466787777661,-0.2662298205536996,2853.5029907226562,2980.78283203125,48.41837170255693,2950.33973412777,2756.6662473175425,48.04952712702378,-34.76107494333655,-32.44771735752341,2852.4111328125
2852.4111328125,2855.6597089636048,2798.2208287767953,2806.523039363576,1929184,1.805259692170802,45.88809344892388,57.438880186809456,-0.2028161995108262,2854.2948608398438,2974.9811767578126,48.25616229179768,2950.807185423439,2757.7825362562485,54.510822172340276,-32.20467377062096,-32.39910864014292,2865.0
2865.0,2870.5497889454005,2821.097181701511,2843.612712906917,1640676,0.4413412583720744,21.38728709308316,49.45260724388936,-0.14954923947119614,2857.394665527344,2969.834697265625,46.75588844604565,2950.9064424194353,2763.8828886352526,53.66930441962337,-28.830550412132652,-31.685396994540866,2866.082763671875
2866.082763671875,2879.7994885025946,2840.3638219953486,2872.3996967152325,2024090,0.0377927983202353,-6.316933043357494,39.43566650724597,0.23369269740033993,2859.434130859375,2964.482451171875,46.167860812959134,2951.769852485293,2767.0984092334566,46.46910506870865,-25.772078879240325,-30.50273337148076,2886.07080078125
2886.07080078125,2895.3205941340657,2870.5944053958196,2870.5944053958196,2000029,0.697399159672818,15.47639538543035,24.726188738246037,-0.011887317263560404,2862.7505004882814,2958.6717724609375,45.54474297359845,2953.8399864354783,2771.6610145410846,49.789548563207426,-21.48765430338608,-28.699717557861824,2876.866455078125
2876.866455078125,2887.018668292053,2861.254563139059,2874.20436323212,2434446,-0.3189230735653914,2.6620918460048415,25.764105152994034,0.2172053505224174,2865.793896484375,2952.3024951171874,44.27213532940999,2954.3381671431953,2777.249625825555,43.67756484608087,-18.620287648440353,-26.683831575977532,2905.112060546875
2905.112060546875,2912.3314117884297,2884.356425727405,2888.1013760571154,2931312,0.9818184441231947,17.01068448975957,27.974986061024538,0.20409818085921816,2870.168359375,2946.5576904296877,43.57882308405252,2957.326005543105,2783.0107132068947,49.82835263378435,-13.908367609042216,-24.12873878259047,2905.248046875
2905.248046875,2919.325873371138,2896.7653952152564,2919.325873371138,2321159,0.004680932276990291,-14.077826496138186,22.56047815588181,-0.2081501389139061,2874.8384033203124,2941.8109716796876,41.975054938970594,2958.7885131982534,2790.8882934423714,44.20597372246131,-10.0473445365119,-21.312459933374758,2869.60205078125
2869.60205078125,2902.1794643631756,2863.510722614443,2902.1794643631756,2468285,-1.2269518994115547,-32.57741358192561,38.66874174873283,0.06338471427420522,2876.688366699219,2936.031875,40.8149379237209,2958.3182425466607,2795.058490851777,45.413867134745715,-9.75138205085068,-19.000244356869942,2906.420166015625
2906.420166015625,2909.8042364934086,2867.886927572018,2869.827039852445,1953253,1.2830390619616105,36.59312616317993,41.917308921390486,-0.2086598589709049,2877.3561401367188,2930.6182470703125,41.20436950329731,2959.7648791433135,2794.947401130124,47.261741178866764,-6.471318124005393,-16.494459110297033,2915.44482421875
2915.44482421875,2927.447040179334,2896.809961242115,2905.788985628069,1710027,0.3105076928879402,9.655838590681014,30.63707893721903,-0.12452355122454695,2878.741345214844,2924.710107421875,42.029271564086905,2962.7998883430178,2794.68280208667,56.15883461191156,-3.1078044998857877,-13.817128188214785,2933.4033203125
2933.4033203125,2937.2386011027506,2915.9865893662864,2928.349685732607,928235,0.6159779099425222,5.053634579892787,21.252011736464283,-0.4571810854448497,2879.228662109375,2920.1880908203125,42.62967905894027,2964.488020227255,2793.9693039914946,67.90195358715638,0.9954301304769615,-10.854616524476436,2962.8671875
2962.8671875,2976.177867775832,2929.2520796847634,2935.208133223178,1107375,1.0044260529561644,27.65905427682219,46.925788091068625,0.19298992173318186,2882.0510131835936,2916.5053173828123,46.240340629896686,2974.531694443387,2789.5703319238,72.81572339161309,6.549265127849594,-7.373840194011231,2966.070556640625
2966.070556640625,2983.848165339088,2947.345364010718,2968.9582531273554,1559987,0.10811720330021757,-2.8876964867304196,36.50280132836997,0.40872513827745793,2883.1068359375,2913.541767578125,47.96127980557189,2979.0293955486436,2787.184276326356,83.24338129660457,11.081464272304856,-3.682779300748013,2961.874755859375
2961.874755859375,2986.7364460851772,2952.7152901369464,2986.104796779693,1719623,-0.14145991139206116,-24.23004092031806,34.0211559482309,0.1023316219942858,2886.1908447265623,2911.3867919921877,51.004424398365,2988.1996935232924,2784.1819959298323,80.99989974709787,14.17134030011357,-0.11195538057569676,2954.790283203125
2954.790283203125,2968.958216036899,2941.885648717414,2959.1668827295052,1027479,-0.2391887989941166,-4.376599526380232,27.072567319485188,-0.4024975241666342,2887.6640502929686,2908.86904296875,52.5950154189283,2992.8540811308253,2782.474019455112,73.84899569706324,15.865543468409669,3.0835443892213767,2937.418701171875
2937.418701171875,2970.7630356526083,2931.372538570999,2963.5436844116543,1150390,-0.5879125205602853,-26.12498323977934,39.39049708160928,0.11962385605934522,2890.651025390625,2906.2448095703126,53.68321550876816,2998.0174564081613,2783.2845943730886,66.50206896858661,15.626339481323157,5.5921034076417335,2940.216064453125
2940.216064453125,2964.4461001565937,2933.267482954537,2938.4563916534416,986306,0.09523202395811392,1.7596727996833579,31.178617202056557,-0.1426333678143934,2896.00458984375,2904.914638671875,52.98081886324802,3001.9662275702462,2790.042952117254,66.76179646271721,15.484002494146807,7.570483224942749,2895.591796875
2895.591796875,2959.93431554151,2886.161562402632,2938.2310945607733,1588815,-1.517720691265767,-42.63929768577327,73.77275313887776,0.6108743128400314,2899.52177734375,2903.0348974609374,50.30362864798287,3000.1290346397154,2798.914520047784,51.936941858963536,11.636258409709171,8.383638261896035,2887.60546875
2887.60546875,2913.865728945654,2883.228648558824,2911.1584719986504,1369364,-0.2758098753290805,-23.553003248650384,30.63708038683035,-0.13812243716228767,2904.4963623046874,2899.68060546875,43.11183153211078,2990.720025368909,2818.272699240466,52.195615258445386,7.851951160822409,8.27730084168131,2908.361083984375
2908.361083984375,2918.8741769245094,2890.4931442019483,2896.764912019686,1152449,0.7187829313593852,11.596171964688892,28.38103272256103,-0.15840565401164342,2909.8228759765625,2897.901044921875,35.70438270385318,2981.2316413842686,2838.4141105688564,50.685257388607056,6.453275743373524,7.9124958220197525,2976.809326171875
2976.809326171875,2985.6079108748772,2903.126907529479,2914.813188789529,1333243,2.3534987648001326,61.996137382346205,82.48100334539822,0.15687809178540646,2916.0427856445312,2897.1168505859373,36.01066119336275,2988.0641080312566,2844.021463257806,61.71682939874275,10.7441644569858,8.478829549012962,2975.320068359375
2975.320068359375,3003.20472227489,2969.048301510356,2983.3966728810387,1687418,-0.05002865986096783,-8.07660452166374,34.15642076453423,0.2656492477365342,2921.5587890625,2895.76681640625,36.229161762054595,2994.0171125866095,2849.100465538391,69.48924452909878,13.864730040078484,9.556009647226068,2981.005859375
2981.005859375,2993.5042301988665,2956.324611866416,2956.324611866416,1016555,0.19109846621510052,24.681247508583965,37.179618332450445,-0.3975677632927941,2927.3049438476564,2894.195712890625,36.08067711243199,2999.46629807252,2855.1435896227927,65.53291878727484,16.605182358106504,10.965844189402155,2972.116943359375
2972.116943359375,2983.3971807335947,2948.293170151878,2972.5681528543437,1374917,-0.2981851239127975,-0.4512094949686798,35.10401058171692,0.3525259331762669,2931.6072509765627,2893.4133154296874,36.035182932158655,3003.67761684088,2859.5368851122453,61.80898591747054,17.85394022017954,12.343463395557633,3004.0625
3004.0625,3012.861085188572,2969.860908265637,2972.1169557498865,1791115,1.0748418467180887,31.94554425011347,43.00017692293477,0.3027077270846168,2937.9670532226564,2893.3754150390623,37.07490316798533,3012.1168595586273,2863.8172468866856,63.9125502336224,21.17721155102481,14.11021302665107,2996.346923828125
2996.346923828125,3042.9567756365113,2988.8116372799896,3032.84972720672,1210372,-0.2568380708415696,-36.50280337859522,54.145138356521784,-0.3242354622679169,2942.5287963867186,2894.0684765625,38.408462052605664,3019.34572049193,2865.711872281507,57.20948963208381,22.92409085861982,15.87298859304482,2992.6015625
2992.6015625,3002.302565838326,2979.200773799653,2991.5187038651916,1344224,-0.1249975861720265,1.0828586348084173,23.10179203867301,0.11058748880509461,2946.8964721679686,2895.895869140625,38.90939879363479,3024.7152697552383,2869.077674580699,55.69985282377982,23.732710029465125,17.44493288032888,2968.507080078125
2968.507080078125,3002.9794392550057,2946.5330909329136,2986.1042492714746,5815424,-0.8051349943741459,-17.5971691933496,56.446348322092035,3.3262313423953147,2951.8417236328123,2897.5310546875,34.61697600804383,3021.0756756489,2882.6077716167247,51.31264109224727,22.173718360098064,18.39068997628272,2999.640625
2999.640625,3014.0793283694343,2975.7265225443743,2990.6164353941035,1177314,1.0487946998952724,9.024189605896481,38.35280582505993,-0.7975531964651245,2956.5027465820312,2900.039775390625,34.45476050506316,3025.4122675921576,2887.593225571905,58.10503763823702,23.183181822480492,19.349188345522272,2983.03662109375
2983.03662109375,3010.3797431667695,2975.6817733469197,3001.671487107062,2030661,-0.55353310552827,-18.63486601331215,34.69796981984973,0.7248253227261376,2959.8823364257814,2902.319296875,33.51774146496998,3026.9178193557213,2892.8468534958415,58.26668259382645,22.385340271170662,19.95641873065195,2967.965576171875
2967.965576171875,3002.347826057909,2964.491395428479,2991.518798732182,1861468,-0.5052249380816942,-23.55322256030695,37.85643062943018,-0.08331917538180922,2961.61044921875,2904.9471337890627,32.96713982717029,3027.5447288730907,2895.6761695644095,54.81448097199466,20.302898546078268,20.025714693737214,2916.888916015625
2916.888916015625,2967.920753448757,2906.330658002561,2959.9342573409676,2022849,-1.720931690256644,-43.04534132534263,61.590095446195846,0.08669555426147535,2959.3115356445314,2907.224833984375,34.44488345458266,3028.2013025536967,2890.421768735366,53.614086955513,14.365492412290223,18.893670237447814,2955.331787109375
2955.331787109375,2958.8965182829807,2924.739872252775,2935.568899857537,1567196,1.317940867842915,19.762887251838038,34.15664603020559,-0.22525309600469434,2958.7745971679688,2909.8256005859375,34.41766521854503,3027.6099276050586,2889.939266730879,60.41632716204677,12.61663695412517,17.638263580783285,2920.6337890625
2920.6337890625,2950.9099891306146,2917.520487724549,2942.7882185183284,1759366,-1.174081306140362,-22.15442945582845,33.38950140606539,0.12262027212933169,2956.712548828125,2911.843408203125,35.44232326851637,3027.597195365158,2885.827902291092,51.80992363388913,8.334740247218178,15.777558914070266,2896.1337890625
2896.1337890625,2932.8622039843463,2892.569277524169,2928.350108285909,1775689,-0.8388590206601765,-32.216319223408846,40.292926460177114,0.009277773925379984,2953.7797241210938,2913.44611328125,37.94807332263056,3029.675870766355,2877.8835774758327,36.33039986166876,2.930579120755283,13.20816295540727,2930.064208984375
2930.064208984375,2936.8323515906563,2897.6674545025,2901.2771305591828,2324605,1.1715763978175309,28.78707842519225,39.16489708815652,0.3091284566159953,2953.411999511719,2915.69494140625,38.150055023471005,3029.712109558661,2877.111889464777,43.09138831162249,1.3698529998214326,10.840500964290102,2927.17626953125
2927.17626953125,2946.3978370029945,2922.9349445796934,2941.885742306206,1371928,-0.09856232652751817,-14.709472774955884,23.462892423301128,-0.40982317425971293,2952.760009765625,2918.0015234375,38.49729059539581,3029.7545909564165,2875.7654285748335,41.71175058942405,-0.09892591739708223,8.652615587952665,2933.8095703125
2933.8095703125,2938.141225924814,2911.0686537442966,2927.176702001411,1658544,0.22661090998501443,6.632868311089169,27.072572180517454,0.20891475354391775,2954.6708984375,2920.0256591796874,36.40175744786692,3027.4744133332338,2881.8673835417662,44.060481212046874,-0.7193990703613053,6.778212656289871,2924.03564453125
2924.03564453125,2952.3549628143746,2918.3080796100494,2950.4004215744562,2273810,-0.3331479275326288,-26.36477704320623,34.04688320432524,0.3709675474391996,2956.4924072265626,2920.645078125,33.6788704632539,3023.85014815307,2889.134666300055,36.67583154615473,-1.9770128671098064,5.027167551609936,2886.39794921875
2886.39794921875,2908.6716434866084,2869.2154738515223,2906.489819361,4156189,-1.287183190905794,-20.091870142250173,39.4561696350861,0.8278523711303936,2955.394250488281,2920.61822265625,35.632295965628295,3026.658842419538,2884.1296585570244,33.352629232622036,-5.942229993569072,2.833288042574134,2918.671630859375
2918.671630859375,2922.762716935374,2886.4885091770993,2900.1254627637627,1468186,1.1181300086968493,18.546168095612302,36.27420775827477,-0.6467470560169424,2952.4873657226562,2920.518515625,36.16082173679372,3024.8090091962436,2880.165722249069,39.6963941445595,-6.40662516127486,0.9853054018043352,2934.39990234375
2934.39990234375,2938.76377229002,2910.171667991738,2921.9448612962487,1528452,0.538884584277266,12.455041047501254,28.59210429828181,0.0410479326188915,2950.441357421875,2921.0781103515624,35.958013942705634,3022.3573853072867,2878.5253295364637,45.13298815568251,-5.442780628259243,-0.30031180420838033,2962.128173828125
2962.128173828125,2965.0373462739954,2930.990462369648,2954.6733500744476,1645987,0.9449383999170724,7.454823753677374,34.046883904347396,0.07689806418520173,2949.4974731445313,2921.421591796875,35.35621073622517,3020.2098946169817,2878.785051672081,44.5945308899529,-2.4136639027465208,-0.7229822239160084,2944.21875
2944.21875,2970.7198119240816,2936.5821435529915,2963.7650532654006,1529603,-0.6046133987841484,-19.54630326540064,34.13766837109006,-0.07070772733928032,2948.1025634765624,2922.3020751953127,34.96500516716941,3018.0325738109013,2878.1725531422235,44.42738759654059,-1.4415901479333115,-0.8667038087194691,2924.08154296875
2924.08154296875,2954.1281240159633,2917.535626765662,2943.1277797551047,1119505,-0.6839575704505663,-19.04623678635471,36.59249725030122,-0.2681074762536423,2944.103515625,2922.2771826171875,32.730259134011575,3009.564033893023,2878.642997356977,43.79042293068795,-2.269952409214511,-1.1473535288184775,2899.8076171875
2899.8076171875,2921.8540288219324,2884.670685198081,2913.762857251765,1978803,-0.8301384699622716,-13.955240064265126,37.183343623851215,0.7675695954908643,2939.2765502929688,2922.7197509765624,31.723217819782395,3002.7229859325334,2875.830114653404,47.384620905538334,-4.829467321152606,-1.8837762872853032,2906.8076171875
2906.8076171875,2917.989741403973,2893.125162893644,2911.034983956594,863542,0.2413953242453193,-4.2273667690938055,24.86457851032901,-0.5636038554621152,2934.986853027344,2924.1930078125,29.880052372161412,2994.7469577716665,2875.226748283021,41.77868741928839,-6.221344049068648,-2.7512898396419727,2923.263427734375
2923.263427734375,2937.354949548723,2903.2170571492807,2916.490450350226,1575872,0.5661128190794118,6.772977384148817,34.137892399442535,0.824893288340347,2932.7246704101562,2926.1533154296876,28.905487314324496,2990.5356450388053,2874.913695781507,50.474887109048126,-5.9282330196328985,-3.3866784756401582,3002.17578125
3002.17578125,3009.2215416572035,2922.036027465169,2927.3998078961313,2672406,2.6994609095761346,74.77597335386872,87.18551419203459,0.6958268184218008,2932.851428222656,2930.4345556640624,29.218241605698566,2991.287911434053,2874.414945011259,66.00478137445354,0.6639731445006873,-2.5765481516119895,2974.94775390625
2974.94775390625,3017.222321791973,2971.720296267923,3013.1312345772258,1687264,-0.9069431414976403,-38.18348067097577,45.50202552405017,-0.3686348556319661,2932.446984863281,2933.89689453125,28.53500414724456,2989.5169931577702,2875.376976568792,56.914099432935764,3.6492040189559702,-1.3313977174983977,3008.176513671875
3008.176513671875,3013.767577408775,2979.4934022921266,2991.0393151357075,1656681,1.1169527169676785,17.13719853616749,34.27417511664862,-0.018125794185142374,2934.4575317382814,2937.0122021484376,32.333157172650594,2999.1238460835825,2869.7912173929803,61.41103555963694,8.597201021339515,0.6543220302691848,3018.267333984375
3018.267333984375,3026.495008241709,3004.6758793147633,3018.312834894104,1453008,0.3354464163468629,-0.04550090972907128,21.819128926945723,-0.12294038502282578,2939.5264526367187,2940.077548828125,37.038227417871646,3013.602907472462,2865.4499978009753,61.78332971142102,13.180828771539836,3.159623378523315,3020.94921875
3020.94921875,3025.9949366964006,3001.9484827926003,3006.0850703686824,1848238,0.08885511019611769,14.864148381317591,24.046453903800284,0.2720081376014447,2942.80732421875,2943.1748779296877,41.18593998204737,3025.179204182845,2860.4354442546555,63.79410759013335,16.835720764863254,5.894842855791303,3026.72265625
3026.72265625,3051.860025287149,3001.9488506232638,3001.9488506232638,1789326,0.19111335815134023,24.773805626736248,49.91117466388505,-0.03187468280600225,2948.111767578125,2945.9879150390625,44.8487084208935,3037.809184419912,2858.4143507363383,71.96541909210977,19.967939183964063,8.709462121425855,2974.628662109375
2974.628662109375,3022.630783458653,2968.492032952793,3022.630783458653,1407431,-1.7211353684175257,-48.002121349277786,54.13875050585966,-0.21342952597793807,2952.036511230469,2947.9431591796874,43.474184404868865,3038.9848800402065,2865.0881424207314,58.24735739124427,18.03875534515919,10.575320766172522,2975.0380859375
2975.0380859375,2995.58452074979,2964.4923069892843,2995.58452074979,1110172,0.013763863481197625,-20.546434812290045,31.09221376050573,-0.21120680161229932,2954.285205078125,2949.3416796875,43.440974700888766,3041.1671544799024,2867.4032556763473,56.2728088092313,16.354377254376686,11.731132063813355,2963.673828125
2963.673828125,2990.2658898660156,2954.7645285933795,2982.811065666501,1515240,-0.38198696904812035,-19.13723754150078,35.50136127263613,0.36486958777558787,2956.1100830078126,2950.5101953125,43.00666756346181,3042.1234181347363,2870.096747880889,50.25127742281683,13.9417826596964,12.173262182989966,3036.9951171875
3036.9951171875,3061.450632260369,2975.356041518413,2985.5837568853312,4585146,2.4739999512324085,51.41136030216876,86.09459074195593,2.0260196404529975,2961.2693603515627,2953.858056640625,46.25706698608538,3053.7834943237335,2868.755226379392,62.78012820081656,17.74168422543471,13.286946591478914,3195.275634765625
3195.275634765625,3204.5489440446368,3047.4056379248523,3059.2243352079736,6306101,5.211747515903342,136.05129955765142,157.14330611978448,0.37533265025802875,2974.8313598632812,2959.635166015625,68.95789673996434,3112.74715334321,2836.9155663833526,77.0590943526758,33.142996720773226,17.258156617337775,3174.410400390625
3174.410400390625,3227.3217423976093,3161.0917295383088,3191.0475301955958,2743228,-0.6530026439027559,-16.637129804970755,66.23001285930059,-0.5649882550247768,2989.231982421875,2964.8144775390624,78.87778875920054,3146.987559940276,2831.476404903474,77.58685727431973,43.167390985261136,22.44000349092245,3179.09228515625
3179.09228515625,3203.775083295527,3150.136397167708,3160.1368301745892,2600090,0.14748832618016738,18.95545498166075,53.638686127819255,-0.05217867417509592,3002.2530151367187,2969.7282568359374,87.62648936006538,3177.5059938568493,2827.000036416588,77.48197730234172,50.902808740903765,28.132564540918715,3154.72802734375
3154.72802734375,3197.275374973218,3132.545112140107,3181.9564387643286,2405370,-0.7663903915674619,-27.228411420578595,64.73026283311083,-0.07488971535600686,3013.269421386719,2973.5654736328124,92.36853856395061,3198.00649851462,2828.532344258818,72.99487121277167,54.43964472121115,33.39398057697721,3156.779296875
3156.779296875,3170.998479134149,3131.9410689920446,3147.4820964492365,1715404,0.06502207206042776,9.297200425763549,39.057410142104345,-0.2868440198389437,3023.0019775390624,2977.3796484375,96.84284490810266,3216.687667355268,2829.316287722857,68.1274396311169,56.75390928695106,38.06596631897198,3070.18701171875
3070.18701171875,3130.892412746542,3061.755687476042,3102.772940548675,3770223,-2.7430579401597877,-32.585928829924796,69.13672527049994,1.1978630106960226,3029.300390625,2979.5458935546876,95.53682837662943,3220.374047378259,2838.226733871741,59.80232521908863,51.01266465463141,40.65530598610387,3094.295654296875
3094.295654296875,3111.3405552900845,3073.6503948838067,3081.762606135278,1680132,0.7852499696632043,12.53304816159698,37.690160406277755,-0.5543680042268057,3037.8110961914062,2982.3360009765624,93.22388505831447,3224.258866308035,2851.3633260747774,59.03323878681348,47.85639416939193,42.09552362276148,3098.30615234375
3098.30615234375,3105.2792181395616,3081.0333776826646,3096.8022755718303,1272980,0.12960940048847291,1.5038767719197494,24.245840456896985,-0.24233334047562927,3047.7360229492188,2985.55375,88.18872416903612,3224.113471287291,2871.3585746111467,58.50393214679807,45.15808643490209,42.708036185189606,3088.41650390625
3088.41650390625,3118.085690977951,3085.4085278953876,3099.4000558754824,1066803,-0.3191953264534142,-10.983551969232394,32.67716308256331,-0.16196405285236215,3056.8164672851562,2988.5177587890626,82.05029488842672,3220.91705706201,2892.7158775083026,57.060103336780614,41.74048777685539,42.51452650352276,3096.255126953125
3096.255126953125,3109.6996688694317,3085.454052221402,3094.4777574436316,1701769,0.25380718685321657,1.7773695094933828,24.24561664802968,0.5952045504183996,3065.4660522460936,2992.531025390625,76.1354243705188,3217.7369009871313,2913.195203505056,57.244900295336436,39.21251017925579,41.854123238669374,3058.4287109375
3058.4287109375,3093.3389965593196,3036.1883330260416,3085.4090385149057,2599831,-1.2216827898432259,-26.98032757740566,57.15066353327802,0.5277226227531469,3068.278698730469,2995.947490234375,74.69978517636757,3217.678269083204,2918.8791283777337,58.99906403127237,33.76754286160758,40.23680716325701,3118.63232421875
3118.63232421875,3123.37205037006,3063.4412963787145,3066.6315266292045,2743678,1.9684491276828142,52.00079758954553,59.93075399134568,0.05532936563953572,3075.462927246094,3000.1529150390625,72.11601025002462,3219.694947746143,2931.2309067460446,63.66527077664273,33.919294964386154,38.97330472348284,3146.5244140625
3146.5244140625,3153.770750326194,3112.753500683223,3112.753500683223,1956167,0.89436929217801,33.77091337927686,41.01724964297091,-0.2870274864616037,3082.380322265625,3003.547216796875,71.95719712111152,3226.294716507848,2938.4659280234023,66.87043018745524,35.87665440607134,38.353974660000546,3136.13330078125
3136.13330078125,3141.374393886134,3111.477553853232,3130.937826905583,1914899,-0.33024098700171756,5.195473875667176,29.896840032901764,-0.021096358337503895,3088.2736206054688,3006.7634814453127,71.25314924139155,3230.779919088252,2945.7673221226855,60.348537794704086,36.17242664813466,37.917665057627374,3099.035400390625
3099.035400390625,3129.3882090010948,3069.913198256954,3117.3109079687597,2026351,-1.1829184805819182,-18.275507578134693,59.475010744140945,0.05820254749728315,3092.1779296875,3009.124072265625,69.48744017154651,3231.152810030593,2953.203049344407,36.551619673527085,33.032558981574766,36.940643842416854,3138.77685546875
3138.77685546875,3163.7973343932103,3100.220594527487,3100.220594527487,2248493,1.2823814491798258,38.55626094126319,63.57673986572354,0.10962661454012657,3097.7806396484375,3012.4572705078126,68.44161644687087,3234.6638725421794,2960.8974067546956,45.27017261415199,33.366367807663664,36.225788635466216,3175.6923828125
3175.6923828125,3179.292741496562,3136.680374620139,3148.2563099923013,1853889,1.176111875536212,27.43607282019866,42.61236687642304,-0.1754970996129408,3107.8338256835937,3015.8898681640626,64.02439565356569,3235.882616990725,2979.785034376462,49.58428609809248,36.192483823529074,36.21912767307879,3163.4326171875
3163.4326171875,3181.06990066204,3150.67169533121,3175.6921726071587,1634225,-0.3860501631503199,-12.259555419658682,30.398205330830024,-0.11848821585326841,3117.253552246094,3019.23158203125,56.9234174774913,3231.1003872010765,3003.4067172911114,51.09679642173782,37.01624032372547,36.37855020320813,3156.04931640625
3156.04931640625,3160.1510411495938,3121.913896104317,3158.2368139229097,1794589,-0.2333952283710805,-2.1874975166597324,38.237145045276975,0.09812847068182173,3126.8723266601564,3022.500537109375,44.50499494149315,3215.8823165431427,3037.86233677717,49.90924047328513,36.650814837640155,36.433003130094534,3137.455322265625
3137.455322265625,3158.237218937404,3126.4717689822373,3144.656039836463,1096701,-0.5891541061784689,-7.200717570838151,31.765449955166787,-0.3888845858299589,3131.8953369140627,3025.879501953125,39.177511872098854,3210.2503606582604,3053.540313169865,60.065507942271765,34.46355813119726,36.03911413031508,3143.56201171875
3143.56201171875,3159.8320536556635,3111.8419612799826,3133.8090658955844,1679974,0.19463829205113026,9.752945823165646,47.99009237568089,0.5318432280083634,3129.3096557617187,3028.7579296875,36.3810285278168,3202.0717128173524,3056.547598706085,57.79159552508856,32.844291686441466,35.40014964154035,3144.51904296875
3144.51904296875,3149.213150112812,3109.107396536846,3136.1787356940604,1190425,0.03044416640842762,8.340307274689621,40.10575357596599,-0.29140272408977763,3127.815087890625,3031.987578125,35.019227146481285,3197.8535421835877,3057.776633597662,57.37995985795893,31.277686090847055,34.575656931401696,3152.3125
3152.3125,3159.2399472355787,3131.1658720380547,3144.6560351883286,1328445,0.2478425770286341,7.6564648116714125,28.074075197524053,0.11594178549677636,3126.4760986328124,3035.6745166015626,33.431385761529924,3193.3388701558724,3059.6133271097524,60.272635925454914,30.315547953306577,33.72363513578267,3131.66748046875
3131.66748046875,3154.5004640383327,3111.113233332602,3149.213751006194,1843241,-0.654916653448856,-17.54627053744389,43.38723070573087,0.38751773690292035,3125.3230712890627,3039.970087890625,32.79737076525487,3190.9178128195726,3059.7283297585527,55.46812031832559,27.569363547290322,32.492780818084206,3069.093017578125
3069.093017578125,3108.196040036422,3059.431087502126,3108.196040036422,2526749,-1.9981196369308951,-39.10302245829689,48.764952534295844,0.3708185744566228,3120.938757324219,3042.2453125,34.20184950872638,3189.3424563416716,3052.535058306766,51.52978637414609,20.111918741645695,30.016608402796507,3100.584716796875
3100.584716796875,3107.967910164372,3073.558997895524,3076.293480989737,1375579,1.0260913904655888,24.291235807138037,34.40891226884787,-0.4555933335681541,3122.458642578125,3045.8443310546877,32.45880786037601,3187.376258298877,3057.541026857373,47.17868159095749,16.552154016876557,27.32371752561252,3082.810546875
3082.810546875,3109.1072480565263,3067.224126908382,3099.0808101413627,1222012,-0.573252194193774,-16.27026326636269,41.883121148144255,-0.11163808112801954,3121.884387207031,3049.5778662109374,33.07895828719133,3188.042303781414,3055.726470632648,39.71446498443998,12.156653523453315,24.29030472518068,3097.486083984375
3097.486083984375,3100.9041882483175,3077.2053320183186,3088.143265662933,1330046,0.4760440801090171,9.342818321441882,23.69885622999891,0.08840666049105894,3121.8433837890625,3052.9263037109376,33.11021671011124,3188.063817209285,3055.62295036884,43.84618075937754,9.745046085497506,21.381252997244047,3087.91552734375
3087.91552734375,3110.9763829614676,3079.1196943322775,3106.373291177773,1152881,-0.3089781965481597,-18.4577638340229,31.856688629190103,-0.13320215992529583,3121.8183349609376,3056.1410888671876,33.13701472802217,3188.092364416982,3055.544305504893,48.05924155874259,6.981092194564553,18.50122083670815,3082.0361328125
3082.0361328125,3086.137857710432,3053.734186510207,3076.2936734488317,1158046,-0.19040010904403104,5.742459363668331,32.403671200224835,0.004480080771562811,3121.107385253906,3059.1056201171873,33.859003444647186,3188.8253921432006,3053.3893783646117,38.76957749527899,4.26703311861047,15.654383293088614,3076.795166015625
3076.795166015625,3093.6121942799687,3062.712621128665,3093.6121942799687,1037485,-0.17004884339536508,-16.817028264343662,30.899573151303684,-0.10410726344203947,3122.0257080078127,3062.160810546875,32.281900091782276,3186.5895081913773,3057.461907824248,27.619600108287898,1.6739235782283686,12.858291350116565,3077.341796875
3077.341796875,3089.555955621917,3067.1787231057706,3081.8082530524075,944517,0.01776624149090189,-4.466456177407508,22.37723251614625,-0.08960900639527314,3119.961181640625,3065.9796875,33.79519731944918,3187.5515762795235,3052.3707870017265,29.42703653832241,-0.33318512221467245,10.219996055650318,3090.831787109375
3090.831787109375,3106.4640490627457,3083.631070604938,3097.25786691958,1188200,0.4383650281575502,-6.42607981020501,22.832978457807712,0.25799747384112726,3117.176550292969,3069.422890625,33.78572164123518,3184.747993575439,3049.6051070104986,34.85705150952745,-0.825784625264987,8.010839919467257,3059.704833984375
3059.704833984375,3114.941268101216,3047.7185475864435,3099.9928470608975,3417652,-1.0070736704215988,-40.288013076522475,67.22272051477239,1.876327217640128,3113.355126953125,3071.9289892578126,35.79150076197625,3184.9381284770775,3041.7721254291723,32.93991853142283,-3.6853755436063693,5.671596826852532,3080.121826171875
3080.121826171875,3089.0545157816123,3059.7044406634573,3068.0901446211,1277950,0.6672863330059453,12.03168155077492,29.35007511815502,-0.6260736903581757,3112.4094482421874,3074.2888623046874,36.433869838381476,3185.2771879189504,3039.5417085654244,36.90242051007024,-4.2550912675928885,3.686259207963449,3115.943603515625
3115.943603515625,3129.023637156642,3071.7817443830672,3079.028080349797,1828332,1.1629987177575796,36.915523165827835,57.24189277357482,0.4306756915372276,3111.267785644531,3077.723359375,35.91824985223947,3183.1042853490103,3039.431285940052,44.842864784316355,-1.7953809923824338,2.5899311678942727,3125.833251953125
3125.833251953125,3141.9210382883625,3103.7749105597304,3117.310690729968,1501842,0.31738855691552104,8.522561223157027,38.14612772863211,-0.178572600599891,3108.7748291015623,3081.7583935546877,32.806947449827796,3174.3887240012177,3043.160934201907,45.257059594725426,0.9411204489351803,2.260169024102454,3126.33447265625
3126.33447265625,3139.0953939260744,3097.3491295124654,3130.0716886126784,1314818,0.016034786974383763,-3.737215956428372,41.74626441360897,-0.12452974414086171,3106.919921875,3086.2889306640627,30.523221432280934,3167.966364739562,3045.873479010438,48.970461812258684,3.1143614582060763,2.4310075109231786,3149.441650390625
3149.441650390625,3153.771249649537,3119.4079484590598,3127.1556523960603,1885092,0.7391140626979098,22.285997994564696,34.36330119047716,0.433728470404269,3106.5895385742188,3091.141611328125,29.994640584363395,3166.5788197429456,3046.600257405492,68.2999223759628,6.624859487491904,3.269777906236924,3137.273193359375
3137.273193359375,3158.3288077575708,3131.0295888320106,3149.4417353547897,1518917,-0.3863687085531753,-12.168541995414671,27.299218925560126,-0.19424781389979906,3106.580432128906,3095.421806640625,29.98480248520705,3166.55003709932,3046.610827158492,59.16252265083689,8.329049582160224,4.281632241421584,3172.593017578125
3172.593017578125,3177.1961089834826,3140.098329969077,3155.5937353709564,1783604,1.1258128330523087,16.999282207168562,37.09777901440566,0.1742603447061295,3108.031982421875,3098.8301513671877,32.46906500617624,3172.9701124342273,3043.0938524095227,70.61546654707516,12.386859142929552,5.9026776217231784,3263.87939453125
3263.87939453125,3272.173860566186,3174.7351921738095,3182.9386422827856,4476016,2.8773428059427175,80.94075224846438,97.43866839237626,1.5095346276415618,3114.0,3104.6087841796875,47.170089241913715,3208.3401784838275,3019.6598215161725,78.2630007058006,22.70699802420404,9.263541702219351,3252.075439453125
3252.075439453125,3271.2168221792035,3231.2477030451937,3255.0377963035894,1754929,-0.36165414377452576,-2.9623568504644027,39.969119134009816,-0.607926111077351,3118.988146972656,3109.4867626953123,55.901546999692926,3230.791240972042,3007.18505297327,77.67367893381272,29.59218166541814,13.329269694859109,3244.966064453125
3244.966064453125,3279.283743631725,3231.79501333232,3254.081009523971,2604721,-0.21861039611047461,-9.114945070845806,47.48873029940478,0.4842315558065311,3124.653076171875,3114.0207373046874,62.594147162235984,3249.841370496347,2999.464781847403,77.3529009131009,34.082193843971254,17.47985452468154,3279.830322265625
3279.830322265625,3288.079391037457,3247.153159229306,3252.0753624763356,2952897,1.0744105522217717,27.754959789289387,40.92623180815099,0.13367113022853494,3135.18994140625,3119.198359375,70.04324413694879,3275.2764296801474,2995.1034531323526,81.00221734118871,39.99280293934498,21.98244420761423,3286.9853515625
3286.9853515625,3298.9716361140518,3258.820264386671,3263.1954818934582,1395753,0.21815242234641818,23.789869669041764,40.15137172738059,-0.5273275701793865,3144.509973144531,3124.40361328125,77.2290271572747,3298.9680274590805,2990.051918829982,81.37803165062991,44.73863516094889,26.53368239828116,3286.894775390625
3286.894775390625,3304.167551602088,3263.1502992373726,3263.1502992373726,1649396,-0.0027556001073070213,23.744476153252435,41.01725236471566,0.1817248467314776,3154.7141845703127,3130.648935546875,81.98402417215526,3318.682232914623,2990.7461362260024,80.57163305238954,47.93981233327031,30.814908385278994,3267.9814453125
3267.9814453125,3285.93784338978,3215.752763239707,3270.9438025915615,2004073,-0.5754163540534152,-2.962357279061507,70.18508015007319,0.2150344732253504,3163.2389526367188,3136.507802734375,84.54435385841262,3332.327660353544,2994.1502449198933,83.76203000942692,48.39277880297914,34.33048246881903,3284.706787109375
3284.706787109375,3312.1428582437647,3249.52323591542,3266.796010717758,1989083,0.5117942704621292,17.91077639161722,62.619622328344576,-0.00747976745358081,3173.078515625,3142.9284619140626,86.73968436619518,3346.5578843573903,2999.5991468926095,83.56533219256546,49.530397704035295,37.37046551586228,3260.552001953125
3260.552001953125,3299.6096247844835,3243.689356080608,3283.6584732834535,1238778,-0.7353711220448589,-23.10647133032853,55.920268703875536,-0.3772115090219965,3182.0043090820313,3147.399599609375,86.06031654737774,3354.124942176787,3009.8836759872756,74.66967764936767,47.93036813879098,39.482446040448025,3268.34521484375
3268.34521484375,3276.7765375001327,3223.0439905911526,3251.847300787156,1726062,0.23901513872364166,16.4979140565938,53.73254690898011,0.39335861631381897,3191.5818115234374,3148.8609912109373,84.37772241631983,3360.337256356077,3022.826366690798,74.48718733928067,46.75224950044367,40.93640673244715,3271.627197265625
3271.627197265625,3294.141066523065,3241.0008935775677,3272.2651988981193,1541134,0.10041725112051036,-0.6380016324942517,53.1401729454974,-0.10713867752143313,3201.2960815429688,3150.8053271484373,81.6737871865995,3364.6436559161675,3037.94850716977,74.72868294361243,45.558243472709364,41.860774080499596,3223.728271484375
3223.728271484375,3283.932529557507,3215.160311935428,3281.380300372871,1755753,-1.4640704118514258,-57.652028888495806,68.7722176220791,0.1392604406884801,3207.9409057617186,3151.698046875,77.51377187568879,3362.968449513096,3052.913362010341,61.659554705390065,40.28258947443919,41.54513715928752,3216.299560546875
3216.299560546875,3252.6224826131343,3195.289567953573,3224.138279675587,2243791,-0.230438495800378,-7.838719128712,57.332914659561084,0.27796506684026734,3215.770642089844,3152.9294775390626,69.21710713856864,3354.2048563669814,3077.3364278127065,62.59080618936853,35.09757775457547,40.255625278345114,3202.855224609375
3202.855224609375,3221.404005246326,3172.0922834404655,3221.404005246326,1948148,-0.4180063356789443,-18.54878063695105,49.31172180586054,-0.13176048927908168,3221.9073120117187,3153.85099609375,61.57673128799121,3345.060774587701,3098.7538494357364,55.1827687593868,29.562791600071705,38.11705854269044,3224.6396484375
3224.6396484375,3233.982467007632,3169.5398507426544,3177.7433011944777,1788138,0.680156369877194,46.89634724302232,64.44261626497746,-0.08213441689235113,3227.3421142578127,3156.940048828125,56.303033255286095,3339.948180768385,3114.7360477472403,41.180027833019444,26.62731156673499,35.81910914749935,3271.672607421875
3271.672607421875,3303.2558002739493,3236.8989615455466,3239.4511904452584,2990768,1.4585492989011906,32.22141697661664,66.35683872840264,0.6725599478340039,3234.63408203125,3160.487587890625,51.72207466163469,3338.078231354519,3131.1899327079805,53.802657833749905,27.775905857698035,34.21046848953909,3300.8857421875
3300.8857421875,3313.236535855373,3258.63811012588,3273.176401347944,2075691,0.8929113108492093,27.709340839555807,54.5984257294931,-0.3059672298219053,3243.3616455078127,3164.5391796875,46.996840283880495,3337.355326075574,3149.3679649400515,59.993472852564125,30.68965964693325,33.50630672101792,3316.3359375
3316.3359375,3353.388098061812,3309.636364246382,3322.4429058385053,4233074,0.4680621057262302,-6.1069683385053395,43.751733815429816,1.0393565323547675,3251.7063598632812,3169.097568359375,44.17486400787051,3340.0560878790225,3163.35663184754,57.010416676434154,33.85526968169643,33.57609931315362,3307.72216796875
3307.72216796875,3325.13180122624,3282.610673537835,3317.885464751515,1848148,-0.25973754449446496,-10.163296782764974,42.52112768840516,-0.5634028604271979,3260.22880859375,3173.3269091796874,36.75461453770544,3333.738037669161,3186.719579518339,53.960042445344165,35.262495134568326,33.91337847743657,3290.403564453125
3290.403564453125,3326.9545791162677,3285.9373308805875,3326.9545791162677,2426417,-0.5235809610412478,-36.55101466314272,41.0172482356802,0.31289106716561665,3266.1193359375,3177.96640625,30.95297782033719,3328.0252915781743,3204.213380296826,50.62869421279366,34.58162938118949,34.04702865818715,3229.014892578125
3229.014892578125,3271.0346556007717,3224.958786550778,3258.5928446615626,4241281,-1.8656882255475904,-29.577952083437594,46.0758690499938,0.7479604701088065,3264.376110839844,3180.1740576171874,32.04815093415014,3328.472412708144,3200.279808971544,43.9404305142891,28.7569928791836,32.98902150238644,3254.81005859375
3254.81005859375,3260.4156604701616,3213.0179488837907,3217.575421151711,2890357,0.7988555913729378,37.234637442039,47.39771158637086,-0.3185179194681984,3264.512841796875,3182.3397705078123,31.99870434842638,3328.5102504937277,3200.515433100022,45.47839835525757,25.923550254879046,31.575927252884966,3212.152099609375
3212.152099609375,3258.2735858136334,3207.6402465342494,3250.3892477395666,1671104,-1.310612853482629,-38.2371481301916,50.63333927938402,-0.42183474221350514,3262.8721435546877,3183.860146484375,33.84185941376802,3330.5558623822235,3195.188424727152,43.06794356615256,20.00527739372319,29.261797281052615,3196.65625
3196.65625,3221.3576129428398,3193.283765469241,3217.575000468156,1672065,-0.48241332069111076,-20.91875046815585,28.073847473598562,0.0005750689364636408,3258.7134399414062,3185.8125634765624,36.642817880492025,3331.99907570239,3185.4278041804223,39.954032646537186,13.904337406671402,26.190305306176374,3178.60888671875
3178.60888671875,3210.9213191020513,3175.646529881174,3200.2568789933416,1408245,-0.564570034117684,-21.647992274591616,35.27478922087721,-0.1577809475110118,3253.2946166992188,3186.6092041015627,40.0929128111223,3333.480442321463,3173.1087910769743,37.483072713904726,7.526268979489032,22.457498040838907,3157.955810546875
3157.955810546875,3177.3296712861907,3154.5288620352453,3170.6127629599455,1514545,-0.6497520427307113,-12.656952413070485,22.80080925094535,0.07548402444176983,3246.8476684570314,3186.25447265625,44.52713303950814,3335.9019345360475,3157.7934023780153,40.44905101705106,0.7958985344589564,18.125178139562916,3193.505126953125
3193.505126953125,3198.0286547963883,3147.3555492799665,3153.1583821122936,1481211,1.1257065816919543,40.346744840831434,50.673105516421856,-0.022009250302896244,3243.1238525390627,3186.8559228515624,45.763752645484274,3334.6513578300314,3151.596347248094,46.93989121186417,-1.6504108876097234,14.170060334128388,3116.3759765625
3116.3759765625,3179.2491127864932,3108.288510708511,3173.8117316083208,1106272,-2.415187930642615,-57.43575504582077,70.96060207798246,-0.2531300402170926,3234.707312011719,3186.0624560546876,52.671384718873426,3340.050081449466,3129.364542573972,40.08560295165605,-9.700979715119502,9.395852324278811,3098.052978515625
3098.052978515625,3129.9463572629693,3086.2641415822154,3098.418430452583,1518537,-0.587958519276166,-0.3654519369579248,43.68221568075387,0.3726615154320094,3226.5823608398437,3185.2744091796876,60.43586545389111,3347.454091747626,3105.7106299320612,35.37139242606261,-17.35951662115167,4.044778535192715,3049.298828125
3049.298828125,3083.065649974906,3043.1303207181386,3077.9024700555783,1984471,-1.5737029266034264,-28.603641930578306,39.935329256767545,0.3068308510098865,3215.6300415039063,3183.3891455078124,71.33450919901881,3358.299059901944,3072.9610231058687,24.40386700306138,-27.05118554882074,-2.1744142816099763,3062.275390625
3062.275390625,3072.3735099895516,3049.5271870419792,3061.407274974717,1108851,0.4255588983379299,0.8681156502830163,22.84632294757239,-0.4412359767414087,3205.162451171875,3181.7442724609373,77.75609314294697,3360.674637457769,3049.650264885981,21.468523792675427,-33.30093045740614,-8.39971751676921,3087.497802734375
3087.497802734375,3091.427414880595,3046.5571476248833,3061.407257455826,910972,0.8236493747947105,26.090545278549143,44.8702672557115,-0.1784540934715304,3198.350927734375,3180.447978515625,81.90062437056872,3362.1521764755125,3034.5496789932376,23.261890675446608,-35.80591219236021,-13.88095645188741,3078.541748046875
3078.541748046875,3106.1857963966836,3061.452744597805,3106.1857963966836,999811,-0.2900748521851071,-27.6440483498086,44.73305179887848,0.09752110932059388,3191.463037109375,3179.3854638671874,86.00176208286784,3363.4665612751105,3019.4595129436393,23.24329901726331,-38.074903245331825,-18.719745810576295,3043.724365234375
3043.724365234375,3081.146823579833,3025.7672432636564,3065.976774735599,1563475,-1.1309699741635537,-22.252409501224065,55.37958031617654,0.5637705526344479,3183.506494140625,3178.8780908203125,92.04134089947354,3367.5891759395718,2999.423812341678,22.330871294481824,-42.19615579614583,-23.4150278076902,3070.6376953125
3070.6376953125,3085.122132161333,3055.1934450392946,3055.1934450392946,1245384,0.8842236302843531,15.444250273205398,29.928687122038355,-0.20345128639728804,3175.806396484375,3178.279150390625,94.81898531441975,3365.4443671132144,2986.1684258555356,30.746322523353555,-42.797257181051464,-27.291473682362458,3062.22998046875
3062.22998046875,3096.042542043059,3056.198684431494,3090.6508984949387,1402598,-0.2738100576497482,-28.4209180261887,39.843857611565,0.12623736935756358,3165.334265136719,3177.8675390625,95.23879150000779,3355.8118481367346,2974.856682136703,25.55490545596085,-43.45118842820193,-30.523416631530356,3089.051513671875
3089.051513671875,3100.063486624272,3069.6321379850096,3084.2537855610026,1099852,0.8758823920540282,4.797728110872413,30.431348639262524,-0.21584659325052513,3154.7425537109375,3177.69884765625,91.05790203668154,3336.8583577843006,2972.6267496375744,33.71973482495373,-41.32874799961564,-32.68448290514742,3080.095458984375
3080.095458984375,3110.892257060667,3076.028858205322,3086.9950929939328,1191144,-0.28992895223214354,-6.899634009557758,34.86339885534471,0.08300389506951844,3142.930529785156,3177.5424462890624,84.04528160003962,3311.021092985235,2974.839966585077,34.313285472556714,-39.90932754773621,-34.12945183366518,3090.2392578125
3090.2392578125,3108.8817673622384,3079.273023228274,3081.009254460664,992899,0.32933391069216444,9.230003351835876,29.608744133964592,-0.1664324380595461,3132.0563842773436,3177.7065087890624,75.2062858311207,3282.468955939585,2981.643812615102,37.84874734960743,-37.53324691626767,-34.81021085018568,3059.076904296875
3059.076904296875,3099.3321699375433,3054.1421877854477,3098.0528650963947,2112352,-1.0084123239597953,-38.975960799519726,45.18998215209558,1.127459086976621,3120.4900512695312,3177.3521435546877,66.9014581641808,3254.292967597893,2986.6871349411695,36.78558750443734,-37.72980172287407,-35.39412902472336,3046.283203125
3046.283203125,3059.0771449775716,3036.139568807074,3050.441278848814,1338557,-0.4182209722777719,-4.1580757238139086,22.937576170497778,-0.3663191551408098,3111.353466796875,3176.7309716796876,63.70151142524425,3238.7564896473637,2983.9504439463867,29.050728821649756,-38.47440855403556,-36.01018493058581,3044.546630859375
3044.546630859375,3066.890289328859,3040.388555601047,3066.890289328859,1030990,-0.05700626467832759,-22.343658469484126,26.50173372781228,-0.22977504880255384,3100.840295410156,3175.8052685546877,55.61739255854988,3212.075080527256,2989.6055102930563,36.98671217135381,-38.75786515742766,-36.55972097595418,3111.030029296875
3111.030029296875,3118.980506329132,3066.9366189744665,3091.656388968657,2059802,2.1836879673192477,19.37364032821779,52.04388735466546,0.9978874673857165,3095.7841918945314,3176.8317724609374,49.19072549117139,3194.1656428768742,2997.4027409121886,52.001735334390794,-33.234742505157556,-35.894725281794855,3196.5205078125
3196.5205078125,3225.3068746335257,3120.0765776114918,3134.5612355569488,3951984,2.7479798558854407,61.95927225555124,105.23029702203394,0.9186232463120241,3095.7774047851562,3179.15974609375,49.17608229596049,3194.129569377077,2997.4252401932354,70.39751855334637,-21.70901288170353,-33.05758280177659,3200.72412109375
3200.72412109375,3220.874622639635,3191.6770664120663,3196.5205315189633,2021292,0.1315059068438984,4.203589574786747,29.19755622756884,-0.48853740298543724,3096.883166503906,3180.8553564453123,51.33776644859057,3199.5586994010873,2994.207633606725,69.65995856434037,-12.096155702638498,-28.865297381948974,3216.396728515625
3216.396728515625,3229.464646386725,3190.4889097792343,3190.4889097792343,1475621,0.4896581782412257,25.90781873639071,38.97573660749049,-0.2699614899776974,3099.805212402344,3182.6666259765625,56.409506302408936,3212.624225007162,2986.986199797526,68.81414276754661,-3.17663047510041,-23.727564000579264,3207.80615234375
3207.80615234375,3234.1708956759758,3199.398750947556,3216.3965027924314,1807236,-0.2670869577659163,-8.59035044868142,34.77214472841979,0.22472911404757734,3100.520263671875,3184.2960595703125,57.7348379273231,3215.989939526521,2985.050587817229,68.88763954358626,3.1625143302007928,-18.349548334423254,3226.038330078125
3226.038330078125,3228.3229627561427,3181.2140154223466,3198.485749224696,1798051,0.5683690618603521,27.552580853428935,47.108947333796095,-0.0050823467438674275,3106.003381347656,3185.8279931640627,64.16877764866621,3234.3409366449887,2977.6658260503236,77.99593608709671,9.547459460399295,-12.770146775458745,3206.024658203125
3206.024658203125,3238.694901638103,3198.485371256592,3225.9009601530765,2729804,-0.6203792338237757,-19.87630194995154,40.209530381511286,0.5182016527896038,3111.401965332031,3187.2030224609375,67.89820601127248,3247.198377354576,2975.605553309486,71.23995253667569,12.84457416257328,-7.647202587852341,3159.281005859375
3159.281005859375,3202.6432821116277,3155.5341196594813,3193.230552452981,1989733,-1.4579941618399261,-33.9495465936061,47.10916245214639,-0.27110774253389625,3116.90107421875,3186.9367822265626,67.05220280197183,3251.005479822694,2982.7966686148065,63.590898305791704,11.552568409931155,-3.8072483882956427,3171.20654296875
3171.20654296875,3181.350399374295,3137.25699707058,3159.2809411434473,1689195,0.37747630195785753,11.925601825302692,44.093402303715266,-0.1510443863573655,3122.3476318359376,3185.0833251953127,66.8052073852205,3255.9580466063785,2988.7372170654967,62.00576692956311,11.35998488698533,-0.7738017332394485,3211.05078125
3211.05078125,3214.934656261117,3176.37010665481,3181.122097340804,1441634,1.2564378176373792,29.928683909196025,38.56454960630708,-0.14655560784870902,3128.525280761719,3184.26283203125,69.08661617069626,3266.6985131031115,2990.3520484203264,67.55262091799705,14.258099597859655,2.232578532980372,3187.154052734375
3187.154052734375,3213.7013059022847,3181.1225332354234,3197.9830777369875,3266235,-0.7442027592700518,-10.829025002612525,32.57877266686137,1.265647869015298,3133.9558959960937,3183.106591796875,69.21948230022579,3272.394860596545,2995.516931395642,62.52811197956938,14.459925092621688,4.678047844908635,3209.131591796875
3209.131591796875,3213.9750570070746,3189.3925021316686,3198.4852942750963,1172141,0.6895662619020415,10.646297521778706,24.582554875406004,-0.6411339049394793,3142.2262573242188,3181.6926171875,67.73674911546111,3277.699755555141,3006.7527590932964,69.86929321612654,16.206459008402817,6.983730077607472,3209.862548828125
3209.862548828125,3242.1673378334053,3196.657419148335,3239.288567355795,1625213,0.022777409100904755,-29.42601852766984,45.50991868507026,0.38653370200342785,3149.1875,3180.1501611328126,67.14385348659626,3283.4752069731926,3014.8997930268074,72.37491977005982,17.44844700749445,9.076673463584868,3227.363037109375
3227.363037109375,3233.2116065096975,3201.044028590681,3233.2116065096975,1377656,0.5452098965309071,-5.8485694003225035,32.16757791901637,-0.1523228032264079,3157.4441528320312,3178.9595263671877,66.03189111454445,3289.50793506112,3025.3803706029425,73.97242205927925,19.618722174432605,11.185083205754415,3293.6171875
3293.6171875,3301.6134000384272,3221.4683255949626,3228.276707900282,1896572,2.052888058418323,65.34047959971804,80.14507444346464,0.37666587304813404,3167.6724365234377,3179.4722412109377,70.56806672062774,3308.808569964693,3026.5363030821823,73.95676438234878,26.380736399924444,14.224213844588423,3303.487060546875
3303.487060546875,3317.788993602691,3282.285715953096,3294.440005254403,1967653,0.2996666729920383,9.047055292472123,35.50327764959502,0.03747867204619704,3178.8420166015626,3179.8478466796873,73.59129077989469,3326.024598161352,3031.659435041773,67.50933343563946,32.16531592050387,17.812434259771514,3314.2705078125
3314.2705078125,3330.9940617152665,3291.74412143969,3320.027826121142,1641155,0.32642619958802577,-5.75731830864197,39.24994027557659,-0.16593271272932775,3190.0435791015625,3180.922216796875,76.39192944841439,3342.8274379983914,3037.2597202047336,68.19445770199155,37.19105560117214,21.688158528051638,3329.07470703125
3329.07470703125,3338.304710750083,3303.5782998526,3310.797648664154,1102503,0.44668047414515577,18.277058367095833,34.726410897482765,-0.32821518991198273,3203.5434692382814,3182.136806640625,75.88469603775722,3355.312861313796,3051.774077162767,68.10569452061566,41.885733002608504,25.72767342296301,3355.760009765625
3355.760009765625,3379.7941674649996,3318.2005586492637,3325.4656460686388,2236866,0.8015831749889513,30.294363696986238,61.593608815735934,1.028897880549985,3219.0173095703126,3183.819462890625,73.64979150353935,3366.316892577391,3071.717726563234,72.46749914915357,47.21531086570576,30.02520091151156,3283.976318359375
3283.976318359375,3335.5632728478577,3256.058066070388,3329.6689659326335,3850968,-2.139118745004165,-45.692647573258455,79.50520677746954,0.7215908328885146,3230.9887939453124,3185.024423828125,62.397229321065105,3355.783252587443,3106.194335303182,57.567391409715796,45.12650547970543,33.04546182515034,3351.326904296875
3351.326904296875,3361.150822552023,3315.0927276038888,3317.285885226711,3290396,2.050885250328105,34.04101907016411,46.05809494813411,-0.14556651730162395,3243.0036376953126,3187.724970703125,61.20668027362319,3365.416998242559,3120.590277148066,66.88970291095501,48.348411186773774,36.10605169747503,3528.386474609375
3528.386474609375,3560.3255927142964,3350.824789993706,3350.824789993706,8531230,5.283267653939827,177.56168461566904,209.5008027205904,1.5927669496315944,3259.5969360351564,3194.235595703125,87.34530015908953,3434.2875363533353,3084.9063357169775,82.92842612396382,64.44612740741968,41.77406683946396,3526.7412109375
3526.7412109375,3590.5281905815186,3500.1937384877283,3525.736106571666,2521612,-0.04662934980945721,1.005104365834086,90.33445209379033,-0.7044257393130885,3275.8977905273437,3200.277626953125,104.51404485527839,3484.9258802379004,3066.869700816787,82.31040459503666,76.1926233283184,48.65777813723486,3487.445556640625
3487.445556640625,3522.9945699903956,3463.5026541544753,3513.7645660221524,2004435,-1.1142199539622366,-26.319009381527394,59.49191583592028,-0.2050977707910654,3289.450231933594,3204.5930859375,113.5733552596623,3516.5969424529185,3062.303521414269,75.14337176272534,81.3927303500318,55.20476857979425,3454.40966796875
3454.40966796875,3562.9296988605265,3442.072653930527,3497.543479836221,2586083,-0.9472804129936785,-43.133811867471195,120.85704492999957,0.2901805246865077,3301.780407714844,3207.663564453125,117.55948742363432,3536.899382562113,3066.661432867575,73.9143523383298,81.90399424393036,60.54461371262147,3461.218017578125
3461.218017578125,3478.763949441548,3420.871499435154,3432.660113142662,1517562,0.19709155148868174,28.557904435463115,57.89245000639403,-0.4131812474696288,3313.5393920898437,3210.5612060546873,121.28748870835423,3556.114369506552,3070.9644146731353,73.18644076931092,81.91429448013832,64.81854986612484,3494.573486328125
3494.573486328125,3514.6325128426206,3437.9146065811733,3472.6410167486597,2413058,0.9636916420924901,21.932469579465305,76.7179062614473,0.590088576282221,3327.966833496094,3214.298232421875,124.93226530904253,3577.831364114179,3078.1023028780087,74.70454350944775,83.64970334634017,68.58478056216791,3468.57470703125
3468.57470703125,3503.712309330165,3463.639767096589,3490.7813789656334,1285231,-0.7439757497900823,-22.206671934383394,40.072542233576314,-0.46738495303469707,3343.4315185546875,3217.8616552734375,122.06251275152205,3587.5565440577316,3099.3064930516434,70.6258937686191,81.98210449878343,71.26424534949102,3482.8759765625
3482.8759765625,3489.2729465846164,3443.397577619161,3471.7270162885334,1293976,0.4123096873842602,11.148960273966622,45.875368965455436,0.00680422429897809,3359.014990234375,3222.938876953125,118.76830744790838,3596.551605130192,3121.478375338558,67.76152752014428,80.88215420192228,73.18782711997727,3472.549560546875
3472.549560546875,3507.367445431527,3465.421686382815,3494.5735047759663,1682889,-0.29649106327974684,-22.023944229091285,41.94575904871181,0.3005565791019309,3372.0899291992187,3227.2936669921874,115.98319233128493,3604.0563138617886,3140.1235445366488,65.85256528240586,78.27487614812708,74.20523692560724,3466.609375
3466.609375,3493.294057192247,3441.021494734587,3465.330070230173,1574996,-0.17106121722102463,1.279304769826922,52.27256245765966,-0.06411177445452432,3386.0626953125,3232.3828125,109.16375929798454,3604.3902139084694,3167.735176716531,64.41536431380666,74.8662545962793,74.33744045974166,3482.784912109375
3482.784912109375,3501.884348671573,3447.9670270192705,3463.5025264784085,825907,0.46660974340020367,19.282385630966473,53.91732165230269,-0.4756132713987845,3399.745361328125,3238.1053857421875,102.78338627327894,3605.312133874683,3194.178588781567,64.50747843799613,72.63286170146239,73.9965247080858,3457.288330078125
3457.288330078125,3482.7849604684966,3442.7124205931514,3482.7849604684966,1344068,-0.7320745516784632,-25.496630390371593,40.07253987534523,0.6273841970100751,3412.116650390625,3243.678974609375,93.16617872058771,3598.4490078318004,3225.78429294945,59.603997346926334,68.0214121579993,72.8015021980685,3373.71630859375
3373.71630859375,3446.916012198502,3369.4212447573177,3442.4837365673884,1803075,-2.4172708060622328,-68.7674279736384,77.4947674411842,0.341505786909591,3419.4343139648436,3247.9941845703124,83.09427902166092,3585.6228720081654,3253.245755921522,58.30369837904217,56.96656636128455,69.63451503071173,3350.916015625
3350.916015625,3398.6190946223346,3336.477094505551,3382.8551313574153,3598144,-0.675821286771261,-31.939115732415303,62.14200011678349,0.9955598075509893,3422.2992553710938,3251.14240234375,79.43523513124106,3581.169725633576,3263.4287851086115,49.95856400519391,45.83734396052523,64.87508081667443,3415.89111328125
3415.89111328125,3424.8926547692495,3358.2728588729105,3358.409847582414,1963127,1.939024951782664,57.48126569883607,66.61979589633893,-0.4544056602515074,3427.9194580078124,3257.132705078125,74.40365303683728,3576.726764081487,3279.1121519341377,35.34173800457452,41.778703499909625,60.25580535332146,3361.42529296875
3361.42529296875,3417.5815111616193,3356.0334267910252,3415.890793989658,1067805,-1.5944835039013006,-54.46550102090805,61.5480843705941,-0.4560693220560871,3430.277197265625,3262.4001513671874,71.29493210559403,3572.867061476813,3287.687333054437,31.06552325431828,33.77789464116631,54.96022321089043,3372.025634765625
3372.025634765625,3429.0959253055153,3365.491675951761,3390.3484295340677,1370944,0.3153525922187983,-18.32279476844269,63.60424935375431,0.28388984880198165,3432.4247436523438,3268.8546875,68.68518607204383,3569.795115796431,3295.0543715082563,35.85027074720962,27.97013269129002,49.56220510697035,3393.181640625
3393.181640625,3407.9860133570014,3370.2895802803837,3372.1172861265227,1292227,0.6273975393679132,21.064354498477314,37.69643307661772,-0.05741810022874749,3434.2958251953123,3275.4728125,66.97523569034144,3568.246296575995,3300.3453538146296,42.268645084598205,24.788802483544714,44.60752458228523,3413.743408203125
3413.743408203125,3447.9671563203865,3387.6528620407294,3403.188362082459,1777909,0.6059730882646663,10.555046120665793,60.31429427965713,0.37584882532248587,3440.7841796875,3281.997724609375,57.221837268952086,3555.2278542254044,3326.3405051495956,44.20653591032488,23.65406879443708,40.4168334247156,3548.308349609375
3548.308349609375,3568.824304124089,3492.3805925763054,3516.5062216937445,6813450,3.941858696318379,31.802127915630535,76.44371154778355,2.832282754629174,3450.633251953125,3291.393056640625,57.96150857770222,3566.5562691085297,3334.7102347977207,55.25848269534927,33.22999563116855,38.979465866006194,3567.4990234375
3567.4990234375,3623.4267767315314,3550.3185441619166,3618.85751219593,2801505,0.5408400831409699,-51.35848875843021,73.10823256961476,-0.5888272461087996,3452.5888793945314,3301.8685498046875,61.287393909811655,3575.163667214155,3330.014091574908,59.81144886154514,41.8846929666779,39.56051128614054,3528.660400390625
3528.660400390625,3563.1126115927123,3523.405745987789,3563.1126115927123,1432672,-1.0886792902174869,-34.452211202087256,39.70686560492322,-0.48860630268373606,3452.6848388671874,3311.02900390625,61.41098490021097,3575.506808667609,3329.8628690667656,54.33019812885233,45.089882568062876,40.666385542525006,3549.95361328125
3549.95361328125,3573.119654011733,3484.1104570374932,3490.0047645318223,3458696,0.6034361620139927,59.948848749427725,89.00919697423979,1.4141576020191642,3455.8102416992188,3320.7834765625,64.77183288911954,3585.353907477458,3326.2665759209794,57.17194137162386,48.78583006392046,42.2902744468041,3566.40283203125
3566.40283203125,3572.068676049219,3529.3003107278364,3562.1990189583394,2239110,0.4633643292819123,4.203813072910634,42.76836532138259,-0.3526143957144542,3461.4098999023436,3330.3305029296876,69.32533992941191,3600.0605797611674,3322.7592200435197,59.069821520972546,52.43773993886407,44.319767545216095,3628.471435546875
3628.471435546875,3647.3359347309056,3602.705290319906,3630.2658185854475,2941975,1.7403699592811739,-1.794383038572505,44.630644410999594,0.31390373853897313,3469.772570800781,3341.2980224609373,78.74839579058188,3627.269362381945,3312.275779219617,62.22134292801694,59.65268339838349,47.386350715849574,3550.4365234375
3550.4365234375,3620.05103164089,3536.1731226435436,3588.855683640575,2618854,-2.150627709092434,-38.41916020307508,83.87790899734637,-0.10983132079640379,3472.56572265625,3350.5019677734376,80.64230339835116,3633.8503294529523,3311.2811158595473,57.18102696392952,58.40060698445768,49.5892019695712,3535.29931640625
3535.29931640625,3573.8103676439687,3501.9874154730123,3570.4516563375996,2657709,-0.42634777248726774,-35.152339931349616,71.82295217095634,0.014836642287046065,3475.901953125,3360.026416015625,81.83983322856305,3639.581619582126,3312.222286667874,63.926286907046425,55.54657496553318,50.780676568763596,3506.312255859375
3506.312255859375,3552.9673375818998,3477.2332310375527,3533.550617096936,2205154,-0.8199322872706971,-27.238361237561094,75.73410654434701,-0.17028011719868508,3477.073767089844,3369.2269970703123,82.11227688989942,3641.298320869643,3312.849213310045,63.25174957663306,50.36514248582125,50.697569752175134,3497.75439453125
3497.75439453125,3515.2385654063073,3479.212061073679,3497.5703955598956,1646747,-0.24407014274966388,0.1839989713544128,36.02650433262852,-0.2532281192152567,3478.3340087890624,3378.29115234375,82.23251694802732,3642.799042685117,3313.868974893008,57.72431739104794,45.048975479976434,49.5678508977354,3497.34033203125
3497.34033203125,3540.8207042314343,3484.871312637016,3503.6897568365657,1411621,-0.011837952391613449,-6.349424805315721,55.9493915944181,-0.14278210314031237,3479.870556640625,3386.0173583984374,82.28899770681134,3644.448552054248,3315.2925612270024,64.28115540505874,40.33747810525483,47.721776339239284,3511.511474609375
3511.511474609375,3528.12148113154,3493.5671947757637,3507.140432085803,2459358,0.4051976997587303,4.371042523572214,34.554286355776185,0.7422225937415212,3481.306884765625,3392.317177734375,82.59269025279673,3646.4922652712185,3316.1215042600315,64.54719242908635,37.31690916428079,45.640802904247586,3546.663818359375
3546.663818359375,3593.3649569612444,3501.481176697016,3515.2384129880293,2363107,1.0010601988396095,31.425405371345732,91.88378026422833,-0.03913663647179466,3485.7756591796874,3399.2359716796873,83.63603356049724,3653.047726300682,3318.503592058693,65.55284245109608,37.329278194408744,43.97849796227982,3649.8662109375
3649.8662109375,3666.5220470962186,3563.089477541039,3565.8961916127014,2826510,2.9098442328786778,83.97001932479861,103.43256955517973,0.19609903402596673,3499.583154296875,3407.905361328125,86.89382776794416,3673.3708098327634,3325.7954987609864,70.49455595577294,45.14623364368299,44.21204509856045,3656.30859375
3656.30859375,3701.123243486168,3646.002179128385,3665.2346789670332,1691523,0.17651010859505156,-8.926085217033233,55.121064357783325,-0.4015506755681034,3514.852783203125,3416.87541015625,86.22428608037559,3687.301355363876,3342.404211042374,62.055221361256315,51.270064221248504,45.62364892309807,3806.02783203125
3806.02783203125,3818.818793148955,3671.675785736143,3678.1173222023467,4474396,4.094819527464844,127.91050982890329,147.14300741281204,1.6451877982149816,3534.359619140625,3428.4752001953125,104.78978623185075,3743.9391916043264,3324.7800466769236,70.61727707281909,67.42707796432751,49.98433473134396,3757.624267578125
3757.624267578125,3823.512074540079,3748.92823811736,3821.6716355150297,2124267,-1.271760654133014,-64.04736793690472,74.58383642271929,-0.5252393842654963,3554.169567871094,3439.5071923828127,107.78370821407164,3769.736984299237,3338.602151442951,69.46861724565139,75.456054211626,55.078678627400365,3804.279541015625
3804.279541015625,3826.272697294097,3760.0629489197368,3763.697771027623,2345173,1.2416162477993042,40.58176998800218,66.20974837436006,0.10399163570304482,3575.782263183594,3452.4071630859376,112.56942692750613,3800.921117038606,3350.6434093285816,70.73099865590275,84.60845280823696,60.98463346356769,3803.91162109375
3803.91162109375,3850.8886480018823,3772.9000434452996,3806.533887272955,2100596,-0.009671211537121138,-2.622266179204871,77.98860455658269,-0.10428953429022081,3596.3187622070313,3465.0612646484374,114.94408307288889,3826.206928352809,3366.4305960612537,69.88140266606938,90.78558683964093,66.94482413878234,3791.948486328125
3791.948486328125,3827.7449332471438,3778.006802130109,3800.5063475256047,1013716,-0.31449560235011775,-8.557861197479724,49.738131117034754,-0.5174150574408406,3615.2290161132814,3476.67921875,114.43591114909385,3844.1008384114693,3386.3571938150935,64.93736408957751,93.63630404146443,72.28312011931875,3818.450927734375
3818.450927734375,3837.3154280400877,3755.8759998910355,3796.3198278378054,1257415,0.6989135401444635,22.131099896569594,81.43942814905222,0.24040165095549448,3628.7361450195312,3489.30515625,121.82556480946236,3872.387274638456,3385.0850154006066,77.03523981068705,96.91684641670781,77.20986537879656,3772.9921875
3772.9921875,3786.611256823303,3726.4289893837145,3779.3416123963243,1391283,-1.1905021458884502,-6.349424896324308,60.182267439588486,0.10646286230083146,3639.0108032226562,3500.5823681640627,125.01291413087961,3889.0366314844155,3388.984974960897,72.5944842528566,94.75626818583214,80.71914594020369,3775.84423828125
3775.84423828125,3815.505333032775,3757.2556275744187,3798.6654985616456,1091582,0.07559121883948805,-22.821260280395563,58.2497054583564,-0.21541339899934087,3651.3699951171875,3511.902001953125,125.74567698950389,3902.861349096195,3399.87864113818,76.96060977700412,92.21117797398347,83.01755234695965,3798.941650390625
3798.941650390625,3817.0243214473626,3772.9917323521654,3785.0925278553214,1307556,0.6117151728665782,13.84912253530365,44.03258909519718,0.1978541236480631,3663.8193969726562,3523.33357421875,127.4899148031335,3918.7992265789235,3408.839567366389,79.27546914058959,91.00885039252444,84.61581195607262,3776.396484375
3776.396484375,3798.941861408623,3731.489953932272,3794.110709187132,772291,-0.593459128631435,-17.714224812132215,67.45190747635115,-0.4093629641866199,3674.3190795898436,3532.98916015625,127.69178268402736,3929.7026449578984,3418.9355142217887,76.00548770499263,87.23124317056227,85.13889819897055,3709.082275390625
3709.082275390625,3771.0591425249713,3690.0798344375635,3756.4277437698097,1193648,-1.7824984548865719,-47.345468379184695,80.97930808740784,0.5455935651198836,3678.3496215820314,3541.101064453125,127.44043064123586,3933.2304828645033,3423.4687602995596,66.75248021582287,77.90769670251575,83.6926578996796,3673.05615234375
3673.05615234375,3739.174013609637,3663.0258496095253,3692.840871691211,1885939,-0.9712947940223482,-19.78471934746085,76.14816400011159,0.5799791898449125,3684.480603027344,3548.27677734375,123.86212312347399,3932.204849274292,3436.756356780396,60.70123812835045,66.84120806765713,80.3223679332751,3761.029052734375
3761.029052734375,3768.252640712782,3654.191483338692,3654.191483338692,2982052,2.3950872717938276,106.8375693956832,114.06115737409027,0.5812027854559454,3695.76708984375,3556.9158642578127,119.7698667247283,3935.3068232932064,3456.2273563942936,59.6609481891252,64.42694027301513,77.14328240122312,3728.8212890625
3728.8212890625,3800.5062936958448,3723.5758585151752,3800.5062936958448,2538072,-0.8563550884686522,-71.68500463334476,76.93043518066952,-0.14888405701845575,3706.892541503906,3564.37708984375,111.27858142683833,3929.449704357583,3484.3353786502294,56.03180766581317,59.231929482613396,73.56101181750118,3681.84375
3681.84375,3726.8884431644256,3665.003690620523,3714.0053720028695,1379284,-1.2598495723111225,-32.161622002869535,61.88475254390278,-0.45656230398507214,3716.0970092773437,3572.3344384765624,100.12354576112581,3916.3441007995953,3515.849917755092,37.540331311991174,50.739260596456916,68.99666157329233,3776.94873046875
3776.94873046875,3794.985122078048,3679.957687485479,3679.957687485479,2960475,2.5830802968960898,96.9910429832712,115.02743459256908,1.1463853709605853,3730.077429199219,3580.846875,86.57493535666089,3903.2272999125407,3556.927558485897,51.7727380026132,51.093957083768146,65.41612067538749,3790.338134765625
3790.338134765625,3823.4197548467,3762.7773821335977,3768.850920451233,1939225,0.3545032048982266,21.487214314392077,60.642372713102304,-0.34496153488882697,3744.018762207031,3586.085908203125,70.48039294990483,3884.979548106841,3603.0579763072215,48.63794871794872,51.857686502537035,62.7044338408174,3768.390625
3768.390625,3807.96005993707,3740.277876873748,3771.979390861673,3772719,-0.5790383070132687,-3.5887658616729823,67.6821830633221,0.9454777037218476,3755.1051025390625,3590.918896484375,53.098272849709545,3861.3016482384814,3648.9085568396436,46.67006921048777,50.11428072109538,60.186403216873,3767.70068359375
3767.70068359375,3809.708612609149,3760.752981650241,3779.5255936695676,2043265,-0.01830864883467509,-11.82491007581757,48.95563095890793,-0.45841049916519094,3760.996826171875,3596.5239990234377,46.992878084199646,3854.9825823402743,3667.0110700034757,47.67779692442944,48.12222353546531,57.773567280591465,3755.139404296875
3755.139404296875,3789.371522353806,3750.722306075315,3777.500781504877,1749271,-0.3333937685541799,-22.361377208002068,38.64921627849117,-0.14388442027832904,3765.938366699219,3602.53859375,40.0950109442887,3846.1283885877965,3685.7483448106414,43.7703292363366,45.01105418930456,55.221064662334086,3692.01220703125
3692.01220703125,3739.771502246439,3662.4730755267788,3737.9310635150186,2070859,-1.6810879828693115,-45.91885648376865,77.29842671966026,0.18384115440089044,3760.237585449219,3607.1544775390626,42.14793612058232,3844.5334576903833,3675.9417132080544,42.299552590573015,37.02479404574615,51.5818105390165,3740.048095703125
3740.048095703125,3747.1337408010263,3642.642773405773,3675.4026769184316,1744204,1.3010761064222054,64.64541878469345,104.49096739525339,-0.15773888999685637,3759.358776855469,3612.0639697265624,42.38784696751775,3844.1344707905046,3674.5830829204333,46.86547189697302,34.177740390905456,48.10099650939429,3780.813720703125
3780.813720703125,3794.9850103625763,3715.570026925066,3740.692062833141,2688905,1.0899759563743228,40.12165786998412,79.41498343751027,0.5416229982272716,3758.1854858398438,3618.30875,41.392072192198455,3840.9696302242405,3675.401341455447,48.460252142732124,34.80961156855619,45.44271952122668,3793.466796875
3793.466796875,3821.6714335783654,3762.7773878887397,3762.7773878887397,2304068,0.33466542143001377,30.689408986260332,58.89404568962573,-0.14312034080787528,3757.6632446289063,3624.52056640625,40.84708706509922,3839.357418759105,3675.969070498708,51.474697298975464,35.91733880614038,43.537643378209424,3857.789794921875
3857.789794921875,3892.482246169564,3792.2699936521494,3793.4665484724137,4039801,1.6956257031131239,64.3232464494613,100.21225251741453,0.7533341029865439,3760.9553100585936,3632.22537109375,46.07448220099241,3853.1042744605784,3668.8063456566088,62.913521177881314,41.50708120051013,43.13153094266957,3817.99072265625
3817.99072265625,3902.650917036673,3802.2548792703546,3869.5230148878118,2837260,-1.0316547655865982,-51.53229223156177,100.39603776631839,-0.29767332598808705,3760.9322998046873,3639.252998046875,46.044361870135255,3853.0210235449576,3668.843576064417,62.5039492673951,42.238639064361905,42.95295256700804,3871.916015625
3871.916015625,3887.92774653845,3760.017224226297,3822.086214963553,2919608,1.4123997905168606,49.829800661446825,127.9105223121528,0.029023776460387785,3765.8784912109377,3647.0356201171876,52.296840016263445,3870.472171243465,3661.2848111784106,60.16365027016213,46.6321776952077,43.68879759264797,3882.6357421875
3882.6357421875,3900.8100755188275,3843.756472149597,3858.1119847979994,3373143,0.27685844732274756,24.523757389500588,57.053603369230586,0.155341059484698,3771.21806640625,3655.542568359375,58.45688843910302,3888.131843284456,3654.3042895280437,64.67640459489076,50.398122870283714,45.030662648175124,3821.21142578125
3821.21142578125,3915.303868475081,3789.3259103717037,3878.9551986813763,1526904,-1.582026244152468,-57.74377290012626,125.9779581033772,-0.5473349336212547,3772.3315551757814,3664.492470703125,59.21988021527317,3890.771315606328,3653.891794745235,62.94116953623527,47.87436666598114,45.59940345173633,3659.989013671875
3659.989013671875,3734.250681402964,3650.142710085243,3728.0391998604628,8931209,-4.219143987208529,-68.05018618858776,84.10797131772097,4.849227587327036,3766.511181640625,3670.6739306640625,64.30178767339866,3895.1147569874224,3637.907606293828,40.32725253646964,32.49044084857496,42.97761093110405,3654.099365234375
3654.099365234375,3697.441791681991,3644.2530619412323,3667.994768950826,1817913,-0.16091983925359266,-13.8954037164508,53.188729740758845,-0.7964538731542392,3763.7620361328127,3675.438095703125,67.95774973665263,3899.677535606118,3627.8465366595074,38.59132273713065,19.597416576691558,38.30157206022155,3655.98583984375
3655.98583984375,3688.6075746001366,3633.0264093675964,3671.721682393882,3829582,0.05162625371721852,-15.73584255013202,55.581165232540116,1.1065815580833624,3762.9085205078127,3681.329306640625,69.25180620493134,3901.4121329176755,3624.40490809795,40.25993807452213,9.423199904292233,32.52589762903569,3598.88623046875
3598.88623046875,3623.824267937054,3547.4460520308135,3586.095269718309,5852485,-1.5618115571651159,12.790960750441172,76.37821590624071,0.5282307572993605,3754.801379394531,3685.8665185546874,78.37350018046041,3911.548379755452,3598.05437903361,36.67463211205069,-3.2103939618814366,25.378639310852265,3568.151123046875
3568.151123046875,3631.8302677248153,3562.5837501208753,3565.850574289269,3440925,-0.854017200145607,2.300548757606066,69.24651760393999,-0.4120574422659776,3746.76787109375,3689.365908203125,88.72735087387146,3924.222572841493,3569.313169346007,35.65174710938261,-15.5237265691826,17.19816613484529,3534.47119140625
3534.47119140625,3584.255159090906,3523.8886665462896,3578.2737319961457,1968575,-0.9439042932650632,-43.80254058989567,60.36649254461645,-0.4278936623146392,3739.3992431640627,3691.7804638671873,99.82804115710401,3939.055325478271,3539.7431608498546,37.33917132717305,-27.68073410954912,8.22238608596641,3567.046875
3567.046875,3602.659324539871,3534.102972131641,3542.937169152786,4311783,0.9216565033251634,24.109705847214173,68.55635240822994,1.190306693928349,3728.904150390625,3692.155234375,106.48438323664357,3941.872916863912,3515.935383917338,35.74241691981494,-34.29137512532543,-0.2803661562919588,3604.269775390625
3604.269775390625,3619.499453254275,3577.8595203158884,3586.7395487458493,1569676,1.0435214813549365,17.530226644775667,41.639932938386664,-0.6359566332535751,3719.600732421875,3692.8906494140624,108.93457110865529,3937.4698746391855,3501.7315902045643,35.3649908035853,-36.11051919341571,-7.44639676371671,3573.948486328125
3573.948486328125,3597.9202488822098,3564.0100709420926,3579.653802211397,2142666,-0.8412602538669267,-5.705315883271851,33.91017794011714,0.36503711593985,3709.878625488281,3693.7964111328124,112.95360267307511,3935.785830834431,3483.971420142131,32.32042037093913,-39.54305091906008,-13.865727594785383,3632.382568359375
3632.382568359375,3663.393921354347,3543.7653833548334,3543.7653833548334,3973090,1.6350006793546479,88.61718500454162,119.62853799951381,0.8542740679135246,3703.1127197265623,3695.444990234375,113.35981596370047,3929.832351653963,3476.3930877991615,31.672288444863696,-37.12031509000326,-18.51664509382896,3683.914306640625
3683.914306640625,3707.241733238287,3621.2933325972463,3658.700160709349,3394637,1.418675960239657,25.214145931276107,85.94840064104073,-0.1455927250578265,3699.55146484375,3697.7952197265627,112.7565290587106,3925.0645229611714,3474.038406726329,39.3024400107058,-30.688342767422455,-20.95098462854766,3661.782958984375
3661.782958984375,3682.717949828603,3644.5288456512203,3660.632684762165,1636819,-0.600756310111672,1.1502742222101006,38.18910417738289,-0.5178220823021725,3698.040002441406,3698.4614501953124,113.06509334207753,3924.170189125561,3471.909815757251,32.338027706583546,-27.064787139490363,-22.1737451307362,3655.61767578125
3655.61767578125,3710.9227277310406,3644.068877210029,3665.2339237190768,2302538,-0.1683683405647507,-9.616247937826756,66.85385052101174,0.40671509800411654,3693.8184814453125,3700.5650732421873,112.99025119241318,3919.7989838301387,3467.8379790604863,30.771604044748656,-24.409205895753075,-22.620837283739576,3631.692138671875
3631.692138671875,3695.463391899339,3611.9074203697137,3666.1543123632814,1876992,-0.6544868536959902,-34.462173691406406,83.55597152962537,-0.18481605949608648,3686.36240234375,3702.4929296875,111.86194238469776,3910.0862871131458,3462.6385175743544,32.85889359221501,-23.95904456655535,-22.88847874030273,3666.75244140625
3666.75244140625,3671.859704425388,3605.419903259126,3640.756241235992,2101965,0.965398535879114,25.996200170257907,66.43980116626199,0.11985826258183296,3680.0266845703127,3705.7017333984377,109.02900670860673,3898.084697987526,3461.9686711530994,50.79260354944939,-20.536483254993527,-22.41807964324089,3682.166259765625
3682.166259765625,3693.163062647417,3630.7260789894453,3654.1916765092096,4354821,0.42036703065406744,27.97458325641537,62.43698365797172,1.0717856862507227,3671.2455078125,3709.389970703125,100.71372530948098,3872.6729584314617,3469.818057193538,53.217329394393616,-16.391363004960112,-21.212736315584735,3626.769287109375
3626.769287109375,3739.956293057097,3606.386513708371,3682.1664597219246,4200329,-1.5044669020397805,-55.39717261254964,133.56977934872612,-0.03547608501015309,3661.684436035156,3711.9785498046876,94.96191178473454,3851.6082596046253,3471.760612465687,47.01685375052661,-17.376097231728636,-20.445408498813514,3563.825927734375
3563.825927734375,3615.2661050786087,3554.669789147579,3590.6962907179723,3051420,-1.7355214625512483,-26.87036298359726,60.596315931029494,-0.27352833551847966,3646.279931640625,3713.0248388671876,83.34156875982137,3812.963069160268,3479.596794120982,46.46239557062276,-22.97071713467585,-20.95047022598598,3553.8876953125
3553.8876953125,3621.983938050233,3542.84506135503,3567.5069887926393,3476284,-0.27886413712111535,-13.619293480139277,79.13887669520318,0.1392348480379626,3629.842529296875,3713.16931640625,64.57921158988346,3759.000952476642,3500.684106117108,48.49776579206259,-27.88498526169633,-22.33737323312805,3520.943603515625
3520.943603515625,3545.191475811575,3497.6620065717075,3531.8022379238537,2957749,-0.9269874183229665,-10.858634408228681,47.52946923986747,-0.14916358962616405,3614.829138183594,3710.5908642578124,51.28244803978061,3717.394034263155,3512.2642421040327,48.57305321646975,-34.04543644174328,-24.678985874851097,3556.280517578125
3556.280517578125,3568.6113695261515,3507.8768799983727,3530.8823684558647,1728883,1.003620564306007,25.398149122260293,60.734489527778805,-0.41547338871554007,3609.6437133789063,3708.590302734375,51.71717320127746,3713.0780597814614,3506.2093669763512,48.87089679455437,-35.66511944743024,-26.87621258936693,3565.574462890625
3565.574462890625,3584.2549637317557,3552.5995026977444,3567.737068587587,1807586,0.26133892606508,-2.162605696962146,31.655461034011296,0.04552245582841641,3605.2174682617188,3703.7812353515624,51.49993102429885,3708.2173303103164,3502.217606213121,45.68937945079405,-35.78626440476364,-28.658222952446273,3525.40673828125
3525.40673828125,3587.015384991863,3519.3332000987416,3579.6536294557072,1317312,-1.1265428622351914,-54.24689117445723,67.6821848931213,-0.2712313549673432,3598.688513183594,3699.136884765625,52.98082820741243,3704.650169598419,3492.726856768769,44.70857748725627,-38.67762079994918,-30.662102521946856,3544.869140625
3544.869140625,3564.6078018941175,3506.95614613986,3507.1401450879403,2856271,0.5520611886399962,37.728995537059745,57.65165575425772,1.1682570264295777,3595.987658691406,3693.9486767578123,54.32988344317954,3704.6474255777653,3487.327891805047,39.5745777392055,-38.94960159724633,-32.319602337006756,3516.481201171875
3516.481201171875,3567.5073322299504,3499.181028040457,3547.584443415964,2039178,-0.8008176981145199,-31.10324224408896,68.32630418949338,-0.28606984421296155,3593.404162597656,3688.200068359375,56.89135698547543,3707.1868765686067,3479.6214486267054,28.88972888714322,-40.983386832446286,-34.05235923609466,3561.43310546875
3561.43310546875,3568.426862829934,3514.5019156929066,3531.802085484041,1110693,1.278320620110085,29.631019984708928,53.92494713702763,-0.45532317433789493,3594.7522583007812,3683.5897607421875,55.72895385294241,3706.210166006666,3483.2943505948965,38.03616803904961,-38.523854274149016,-34.94665824370553,3515.83642578125
3515.83642578125,3572.0619252249066,3506.036178297648,3563.089785398555,2203078,-1.2802902184933407,-47.253359617304795,66.02574692725875,0.9835165972955624,3592.1917358398437,3677.537470703125,58.19097619783023,3708.573688235504,3475.8097834441833,34.76730487419425,-39.79519376309963,-35.91636534758435,3555.083740234375
3555.083740234375,3562.261496663186,3476.63503445836,3476.63503445836,2491044,1.1163009224584242,78.44870577601478,85.62646220482566,0.13071076012742178,3589.7324340820314,3673.1793017578125,58.69087865203858,3707.1141913861084,3472.3506767779545,41.9213587053907,-37.20691108424353,-36.17447449491619,3536.771240234375
3536.771240234375,3582.966434995953,3494.6253703944135,3579.791498256479,2962234,-0.5151074162543567,-43.02025802210392,88.34106460153953,0.1891536239424112,3587.873571777344,3668.397841796875,59.795446564773584,3707.464464906891,3468.2826786477967,35.791105880217884,-36.21587011267047,-36.182753618467046,3608.22705078125
3608.22705078125,3625.6191110826035,3545.6060630532284,3545.6060630532284,2053831,2.02036845736564,62.620987728021646,80.01304802937511,-0.3066614588854223,3586.6657958984374,3664.5835498046877,59.0888946940308,3704.843585286499,3468.4880065103757,42.79956615041228,-29.326518423365997,-34.811506579446835,3661.50732421875
3661.50732421875,3669.8353556027478,3601.2790030469796,3617.1988452844685,2062112,1.4766330579436104,44.30847893428154,68.55635255576817,0.004031977314589152,3585.545446777344,3662.2857666015625,57.334351751149846,3700.2141502796435,3470.876743275044,53.39690397509887,-19.34439464985553,-31.718084193528576,3659.666748046875
3659.666748046875,3666.4304509643703,3624.3764664424393,3644.9892925462136,1247685,-0.05026826410261531,14.677455500661381,42.05398452193094,-0.39494799506525347,3585.4396362304688,3661.2974560546877,57.1880163379402,3699.815668906349,3471.0636035545886,60.64386368097801,-11.450020052982836,-27.66447136541943,3644.253173828125
3644.253173828125,3654.191589237616,3598.1042563399305,3645.9096138402,1726486,-0.4211742565624621,-1.6564400120751088,56.08733289768543,0.3837515077924316,3584.8714111328127,3660.721396484375,56.506419018238205,3697.884249169289,3471.8585730963364,59.915200162013335,-6.3640570437892166,-23.40438850109339,3583.24267578125
3583.24267578125,3656.5843507790987,3575.098867879944,3646.4619361248674,1672489,-1.67415640837012,-63.21926034361741,81.4854828991547,-0.031275666295585314,3582.448937988281,3657.1656689453125,55.42165506079075,3693.2922481098626,3471.6056278666997,56.43907335603361,-7.173737640965555,-20.158258329067824,3632.8427734375
3632.8427734375,3639.4683092448704,3561.2496477313903,3574.5928311660427,931326,1.3842237923624712,58.24994227145726,78.21866151348013,-0.44314970083510263,3580.753454589844,3655.2460986328124,53.18023070926381,3687.1139160083712,3474.3929931713164,57.68664563617245,-3.7696478383577414,-16.88053623092581,3589.960205078125
3589.960205078125,3631.0020839186186,3582.322338430397,3621.983888045264,1058317,-1.180413550317183,-32.02368296713894,48.67974548822167,0.13635504646063779,3576.1431518554687,3653.408427734375,47.63330944357517,3671.409770742619,3480.8765329683183,52.29357503235401,-4.480498627508496,-14.400528710242348,3570.81982421875
3570.81982421875,3613.656088871118,3566.3108383239633,3592.9972050666793,1115021,-0.5331641512989593,-22.17738084792927,47.34525054715459,0.053579409571990144,3573.3456787109376,3649.285849609375,46.12256345234354,3665.5908056156245,3481.1005518062507,54.44718377542502,-6.5132411818362925,-12.823071204561138,3615.82080078125
3615.82080078125,3623.745907431527,3562.569994938758,3606.6908950730917,2599399,1.2602421510400807,9.129905708158276,61.17591249276893,1.3312556445125248,3575.945422363281,3645.7955029296877,47.01447891423734,3669.9743801917557,3481.9164645348064,56.61713006477373,-4.441799284294575,-11.146816820507826,3553.85693359375
3553.85693359375,3633.478215188869,3550.056521472798,3632.551307480913,2765804,-1.7136874475115582,-78.69437388716278,83.42169371607088,0.06401672078815146,3575.943884277344,3641.5048291015623,47.015239013329136,3669.974362304002,3481.9134062506855,53.28031664308957,-7.711242481698264,-10.459701952745915,3540.973388671875
3540.973388671875,3563.7290220685823,3531.565364339062,3550.6133662673315,1908117,-0.3625228916811496,-9.639977595456457,32.16365772952031,-0.3101040420796267,3576.9453735351562,3636.970283203125,45.98401687685274,3668.913407288862,3484.9773397814506,48.09722600013532,-11.21264181837023,-10.610289925870777,3551.91064453125
3551.91064453125,3560.484541572459,3538.5168722503677,3554.6913678959663,1311168,0.3088770984375433,-2.780723364716323,21.967669322091297,-0.31284716817679414,3576.7268798828127,3632.9057080078123,46.09761550491164,3668.922110892636,3484.5316488729895,53.586125751275866,-12.95563636608722,-11.079359213914065,3608.868896484375
3608.868896484375,3619.5747261448155,3545.885560785401,3560.2062401149506,2095742,1.6035947312137866,48.66265636942444,73.68916535941435,0.5983779347879143,3578.8916015625,3631.242841796875,46.560557837685266,3672.0127172378707,3485.7704858871293,55.164893801583524,-9.62990958680075,-10.789469288491404,3568.1318359375
3568.1318359375,3599.92482105189,3563.311960285678,3594.780437128097,1309452,-1.1288041132932136,-26.64860119059722,36.612860766211725,-0.3751845408451995,3581.0278564453124,3627.8045166015627,44.92900577260261,3670.8858679905175,3491.1698449001074,52.88715910628499,-10.164220677004323,-10.664419566193988,3565.861083984375
3565.861083984375,3622.6805835458995,3560.577754210542,3573.2299565343956,1841538,-0.06363979969166156,-7.368872550020569,62.102829335357455,0.4063425005269379,3582.0774536132812,3623.5054638671877,44.280351355630884,3670.638156324543,3493.5167509020193,45.53025873504449,-10.648151508301908,-10.661165954615573,3559.2333984375
3559.2333984375,3587.1334155210093,3550.057101148699,3576.0105212093163,1801993,-0.18586493951328054,-16.777122771816266,37.07631437231021,-0.021473898447927797,3584.2150634765626,3618.8207958984376,41.9158529307607,3668.046769338084,3500.3833576150414,38.03161673197774,-11.434657399715434,-10.815864243635545,3525.632568359375
3525.632568359375,3567.5751439944142,3522.2494455944416,3567.5751439944142,1568095,-0.9440468302212457,-41.94257563503925,45.32569839997268,-0.12979961631371484,3582.4250366210936,3612.1776513671875,43.66779073869425,3669.760618098482,3495.089455143705,35.4001965773417,-14.600964330562874,-11.572884261021011,3463.02001953125
3463.02001953125,3517.0585585131757,3443.879239356087,3500.930454720642,2919230,-1.7759238268343247,-37.91043518939205,73.17931915708868,0.8616410357790822,3579.784216308594,3605.0782373046877,49.158540183325336,3678.1012966752446,3481.467135941943,32.099591850120305,-21.9100296178799,-13.64031333239279,3402.632080078125
3402.632080078125,3475.718849271696,3386.6893114728173,3466.6351077409063,10956800,-1.7437941193680695,-64.00302766278128,89.02953779887866,2.753318512073389,3572.1616333007814,3595.69255859375,63.04775541923153,3698.2571441392447,3446.066122462318,32.13911662891432,-32.20408984645019,-17.35306863520427,3432.200927734375
3432.200927734375,3477.3412961491067,3425.851518249575,3459.961773430714,2156773,0.868999261758896,-27.760845696338947,51.48977789953187,-0.8031566698306075,3566.9331176757814,3586.6838623046874,70.08083358113015,3707.094784838042,3426.771450513521,29.339661773689542,-37.543470100284594,-21.391148928220336,3443.462646484375
3443.462646484375,3471.2698818530243,3328.989527550103,3429.559028800051,3395997,0.32811944833992523,13.903617684324217,142.2803543029213,0.574573216560111,3558.6948974609377,3579.12888671875,74.51511481142532,3707.7251270837883,3409.664667838087,33.86418957655914,-40.400528688328905,-25.19302488024205,3472.614013671875
3472.614013671875,3507.2341138262987,3429.5591875094774,3444.3897137257345,2799670,0.8465713202163494,28.22429994614049,77.67492631682126,-0.17559703380185554,3549.2502319335936,3575.38138671875,72.74795482437062,3694.746141582335,3403.754322284852,39.41662531552717,-39.853094829948986,-28.125038870183438,3550.427734375
3550.427734375,3559.2333589407076,3468.025717115301,3504.638577151665,4328036,2.240782315476708,45.78915722333522,91.20764182540643,0.5459093393149907,3543.78828125,3573.3079541015627,67.96514395646956,3679.7185691629393,3407.857993337061,43.41824618929109,-32.762665000713696,-29.052564096289494,3609.33251953125
3609.33251953125,3628.8439736397468,3556.8232840964106,3556.8232840964106,4552445,1.6590898213738603,52.50923543483941,72.02068954333618,0.05185007703263089,3542.0422485351564,3572.3748876953123,65.65773894890067,3673.357726432958,3410.726770637355,55.61816421413249,-22.135164010919652,-27.669084079215526,3576.658935546875
3576.658935546875,3620.4089366489284,3561.08683988795,3610.3057325626605,1734661,-0.9052528080349398,-33.64679701578552,59.322096760978184,-0.6189605805232133,3541.7130615234373,3571.930341796875,65.45649721536262,3672.6260559541624,3410.800067092712,53.474693841456514,-16.162961513271966,-25.367859566026816,3570.541748046875
3570.541748046875,3596.3559953752433,3560.2529805994373,3563.960611925237,1419898,-0.1710307750958262,6.581136121637883,36.10301477580606,-0.18145505087161118,3538.598010253906,3571.978154296875,62.29763255250042,3663.1932753589067,3414.0027451489054,51.83129605356935,-11.787672957983432,-22.65182224441814,3551.5859375
3551.5859375,3608.9152715121113,3547.6929702664606,3591.2112432293293,2177001,-0.5308945220215966,-39.625305729329284,61.22230124565067,0.5332094277194559,3536.679296875,3572.32044921875,61.213985066908215,3659.1072670088165,3414.2513267411837,43.91492182511628,-9.73755230492452,-20.068968256519415,3594.687255859375
3594.687255859375,3605.6712033854537,3570.448708339529,3574.897910867656,1932323,1.2135794858370907,19.78934499171919,35.222495045924916,-0.11239223133108345,3537.872668457031,3572.8732568359374,62.14022867304549,3662.153125803122,3413.5922111109403,52.80684143568994,-4.58208135656696,-16.971590876528925,3551.957275390625
3551.957275390625,3604.7446322415467,3548.2032533352126,3604.7446322415467,1860730,-1.1886981377614902,-52.7873568509217,56.5413789063341,-0.037050224004992915,3534.6794921875,3571.8270068359375,59.509083648545854,3653.6976594845914,3415.661324890408,48.646191793378684,-3.89933667537116,-14.357140036297373,3536.24560546875
3536.24560546875,3561.17933171857,3517.661061094292,3546.3951993772894,1774045,-0.44233837019188593,-10.149593908539373,43.5182706242781,-0.04658655473926898,3533.79892578125,3571.07294921875,59.34043629108323,3652.4797983634166,3415.1180531990835,47.80059555232479,-4.573338452527878,-12.400379719543475,3523.8251953125
3523.8251953125,3553.6254156533255,3515.7147523909116,3547.8784064893566,1509050,-0.35123154729530537,-24.05321117685662,37.91066326241389,-0.1493733248029221,3532.941516113281,3568.9018017578123,59.35520176735532,3651.6519196479917,3414.2311125785704,49.81977126068578,-6.040086655613777,-11.128321106757536,3510.431396484375
3510.431396484375,3531.4721572718627,3503.757705904956,3518.5418393437685,2846526,-0.3800926006755856,-8.110442859393515,27.714451366906815,0.8863033034028032,3530.8675537109375,3565.4321435546876,59.38217471858789,3649.6319031481135,3412.1032042737615,55.242392878874014,-8.188866645396047,-10.540430214485239,3532.2138671875
3532.2138671875,3594.363079879569,3520.4421834921905,3547.2761188024833,4642195,0.6205069475204494,-15.062251614983325,73.92089638737843,0.6308282446743856,3527.034802246094,3562.84076171875,56.48586885303415,3640.0065399521623,3414.0630645400256,65.66561455351697,-8.04143032323418,-10.040630236235028,3537.822021484375
3537.822021484375,3575.083672788881,3514.1858706790554,3530.360367833718,1702154,0.15877165165369966,7.461653650656899,60.897802109825534,-0.6333299225904987,3525.5193115234374,3560.4848486328124,55.72671942501575,3636.972750373469,3414.065872673406,63.55416477641569,-7.386903171666745,-9.509884823321372,3557.88916015625
3557.88916015625,3566.41666656242,3515.668465075754,3538.007033326123,1338808,0.5672173034712236,19.882126830127163,50.74820148666595,-0.21346247166825094,3525.120715332031,3559.0087890625,55.45080741491751,3636.022330161866,3414.219100502196,64.35962560700992,-5.189118379131287,-8.645731534483355,3574.017578125
3574.017578125,3584.3061190627222,3560.2529065957383,3563.4970839383795,1639845,0.4533142333203566,10.520494186620454,24.05321246698395,0.2248544974335378,3525.8599243164062,3557.154091796875,56.02506406217616,3637.9100524407586,3413.809796192054,63.15533756104173,-2.121474519904041,-7.340880131567492,3646.59423828125
3646.59423828125,3653.8705550444147,3539.0267689087714,3550.9837890347926,4526556,2.030674404078492,95.61044924645739,114.84378613564331,1.7603560092569723,3531.9080078125,3556.4426513671874,62.189220955743984,3656.286449723988,3407.5295659010117,62.64778298233604,6.095717627510112,-4.653560579751972,3618.787109375
3618.787109375,3670.555002133022,3612.94777109011,3631.4395370159273,2731571,-0.7625506730180143,-12.652427640927272,57.607231042911735,-0.39654540891574075,3539.6963623046877,3556.2830078125,62.85812718190556,3665.4126166684987,3413.9801079408767,51.35423966608057,10.24598931028413,-1.6736506017447517,3687.42431640625
3687.42431640625,3709.2066482395257,3600.109652784797,3600.109652784797,2658723,1.896690934192713,87.31466362145284,109.09699545472859,-0.026668902254416982,3553.9359741210938,3558.7549755859377,62.430314402130975,3678.7966029253557,3429.0753453168318,64.38371885844577,18.85619601226972,2.432318721058143,3723.759521484375
3723.759521484375,3729.320968607394,3691.456918555691,3701.699295599757,2307449,0.9853817179775293,22.06022588461792,37.86405005170309,-0.13212132290577094,3568.5139038085936,3562.152412109375,66.42115785747701,3701.3562195235477,3435.6715880936395,68.44862030729867,28.285733907381655,7.603001758322846,3675.421142578125
3675.421142578125,3731.8235725519535,3665.9203376575206,3726.169344471108,1821198,-1.2981068897537473,-50.74820189298316,65.9032348944329,-0.21073098473682406,3580.1118286132814,3565.241962890625,63.6291631080911,3707.3701548294634,3452.8535023970994,63.92539795754204,31.495150933453715,12.38143159334902,3727.050048828125
3727.050048828125,3751.52055167907,3691.0398148782656,3707.492429103772,2518001,1.40470722257926,19.557619724353117,60.48073680080461,0.38260694334169054,3592.833630371094,3568.657353515625,66.38124065312522,3725.596111677344,3460.0711490648437,64.60424337047439,37.76927758141892,17.459000790963003,3718.568603515625
3718.568603515625,3732.4258292933814,3696.5081535287777,3716.900124285456,1668616,-0.2275645671881099,1.6684792301689413,35.9176757646037,-0.337325124175884,3601.240673828125,3571.717236328125,71.20037291629563,3743.6414196607166,3458.839927995534,69.88595965694651,41.57790222277208,22.28278107732482,3701.328125
3701.328125,3736.5970115088844,3687.285562563459,3728.023114490228,1758882,-0.46363212176119273,-26.69498949022818,49.31144894542558,0.054096328933679105,3605.8404541015625,3575.2356640625,74.63921267597301,3755.1188794535087,3456.5620287496163,69.63184306092515,42.71273632261136,26.36877212638213,3694.191162109375
3694.191162109375,3714.0732898340816,3684.551411180989,3693.727708193667,1305801,-0.19282167507440606,0.4634539157082145,29.5218786530927,-0.25759601837985724,3611.7170654296874,3578.2221044921876,76.81585111748934,3765.348767664666,3458.085363194709,70.51799318437759,42.545766155169076,29.604170932139517,3623.421630859375
3623.421630859375,3710.6901382951037,3616.794330433944,3692.5226544204043,2669716,-1.9156975950749278,-69.10102356102925,93.89580786115948,1.0445044842207962,3614.3610595703126,3580.3609130859377,76.23184880253243,3766.8247571753773,3461.897361965248,61.955674869130505,36.28466434415168,30.94026961454195,3636.908203125
3636.908203125,3689.0931591530957,3610.8622289094983,3643.674675535382,4872189,0.3722054356237514,-6.7664724103819935,78.23093024359741,0.8249840057893798,3618.6271728515626,3581.8704150390627,74.90986300957604,3768.446898870715,3468.8074468324103,61.275831748649516,32.04159416760149,31.16053452515386,3878.13623046875
3878.13623046875,3892.966755879167,3681.0291429084155,3689.0931958411575,13509164,6.632777454665351,189.04303462759253,211.93761297075162,1.7727093509714011,3632.7996215820312,3589.1164111328126,94.41591336811429,3821.63144831826,3443.9677948458025,74.31294880582983,47.59536650493283,34.44750092110965,3864.46435546875
3864.46435546875,3930.089249638286,3853.20206311634,3926.103726954822,4848030,-0.35253725468915587,-61.63937148607192,76.8871865219462,-0.6411302727541097,3648.4249755859373,3595.3040234375,105.5369627141668,3859.498901014271,3437.351050157604,72.10453310050555,58.14833923070637,39.187668583028994,3873.0380859375
3873.0380859375,3887.960939474929,3841.940057628319,3867.059349578485,2029521,0.2218607724151278,5.978736359014874,46.02088184660988,-0.58137202121274,3665.264599609375,3602.0293603515624,113.28081990220474,3891.8262394137846,3438.7029598049658,71.79729033250092,66.4376229793952,44.63765946230224,4000.116455078125
4000.116455078125,4008.8759141236847,3855.936139365209,3855.936139365209,5613364,3.2811030080502013,144.18031571291613,152.93977475847578,1.765856574038899,3689.0791625976562,3609.8671484375,130.7058430645652,3950.4908487267867,3427.667476468526,73.87328599432526,82.31225795064711,52.17257915997122,3997.190185546875
3997.190185546875,4049.5428404415234,3981.2568871814256,4011.1260943754664,3903354,-0.07315460847483468,-13.935908828591437,68.28595326009781,-0.3046319461912679,3713.417102050781,3616.5808056640626,140.63147117316169,3994.680044397104,3432.154159704458,76.44204375358048,93.57818398602285,60.453700125181555,3983.208251953125
3983.208251953125,4013.495719745839,3962.443655783337,3994.9145068230564,1896386,-0.34979405394084395,-11.7062548699314,51.05206396250196,-0.5141649975892527,3735.9668212890624,3623.0516357421875,146.09835520678607,4028.1635317026344,3443.7701108754904,72.37811489293321,100.22297824003726,68.4075557481527,3997.14453125
3997.14453125,4052.2843764255626,3963.6516196739526,3979.167115356308,2365208,0.3498757387350171,17.97741589369207,88.63275675161003,0.24721865696118828,3758.9329467773437,3630.109462890625,149.37649969832847,4057.6859461740005,3460.179947380687,71.40909196932253,105.39859740586735,75.80576407969563,4000.767822265625
4000.767822265625,4031.2875583843847,3965.324245668946,3983.3479333442947,1809793,0.090646985299081,17.419888921330312,65.96331271543886,-0.23482712725476995,3781.0768798828126,3638.4599658203124,150.82437712648786,4082.7256341357884,3479.428125629837,77.39698427996724,108.54148352956327,82.35290796966916,4015.8642578125
4015.8642578125,4034.909999231854,3970.990814364529,3990.315092493855,2810342,0.3773384564547344,25.54916531864501,63.91918486732493,0.5528527295663095,3803.1692138671874,3646.1203955078126,151.2582309112104,4105.685675689609,3500.6527520447667,75.91511462181134,110.97119277517731,88.0765649307708,4076.577880859375
4076.577880859375,4108.723462326797,4029.3813390339833,4041.4128530075227,3552210,1.5118445034281836,35.1650278518523,79.34212329281354,0.26397783614947934,3824.6683959960938,3655.8527490234374,158.22939302295867,4141.127182042012,3508.2096099501764,79.37086047616492,116.45343413345608,93.75193877130786,4070.30712890625
4070.30712890625,4116.667158057409,4060.923526939503,4101.802189759301,1746803,-0.15382392134755118,-31.495060853050745,55.74363111790626,-0.5082489492456809,3847.2443969726564,3665.8424951171874,159.51440159944346,4166.273200171543,3528.2155937737693,80.82564054449853,118.92130188931105,98.7858113949085,4055.6748046875
4055.6748046875,4086.0085427265517,4020.323776464771,4079.598115277588,1797906,-0.35948943790592436,-23.923310590088022,65.68476626178062,0.029255159282414844,3865.6569213867188,3674.6395751953123,161.3385452748837,4188.334011936486,3542.9798308369514,79.82592377275817,118.3323370664566,102.69511652921813,4074.256103515625
4074.256103515625,4100.873599699461,4036.768416559619,4041.413719685694,2330091,0.4581555406426796,32.842383829930895,64.10518313984221,0.29600268312136446,3883.181750488281,3685.04755859375,164.12587461135843,4211.433499710998,3554.930001265564,90.70366889323073,118.00464958109069,105.75702313959265,4085.171875
4085.171875,4105.79674520608,4055.3952148117914,4087.3085326195014,2202244,0.2679206021181546,-2.1366576195014204,50.401530394288784,-0.05486781417549791,3903.669287109375,3695.9315283203123,162.39158467420242,4228.45245645778,3578.88611776097,90.66031309597943,117.27390583397573,108.06039967846927,3979.212890625
3979.212890625,4086.0085899107653,3967.0888310411474,4055.3495895771916,2811282,-2.5937460556662573,-76.13669895219164,118.91975886961791,0.27655337010794434,3916.2774291992187,3704.4775732421876,157.67766661750818,4231.632762434235,3600.9220959642025,62.149777905076725,106.9123624827148,107.83079223931838,3860.29296875
3860.29296875,3938.2877856411073,3818.9035015045465,3938.2877856411073,2787771,-2.988528765454457,-77.99481689110735,119.38428413656084,-0.008363088441501021,3923.3636474609375,3709.5060546875,151.38377072204165,4226.131188905021,3620.5961060168543,49.599835493650204,88.08948019203763,103.88252982986224,3875.29736328125
3875.29736328125,3956.17189885466,3865.6347711065923,3875.065098154798,2203067,0.38868538353731275,0.23226512645214825,90.53712774806763,-0.20973889175258653,3932.062109375,3715.649365234375,142.70344745022135,4217.469004275443,3646.6552144745574,50.2140928330955,73.53527077941862,97.81307801977351,3902.47265625
3902.47265625,3943.8158516524645,3883.7517228332504,3928.0680935195514,1237666,0.7012440703580092,-25.59543726955144,60.06412881921415,-0.4382077349440575,3942.476184082031,3722.3815966796874,131.59849093529726,4205.673165952626,3679.2792022114363,38.58598899891496,63.4622210117177,90.94290661816235,3876.552001953125
3876.552001953125,3931.7848414500368,3864.892471746728,3884.4027462435265,2441283,-0.6642110420776892,-7.850744290401508,66.89236970330876,0.9724893468835696,3955.132702636719,3728.72796875,109.63852908325552,4174.40976080323,3735.855644470208,36.61749523614529,52.77926975679702,83.3101792458893,3928.76513671875
3928.76513671875,3951.898655663078,3907.210748658729,3917.8486743229014,1302536,1.3468962815233354,10.916462395848612,44.6879070043492,-0.46645431930669246,3969.725549316406,3736.7906201171877,80.64246207142271,4131.010473459251,3808.440625173561,44.43278847646957,47.97311334456708,76.24276606562486,3898.012939453125
3898.012939453125,3938.2878064043034,3889.372857499192,3929.9262611677764,936912,-0.7827446079230027,-31.913321714651374,48.91494890511149,-0.28070164663395103,3970.719384765625,3745.490478515625,79.56965435797326,4129.858693481571,3811.5800760496786,40.20009007239098,41.20773730417113,69.23576031333411,3899.221435546875
3899.221435546875,3933.6429525764734,3886.260857493479,3914.1326781305343,1495593,0.03100287537576296,-14.91124258365926,47.38209508299451,0.5963003996106357,3972.457238769531,3755.422265625,77.47892438698845,4127.415087543508,3817.4993899955543,39.91321074646324,35.534029413286135,62.495414133324516,3990.54736328125
3990.54736328125,4000.7207578523953,3891.044886752686,3910.4158901229916,3226545,2.3421580242099393,80.13147315825836,109.67587109970918,1.157368348207032,3978.3327026367188,3766.5891943359375,73.91650834095381,4126.1657193186265,3830.499685954811,47.81597565639938,37.96912966660784,57.59015723998118,4102.77783203125
4102.77783203125,4112.951226936545,4018.280043659057,4041.413561593398,3457058,2.812407886263446,61.364270437852156,94.67118327748813,0.07144267319997089,3983.465771484375,3779.775498046875,78.90515437261097,4141.276080229597,3825.6554627391533,52.0757052639723,48.39713301702659,55.75155239539026,4171.482421875
4171.482421875,4175.430929735349,4078.901616536801,4107.377235436386,2055210,1.6745871372161325,64.1051864386136,96.52931319854815,-0.4055031764002802,3992.180383300781,3793.7528662109376,89.42431567511372,4171.029014651009,3813.3317519505536,57.29408459866641,61.49639485441139,56.90052088719449,4202.419921875
4202.419921875,4241.161933038117,4180.772989851375,4185.418293173432,2212298,0.7416428231308281,17.001628701567824,60.388943186741926,0.07643403837077467,4003.140966796875,3806.7927099609374,100.95724292276843,4205.055452642412,3801.226480951338,60.33636682556387,73.52648438678489,60.22571358711257,4228.619140625
4228.619140625,4236.516155388334,4173.8508391327405,4197.495611851862,1896990,0.6234317187966854,31.123528773137878,62.6653162555931,-0.14252510285684838,4014.714697265625,3819.1784423828126,112.80639165521023,4240.327480576046,3789.1019139552045,60.75750754659391,84.2038257225563,65.02133601420132,4182.63134765625
4182.63134765625,4237.399658376934,4178.172037672117,4236.5168692386715,1829872,-1.0875368870877478,-53.88552158242146,59.22762070481713,-0.03538131460893312,4023.8078735351564,3831.297890625,118.79396737958862,4261.395808294334,3786.2199387759792,56.475380531651005,87.94113444427103,69.60529570021527,4147.23388671875
4147.23388671875,4186.347432150737,4138.965337379391,4180.773068059991,1809253,-0.8462964577869214,-33.53918134124069,47.3820947713466,-0.011268001259104432,4030.376354980469,3842.8317333984373,121.92234538071926,4274.221045741908,3786.5316642190305,62.31866936733948,87.04331807516701,73.09290017520561,4183.04931640625
4183.04931640625,4229.223358650871,4166.837026562577,4170.553269172667,1844164,0.8635980189638293,12.49604723358334,62.386332088293784,0.019295808822757277,4035.6999267578126,3855.4610009765624,126.29200741205851,4288.28394158193,3783.1159119336958,76.94699757275022,88.20502536133745,76.11532521243198,4178.125
4178.125,4190.06352004845,4168.509131570201,4185.4182168111465,930697,-0.11772073513302006,-7.293216811146522,21.554388478249166,-0.4953285065753371,4041.0908203125,3867.129755859375,130.09101266913146,4301.272845650763,3780.908794974237,75.71599050294108,87.71718645215287,78.43569746037616,4186.39404296875
4186.39404296875,4238.839704162915,4141.102331061256,4179.612080899268,1848058,0.19791277112939376,6.781962069481779,97.7373731016587,0.9856709541343747,4047.6267822265627,3879.8184912109373,134.0847567614021,4315.796295749367,3779.4572687037585,74.91035679921723,86.99498917947722,80.14755580419637,4191.73583984375
4191.73583984375,4232.800503800473,4143.610677557092,4143.610677557092,2133641,0.127598998569467,48.12516228665845,89.1898262433815,0.15453140539961407,4053.500769042969,3892.9282958984377,137.83360357828394,4329.1679761995365,3777.833561886401,78.68920511137294,85.86389546379723,81.29082373611655,4230.708984375
4230.708984375,4266.477811363402,4169.43726681697,4180.771985657425,3637222,0.9297614644701246,49.93699871757508,97.0405445464321,0.7047019625138438,4060.777624511719,3907.0659716796877,143.32601470818682,4347.429653928092,3774.125595095345,78.16286322738841,87.1081737920249,82.45429374729822,4200.32958984375
4200.32958984375,4262.530383589784,4191.921772178967,4251.381655472286,1216500,-0.718068641531433,-51.052065628536184,70.6086114108166,-0.6655414489409774,4071.833459472656,3920.863935546875,145.2188727097732,4362.271204892202,3781.3957140531097,78.2172586426519,84.66692250490087,82.89681949881876,4192.24658203125
4192.24658203125,4232.706988670382,4176.9633540945715,4200.329136859027,1717263,-0.1924374656704142,-8.08255482777713,55.743634575810574,0.41164241676942037,4088.4311401367186,3934.06458984375,138.58726675607215,4365.605673648863,3811.2566066245745,77.00348682910938,81.14459768231154,82.54637513551732,4161.49462890625
4161.49462890625,4168.694848446134,4121.9632824379705,4159.357971016076,1265505,-0.7335435195250373,2.1366578901743196,46.7315660081631,-0.2630686155818882,4102.741003417968,3946.5380419921876,129.92690302088974,4362.594809459748,3842.887197376189,67.73329848469191,75.00706946453056,81.03851400131998,4158.4287109375
4158.4287109375,4179.843374955519,4138.1749189531665,4163.120285213532,1688793,-0.07367348133657803,-4.691574276032043,41.668456002352286,0.33448149157846085,4115.538806152344,3958.5488330078124,121.49443072317659,4358.527667598697,3872.5499447059906,57.46329350657514,69.09910866432256,78.6506329339205,4140.5908203125
4140.5908203125,4198.378570967705,4125.029055295338,4156.570844055927,1649179,-0.4289574708370658,-15.98002374342741,73.34951567236658,-0.023456989696191255,4128.740747070313,3969.8802978515623,107.72384850316439,4344.188444076642,3913.293050063984,45.202629128486976,62.259944583939614,75.37249526392434,4133.9013671875
4133.9013671875,4171.714314661398,4116.202944403391,4138.964928860649,1184938,-0.16155793738863444,-5.063561673148797,55.511370258007446,-0.28149824852244665,4138.99755859375,3979.6264404296876,96.90376854392841,4332.805095681607,3945.190021505893,38.49262450756247,55.65847852142906,71.42969191542528,4188.0654296875
4188.0654296875,4217.888362209953,4125.446843253818,4127.30496423786,1385591,1.3102408037579893,60.76046544963992,92.44151895613504,0.1693362859491383,4153.500183105469,3991.0120068359374,78.98834482945922,4311.476872764387,3995.52349344655,43.77400696258137,54.17288498503058,67.97833052934635,4161.587890625
4161.587890625,4226.622135770557,4154.062408672436,4200.701434505407,1325919,-0.6322140737059945,-39.11354388040672,72.55972709812158,-0.04306609959215957,4166.618505859375,4000.4952783203125,51.55984538914383,4269.738196637662,4063.498815081087,46.56344043493446,50.27943525226783,64.43855147393064,4197.21728515625
4197.21728515625,4211.0601974701785,4116.94608580757,4190.295602177849,2742216,0.8561490341586708,6.921682978400895,94.1141116626086,1.068162534815475,4176.952001953125,4009.96443359375,31.042882640324596,4239.037767233774,4114.866236672476,58.1564974056273,49.49825755812526,61.45049269076957,4201.76904296875
4201.76904296875,4224.438028089181,4185.417487693372,4208.643999833735,1458786,0.10844703772181497,-6.874956864984597,39.020540395808894,-0.46802658871511216,4181.9015625,4020.4913916015626,26.090596953921104,4234.082756407843,4129.720368592158,53.40187121550923,48.68524423228064,58.897442999071785,4193.0830078125
4193.0830078125,4223.556015887551,4175.616848928026,4205.857591838961,1155120,-0.20672328886770508,-12.774584026460616,47.93916695952521,-0.20816350033521025,4182.981591796875,4029.81205078125,26.083673761567724,4235.148939320011,4130.81424427374,52.68160395526517,46.80054729236235,56.4780638577299,4186.0224609375
4186.0224609375,4214.033551710522,4149.185293074418,4193.083413338136,1699364,-0.16838557361837925,-7.06095240063587,64.84825863610422,0.4711579749290118,4182.16171875,4039.1611279296876,25.69533755960856,4233.552393869217,4130.7710436307825,49.933094548568434,44.2273588019134,54.027922846566604,4037.836669921875
4037.836669921875,4178.03182491242,4014.47088636393,4178.03182491242,2961779,-3.540014235433353,-140.19515499054523,163.5609385484904,0.7428749814636535,4172.622595214843,4045.891298828125,39.33412017529807,4251.29083556544,4093.9543548642473,31.702017108704425,29.886223706419514,49.19958301853719,3991.38427734375
3991.38427734375,4108.492657858026,3978.0521647626097,4078.622991629416,2927551,-1.1504277259194784,-87.23871428566599,130.4404930954165,-0.011556567860059763,4163.060241699219,4051.8351611328126,56.34231271222687,4275.7448671236725,4050.375616274765,22.0424949376836,14.604103939257584,42.28048720268127,3980.931884765625
3980.931884765625,4023.4831346819124,3927.6038942336454,4010.6618255380617,5447908,-0.26187387261746853,-29.72994077243675,95.87924044826696,0.8609096818467039,4154.745141601563,4058.9853662109376,69.52928762992282,4293.803716861408,4015.686566341717,23.1188331162666,1.6306955520376505,34.15052887255255,3965.695068359375
3965.695068359375,4003.693555186361,3951.294629432452,3994.960476501186,1702319,-0.38274496643759814,-29.265408141810894,52.398925753909225,-0.6875279465071731,4143.877429199219,4065.561103515625,80.92516860215815,4305.727766403535,3982.027091994902,22.720540723916727,-9.76771170741722,25.366880756558597,3968.296630859375
3968.296630859375,3986.599307388911,3939.2172135467213,3950.040679548759,3012026,0.06560167776783477,18.255951310616183,47.38209384218953,0.7693663761022465,4133.386010742188,4067.3643115234377,89.40831786559725,4312.202646473383,3954.5693750109936,25.044921972315834,-18.379242760182024,16.617656053210474,3971.502197265625
3971.502197265625,3985.2988392847856,3939.2173381849816,3950.6913284717216,2713073,0.08077940498001368,20.81086879390341,46.08150109980397,-0.09925312729704194,4122.641418457031,4069.505068359375,95.41341930480458,4313.46825706664,3931.814579847422,25.863707120425644,-24.661004039653562,8.361924034637667,3987.992919921875
3987.992919921875,4010.568912711446,3957.7984481927056,3957.7984481927056,3964251,0.41522632588757435,30.194471729169436,52.77046451874048,0.46116636006476797,4112.454272460937,4071.8041650390624,98.47556771668525,4309.405407894308,3915.503137027567,30.22749229555461,-27.986075553388673,1.0923241170323994,4003.044189453125
4003.044189453125,4067.4279172386723,3995.0074511426765,4027.478305443043,3012477,0.3774146502633524,-24.434115989918155,72.42046609599583,-0.24008923753818823,4101.071032714844,4071.8627197265623,97.23713221238891,4295.545297139622,3906.596768290066,33.40411473398764,-29.071587853071378,-4.940458276988356,3965.695068359375
3965.695068359375,3993.799150781273,3957.8443250356186,3982.7896922279247,2503416,-0.9330179564880692,-17.09462386854966,35.95482574565449,-0.16898419473410087,4089.339306640625,4071.2328173828123,98.77349430446041,4286.886295249546,3891.7923180317043,20.5415803932451,-32.57017737337219,-10.466402096265124,3983.718505859375
3983.718505859375,3991.011721656906,3941.957507745713,3953.6633073625258,1823365,0.4544836955266973,30.055198496849243,49.054213911193074,-0.27164921850783086,4078.9129028320312,4071.2430224609375,98.34405466387805,4275.601012159787,3882.224793504275,25.896942360002356,-33.50230033231537,-15.073581743475174,3932.4814453125
3932.4814453125,3975.4505001458124,3911.3453156377354,3960.2139962956594,3350119,-1.286161672103936,-27.7325509831594,64.10518450807695,0.8373276880931684,4067.4622436523437,4069.9497607421877,101.50436522213265,4270.470974096609,3864.453513208078,15.581574573815843,-37.93809038272184,-19.64648347132451,3950.597900390625
3950.597900390625,3993.1024224537377,3924.398210251953,3925.280999271066,2965463,0.46068761747672937,25.316901119559134,68.70421220178469,-0.11481860793601661,4057.070703125,4068.9463623046877,102.3364629385872,4261.743629002174,3852.3977772478256,18.457658391274563,-39.535894257773634,-23.624365628614335,3969.73681640625
3969.73681640625,3992.405805122665,3929.3689504456147,3970.712148613736,1472619,0.4844561886121701,-0.9753322074861899,63.03685467705009,-0.5034100914427191,4048.5280029296873,4068.0238134765623,102.12848578105323,4252.784974491794,3844.2710313675807,22.6694725370063,-38.81043226395832,-26.661578955683133,3951.52734375
3951.52734375,3975.8221898436273,3905.724833607358,3969.5047586663354,1541867,-0.45870730223206424,-17.97741491633542,70.0973562362692,0.04702370402663547,4039.4093017578125,4065.522802734375,102.24630398314031,4243.9019097240935,3834.916693791532,22.06735299249695,-39.25237373694927,-29.17973791193636,3951.248779296875
3951.248779296875,3990.3155992244356,3945.4421500779804,3957.7984755986254,1082504,-0.007049538795822485,-6.549696301750373,44.87344914645519,-0.2979264748515923,4027.568469238281,4063.1416357421876,97.73792937735044,4223.044327992982,3832.0926104835803,34.07395965053455,-39.17352534610109,-31.178495398769307,3927.510498046875
3927.510498046875,3989.246753361262,3900.7537355297673,3951.526804113441,2378875,-0.6007792112301291,-24.016306066565903,88.49301783149485,1.197566937396998,4015.864599609375,4060.578349609375,94.81620307475947,4205.497005758894,3826.2321934598563,37.180614149847855,-40.55897966556677,-33.0545922521288,3854.8583984375
3854.8583984375,3941.028768538948,3820.7154216048507,3849.098041297021,5759183,-1.8498257266404305,5.760357140478845,120.31334693409735,1.4209691555882507,3998.7466552734377,4056.1903955078124,91.18686852592855,4181.120392325295,3816.3729182215807,29.75239275253783,-46.97784806514892,-35.83924341473283,3843.197998046875
3843.197998046875,3869.908487223454,3829.773346107295,3846.3104414273184,2137590,-0.3024858291902799,-3.1124433804434375,40.13514111615905,-0.6288379792758799,3980.8181030273436,4051.35091796875,84.14726751869561,4149.112638064735,3812.5235679899524,30.09814716680576,-52.401690311764014,-39.151732794139065,3824.756591796875
3824.756591796875,3874.1365268299264,3804.5032516700458,3837.995705676313,2759474,-0.4798453334793562,-13.23911387943781,69.63327515988067,0.2909276334563691,3962.4017822265623,4048.2617919921877,75.06140575125433,4112.524593729071,3812.2789707240536,27.82088309054531,-57.52507843590092,-42.826401922491435,3804.456787109375
3804.456787109375,3823.0844981328532,3778.675354588552,3795.212679191423,2359151,-0.530747622764749,9.244107917952078,44.40914354430106,-0.14507221303770212,3943.3234985351564,4047.145068359375,62.70686749805961,4068.7372335312757,3817.909763539037,25.484036019818646,-62.50293014998715,-46.76170756799058,3817.51025390625
3817.51025390625,3836.9742562004353,3802.5987849412795,3821.0405029589083,2522659,0.3431098715880765,-3.5302490526582915,34.3754712591558,0.06930798410105998,3932.307177734375,4045.989326171875,64.55512531151676,4061.4174283574084,3803.196927111341,24.724567912406116,-64.64937012281052,-50.33924007895457,3839.908447265625
3839.908447265625,3861.4221966319437,3799.8149930258223,3809.128265067552,2361000,0.5867225461007264,30.780182198072907,61.6072036061214,-0.0640827793213431,3924.7333862304686,4044.7380419921874,66.12591466477703,4056.9852155600224,3792.4815569009147,26.329466909628835,-63.8075584361236,-53.03290375038838,3799.675048828125
3799.675048828125,3855.647899798256,3790.501385728475,3848.8025545031073,1595450,-1.0477697317536339,-49.12750567498233,65.146514069781,-0.3242481999152901,3915.670544433594,4043.2005029296874,70.3071119043713,4056.2847682423367,3775.056320624851,26.110918286045916,-65.63036957192571,-55.55239691469585,3739.743896484375
3739.743896484375,3808.941544128123,3731.222344636917,3786.7759141091938,1928049,-1.577270465858227,-47.032017624818764,77.71919949120593,0.2084672036102666,3904.3729858398438,4039.420078125,79.41024246657483,4063.1934707729934,3745.552500906694,18.67209718759875,-71.09140618070887,-58.66019876789846,3787.009033203125
3787.009033203125,3831.0606256089795,3720.791581721823,3724.936169449571,1966476,1.263860254259197,62.072863753553975,110.26904388715639,0.01993051006483748,3895.3086059570314,4037.2,82.03290446879268,4059.3744148946166,3731.2427970194462,31.127907278735805,-70.78939938460508,-61.08603889123978,3769.9189453125
3769.9189453125,3798.8833095961822,3729.033775833075,3729.033775833075,2676744,-0.45128194152127543,40.8851694794248,69.84953376310705,0.36118823723249105,3885.229443359375,4034.6139501953126,84.52463489009831,4054.2787131395717,3716.1801735791787,26.497986932687525,-71.10937942583223,-63.090706998158275,3778.906494140625
3778.906494140625,3810.990668738502,3755.762923689694,3778.440830569176,1759676,0.23840164625554827,0.4656635714491131,55.22774504880772,-0.3426057927093513,3874.7751220703126,4030.3811328125,84.07460499800646,4042.9243320663254,3706.6259120743,24.504218521570138,-69.8327572789558,-64.43911705431778,3809.91943359375
3809.91943359375,3850.1061056967715,3772.8059589205664,3789.5232343448033,1532534,0.8206855475575203,20.396199248946687,77.30014677620511,-0.12908171731614226,3865.1188842773436,4024.52396484375,79.53506112667999,4024.1890065307034,3706.0487620239837,31.70641243504491,-65.5627731644422,-64.66384827634266,3795.390869140625
3795.390869140625,3821.7008604425628,3781.281354135695,3814.5762988806255,1445885,-0.38133521472974996,-19.185429740000473,40.41950630686779,-0.056539691778453194,3856.6036743164063,4017.0021337890626,77.28516719434377,4011.174008705094,3702.0333399277188,30.580509510894373,-62.62916370728681,-64.2569113625315,3804.145263671875
3804.145263671875,3824.960515939356,3781.2347527404995,3795.158047833668,1935002,0.2306585759698665,8.987215838206794,43.725763198856384,0.3382820902077275,3847.6250122070314,4009.036640625,71.98988279815917,3991.60477780335,3703.645246610713,34.03281257899792,-58.918672817195784,-63.18926365346435,3695.9248046875
3695.9248046875,3798.2311725944933,3688.0551365503707,3790.501112565659,3740372,-2.8448035362329316,-94.57630787815879,110.17603604412261,0.9330067875898835,3835.7971801757812,3998.38275390625,76.59967974079557,3988.9965396573725,3682.59782069419,31.163513131883647,-63.973126280212455,-63.346036178813975,3710.59375
3710.59375,3724.3308260712956,3703.0035243410357,3715.8558850555814,154895,0.39689512335032706,-5.262135055581439,21.327301730259933,-0.9585883436192978,3823.79697265625,3988.942001953125,76.46784730135164,3976.7326672589534,3670.861278053547,34.395296067242384,-66.03395741542226,-63.883620426135636,3691.920654296875
3691.920654296875,3717.7649842744486,3644.5161904410857,3693.923144215517,2269192,-0.503237405149104,-2.0024899186419134,73.24879383336292,13.649872494270312,3809.9061645507813,3979.8357373046874,73.74677017046848,3957.399704891718,3662.4126242098446,34.37655058347882,-68.38563665248375,-64.78402367140527,3698.626220703125
3698.626220703125,3712.2700726947464,3670.453574014962,3670.453574014962,967590,0.18162812893731672,28.172646688162786,41.81649867978422,-0.5735971217948944,3797.2611083984375,3970.147275390625,69.75968323804776,3936.780474874533,3657.741741922342,37.14159603891319,-68.9138799123325,-65.60999491959072,3855.36865234375
3855.36865234375,3864.821532718559,3702.258547649724,3728.6617654032125,3792017,4.237855416783032,126.70688694053752,162.56298506883513,2.919032854824874,3792.4671020507812,3963.6921484375,61.41596254077407,3915.2990271323292,3669.6351769692333,53.40936473791504,-56.03873259287775,-63.69574245424813,3865.845703125
3865.845703125,3916.975471746434,3804.5179478782275,3883.3549260647524,3724349,0.27175224280773236,-17.509222939752362,112.45752386820641,-0.017844856708184587,3789.3838623046877,3957.281181640625,55.54706946090564,3900.478001226499,3678.289723382876,52.387051025044045,-44.47697229345795,-59.8519884220901,3862.2138671875
3862.2138671875,3883.4015608162717,3834.8793231384825,3869.664484727288,1648039,-0.09394673808538201,-7.4506175397878,48.522237677789235,-0.557496088578165,3789.7516357421873,3950.6907421875,56.02567605529102,3901.8029878527695,3677.700283631605,56.17131934630401,-35.20147210751975,-54.921885159176036,3910.36328125
3910.36328125,3943.5181622491855,3834.8789468568493,3844.7047206230945,1406487,1.2466791254510001,65.65856062690546,108.63921539233615,-0.14656934696326973,3793.109899902344,3944.283828125,61.17436158731973,3915.4586230769833,3670.7611767277044,67.2375034593055,-23.692207055345534,-48.67594953840994,3909.15234375
3909.15234375,3928.3377732797053,3878.3721644817633,3926.4751190486577,1587640,-0.03096739133692239,-17.32277529865769,49.96560879794197,0.12879820432040967,3797.3296875,3938.460283203125,66.17836795381875,3929.6864234076374,3664.9729515923627,63.60615130897257,-14.501578942612923,-41.84107541925054,3865.333740234375
3865.333740234375,3908.5472291817673,3847.358853332509,3891.1780687289943,1098813,-1.1209234039108895,-25.844328494619276,61.188375849258136,-0.3078953667078179,3800.37353515625,3931.9220263671873,67.90101417115574,3936.1755634985616,3664.5715068139384,60.03137604383611,-10.631185357614413,-35.59909740692331,3861.188720703125
3861.188720703125,3874.3205230412245,3833.761411965451,3851.037346821025,1825432,-0.10723574753983556,10.15137388209996,40.55911107577367,0.6612763045213335,3802.5574584960937,3925.915908203125,69.17172985991822,3940.9009182159302,3664.213998776257,58.73968180865785,-7.8083294304633455,-30.040943811631323,3743.469482421875
3743.469482421875,3923.6812860911455,3716.181551430071,3923.6812860911455,3313944,-3.0487822998667924,-180.21180366927047,207.4997346610744,0.8154299913664271,3797.7355102539063,3917.6167236328124,69.78957277036638,3937.3146557946393,3658.1563647131734,44.039781070968864,-14.898414827006036,-27.012438014706266,3762.142578125
3762.142578125,3848.383334503383,3738.440347986104,3743.8418634756777,1776233,0.498817895826531,18.300714649322344,109.94298651727922,-0.46401236713716343,3795.85888671875,3910.0477587890623,70.23785363123491,3936.3345939812198,3655.3831794562802,47.039807883672935,-18.793950852799753,-25.368740582324964,3793.156005859375
3793.156005859375,3811.4098822098795,3747.660582048356,3767.1252292109634,2384347,0.8243554594316249,26.030776648411575,63.74930016152348,0.34236161584656966,3798.5294921875,3903.2328515625,68.99639057541717,3936.5222733383343,3660.536711036666,49.058895747593716,-19.15782728334034,-24.126557922528043,3953.111328125
3953.111328125,3962.750655117127,3775.6002816538157,3791.4328432690386,3096553,4.216945520261706,161.67848485596141,187.1503734633111,0.2987006505345069,3806.834606933594,3898.53376953125,77.06212829985316,3960.9588635333002,3652.7103503338876,70.23230051103347,-6.4646241090604235,-20.594171159834524,4018.76953125
4018.76953125,4030.8767831616365,3960.189149488993,3986.079860138673,4052167,1.660924716636858,32.68967111132679,70.68763367264364,0.30860573030721583,3819.277136230469,3895.67740234375,89.82151193220713,3998.920160094883,3639.6341123660545,72.44303756057526,8.791555540121863,-14.717025819843247,4053.787841796875
4053.787841796875,4066.733198149224,4014.0199908461996,4024.3109738880953,2060669,0.8713689669082036,29.476867908779695,52.71320730302432,-0.4914649371558477,3833.021203613281,3892.8088134765626,103.33330604561255,4039.687815704506,3626.354591522056,75.74033900235972,23.437697638917598,-7.086081128091078,4035.0205078125
4035.0205078125,4076.7906136343795,4027.104228516807,4059.607903777546,1558993,-0.4629579720693111,-24.5873959650462,49.68638511757263,-0.24345297570837432,3844.276257324219,3889.4738427734374,112.53401195012374,4069.3442812244666,3619.2082334239713,73.52472666591316,33.14838976156943,0.9608130498410246,3953.39013671875
3953.39013671875,4041.913046412665,3942.3074356808006,4022.4015626518726,2558544,-2.023047241908671,-69.01142593312261,99.60561073186454,0.6411516921499969,3852.176220703125,3884.6799853515627,114.45110243821314,4081.0784255795515,3623.274015826699,57.65950627646991,33.866897978258294,7.542030035524479,3977.558837890625
3977.558837890625,4003.496391196353,3907.522850994133,3930.200759120496,2017425,0.6113411612832742,47.35807877012894,95.97354020222019,-0.2114948970977243,3860.8468994140626,3880.510712890625,117.15762135965855,4095.16214213338,3626.5316566947454,58.54651191024516,35.97187176882517,13.227998382184618,3982.9599609375
3982.9599609375,3993.7170618183595,3939.5600270221935,3976.766726657372,1670944,0.1357898969444049,6.193234280127854,54.157034796166045,-0.17174417884184046,3875.1986572265623,3879.4131787109377,113.41240534343022,4102.023467913423,3648.373846539702,59.21263022366208,37.641990716525925,18.110796849052882,4007.267578125
4007.267578125,4027.9896055756494,3972.5292600738435,4018.0710631615407,2010905,0.6102902722069592,-10.803485036540678,55.46034550180593,0.20345445448800192,3890.0323486328125,3879.7308447265623,110.10324255451897,4110.238833741851,3669.8258635237744,57.67270348553993,40.460589089750556,22.580755297192418,4055.37060546875
4055.37060546875,4085.6855752155147,3994.508288951376,4017.3258027448396,3302642,1.2003946930406295,38.04480272391038,91.17728626413873,0.642365999388335,3908.2048461914064,3881.219619140625,105.58495177616251,4119.374749743732,3697.0349426390812,60.77702705134379,46.045081858703725,27.27362060949468,4157.4912109375
4157.4912109375,4180.728007626903,4060.5867928833363,4098.584762623309,3746747,2.5181571649959267,58.90644831419104,120.14121474356625,0.13446961553810555,3931.148095703125,3885.0555419921875,107.48515104631781,4146.118397795761,3716.177793610489,69.82929609037043,58.042039514408316,33.42730439047741,4140.21533203125
4140.21533203125,4158.376213591167,4109.714364283185,4147.200286477372,1842087,-0.4155361498011323,-6.984954446122174,48.661849307981356,-0.5083503102824931,3945.3904296875,3888.493916015625,115.48930229271886,4176.369034272938,3714.4118251020623,68.60643175326115,65.40178477904146,39.822200468190225,4146.40771484375
4146.40771484375,4162.47310676674,4112.321053205062,4126.198190317889,2066639,0.14956668472270174,20.209524525860616,50.15205356167826,0.12190086570286862,3959.4185302734377,3891.9920263671875,122.16525331305725,4203.749036899552,3715.088023647323,81.56411161647128,70.9166267374685,46.041085722045885,4128.154296875
4128.154296875,4185.198089234919,4109.108928030726,4122.193893602826,2087828,-0.4402224581872227,5.9604032721736075,76.08916120419326,0.01025287919176976,3972.7155517578126,3894.79525390625,125.45693956633612,4223.629430890484,3721.8016726251403,78.6903423204672,72.97309206080945,51.4274869897986,4123.404296875
4123.404296875,4143.148158287083,4104.358476029229,4127.502045111503,1635256,-0.11506352859910196,-4.097748236503321,38.78968225785411,-0.21676689842266705,3983.3676025390623,3897.2024560546874,128.88170801823682,4241.131018575536,3725.6041865025886,76.998614439291,73.37376327356014,55.816742246550916,4149.0166015625
4149.0166015625,4177.00280411384,4122.054495207995,4125.826188749979,1914642,0.6211446378641794,23.190412812520663,54.9483089058449,0.17085153639552453,3995.3608154296876,3900.86888671875,132.71543393842143,4260.79168330653,3729.9299475528446,70.52398798068808,74.89465803613075,59.63232540446689,4166.6640625
4166.6640625,4186.221930852545,4092.6235608796533,4130.389146191078,1967048,0.4253408128291003,36.274916308922,93.5983699728913,0.02737117435008729,4010.4273315429687,3904.5277978515624,134.27232848148535,4278.971988505939,3741.882674579998,67.22714454880611,76.64051653702109,63.03396363097774,4111.99560546875
4111.99560546875,4167.6887843067,4095.045270300907,4152.787550664486,1646224,-1.3120437887773728,-40.791945195735934,72.6435140057929,-0.16309922279476663,4022.96767578125,3908.1180810546875,131.2793029647945,4285.526281710839,3760.409069851661,56.483396593986264,72.77394167867806,64.98195924051781,4031.25
4031.25,4128.527313123141,4021.471063878942,4107.153170844404,3225027,-1.9636598191243748,-75.90317084440358,107.05624924419863,0.9590450631262817,4037.3567016601564,3909.731123046875,113.6150767978762,4264.586855255909,3810.1265480644042,49.63097691240169,62.4739963627685,64.48036666496796,4049.270751953125
4049.270751953125,4062.448939888911,3995.020946646264,4015.6033671632454,1575404,0.4470264050387529,33.667384789879634,67.42799324264706,-0.5115067253700512,4051.7131103515626,3911.3218017578124,93.34044343461086,4238.3939972207845,3865.0322234823407,60.71849070445691,55.12983712448204,62.61026075687078,3978.5361328125
3978.5361328125,4064.3114493548924,3969.3160855065425,3987.9426274375915,3015763,-1.746848345631291,-9.406494625091455,94.99536384834983,0.914279130940381,4060.9821166992188,3911.8619775390625,73.38475871292773,4207.751634125074,3914.212599273363,50.098949890272664,43.104958278429876,58.7092002611826,3883.9130859375
3883.9130859375,4081.0752079378285,3867.335646043321,4031.71487338267,4116989,-2.378338255988366,-147.8017874451698,213.73956189450746,0.3651566784259903,4057.5222045898436,3910.515263671875,80.06544961103157,4217.6531038119065,3897.3913053677807,41.50621766908383,25.644255063962646,52.09621122173861,3872.73681640625
3872.73681640625,3927.405892277281,3832.3173162428393,3911.619717995668,2195338,-0.28775797202352793,-38.882901589418,95.08857603444176,-0.4667612665469837,4050.220568847656,3909.4197900390627,89.8468405887603,4229.914250025176,3870.5268876701357,38.19747876121055,10.780420445417349,43.83305306647436,3892.48193359375
3892.48193359375,3928.338029883583,3872.7376155550933,3872.7376155550933,1181886,0.5098491873719135,19.74431803865673,55.60041432848993,-0.46163825342612386,4042.1552734375,3910.1722607421875,96.5031802929089,4235.161634023318,3849.1489128516823,34.96132543883613,0.5872212413391935,35.18388670144733,3882.796142578125
3882.796142578125,3911.5276763317006,3858.628020945553,3892.4818540644487,1208464,-0.24883329404903343,-9.685711486323726,52.899655386147515,0.022487786470099413,4034.544055175781,3910.9642236328127,102.88732395081733,4240.318703077416,3828.7694072741465,19.419278000435966,-8.178251164713402,26.511459128215183,3878.837890625
3878.837890625,3893.8323483767854,3862.4464421773887,3877.114844483566,858100,-0.10194333690918267,1.7230461414342244,31.385906199396686,-0.28992506189675493,4030.816442871094,3912.045849609375,107.24069742351377,4245.297837718122,3816.3350480240665,20.01269402361335,-15.2683450726704,18.155498288038068,3873.203369140625
3873.203369140625,3910.922120659606,3829.6174381740902,3865.939198896072,1527169,-0.14526313404314983,7.264170244553043,81.30468248551597,0.7797098240298332,4025.598669433594,3913.42078125,112.38369000961303,4250.36604945282,3800.831289414368,18.615643757288368,-21.09874121500752,10.30465038742895,3813.5986328125
3813.5986328125,3855.6481919731173,3755.157851490963,3851.0379404710184,1555429,-1.5389002499331728,-37.43930765851837,100.49034048215435,0.018504828214821023,4017.1306030273436,3913.342548828125,121.75548726752035,4260.641577562385,3773.619628492303,17.00051532080512,-30.18106768643247,2.207506772656666,3830.03662109375
3830.03662109375,3850.1065398065944,3804.8905600046846,3813.2258927424173,763161,0.4310361384078698,16.810728351332727,45.215979801909725,-0.509356582653403,4008.2690551757814,3913.1451123046877,128.7592435362065,4265.787542248195,3750.7505681033686,19.95999112024863,-35.64161423065207,-5.36231742800508,3888.98974609375
3888.98974609375,3895.741868624835,3815.601341035047,3837.0682521478175,1720835,1.5392313659696732,51.921493945932525,80.14052758978823,1.2548780663582129,3999.9500122070312,3914.93140625,130.91274336689278,4261.775498940817,3738.1245254732457,25.075820688751392,-34.81083458033254,-11.252020858470573,3818.347900390625
3818.347900390625,3892.900907869697,3811.269950829448,3892.900907869697,1791953,-1.816457494496615,-74.55300747907222,81.63095704024909,0.041327611304976974,3982.9928466796873,3916.503486328125,131.39614061571314,4245.785127911114,3720.200565448261,19.692142321508612,-39.39848112599702,-16.88131291197586,3813.784423828125
3813.784423828125,3864.6813582169702,3787.148378172113,3823.5633582481973,2085593,-0.11951442565076853,-9.778934420072346,77.53298004485714,0.16386590496514142,3966.6713012695313,3917.038994140625,131.11238513453247,4228.8960715385965,3704.446531000466,21.573223549015452,-42.90784357415532,-22.086619044411755,3751.6650390625
3751.6650390625,3856.020287112112,3736.065309985075,3832.364669490885,2669054,-1.6288121682366152,-80.69963042838481,119.95497712703673,0.2797578434526775,3946.9341674804687,3916.673916015625,132.33731195961244,4211.6087913996935,3682.259543561244,22.36750794580732,-50.12375831029385,-27.694046897588173,3826.26416015625
3826.26416015625,3842.6556080381715,3741.839449635328,3757.811618423141,2181277,1.9884270135265503,68.45254173310877,100.81615840284348,-0.18275276558660858,3931.8396606445312,3917.6210693359376,127.71550440327393,4187.270669451079,3676.4086518379836,30.176391668587314,-49.25511480195155,-32.006260478460845,3761.49072265625
3761.49072265625,3853.5988861539504,3748.8711943929684,3819.3726136468736,2392472,-1.692863712194792,-57.88189099062356,104.727691760982,0.09682172415516233,3913.7439819335937,3916.6524951171873,124.74952384554261,4163.2430296246785,3664.2449342425084,30.49962930304585,-53.180353622458824,-36.24107910726045,3972.71533203125
3972.71533203125,4001.9125274108405,3883.633986340052,3911.5737991914198,7894300,5.6154494308001235,61.141532839830234,118.27854107078838,2.2996415423043612,3904.928918457031,3920.198984375,112.91746822988092,4130.763854916793,3679.093981997269,56.59633889354355,-38.79981287787086,-36.75282586138253,3996.41796875
3996.41796875,4026.0808290149944,3937.092248220012,3953.4836967820274,4003771,0.5966356695039421,42.93427196797256,88.98858079498223,-0.49282760979440865,3896.416613769531,3924.0444384765624,97.51450960105079,4091.4456329716327,3701.3875945674295,59.01934127570238,-25.200035714343812,-34.44226783197479,3942.3544921875
3942.3544921875,4017.6523885968354,3929.3159111555674,4006.569685669616,3441709,-1.3527983555586376,-64.21519348211586,88.33647744126802,-0.14038315378177224,3887.9345581054686,3928.9730322265623,84.25200098128583,4056.4385600680403,3719.430556142897,53.46355298772519,-18.570515716972295,-31.26791740897429,3957.767578125
3957.767578125,3964.1472594568622,3918.512233366976,3928.3375519824303,1653474,0.39096144113990317,29.43002614256966,45.635026089886196,-0.5195776284398246,3884.2604370117188,3933.9165087890624,79.11914573039874,4042.498728472516,3726.0221455509213,55.16552982833881,-11.935283613282536,-27.401390649835943,3917.44091796875
3917.44091796875,3999.1184848526354,3903.9835145012657,3967.4533641062476,2637705,-1.018924415348177,-50.01244613749759,95.1349703513697,0.5952503637795332,3877.6689453125,3938.4269140625,69.56274344038853,4016.794432193277,3738.543458431723,52.53281390662494,-9.817666865154933,-23.884645892899744,3911.75048828125
3911.75048828125,3946.1800146177866,3888.7502327632087,3945.5159044693314,1761466,-0.14525885154766938,-33.76541618808142,57.42978185457787,-0.33219749744569615,3874.3296630859377,3942.6893994140623,65.97642169159273,4006.2825064691233,3742.376819702752,52.52896013254661,-8.500620591805273,-20.80784083268085,3867.647216796875
3867.647216796875,3932.1425484323627,3858.447160711793,3932.1425484323627,1287799,-1.1274561508076486,-64.49533163548767,73.69538772056967,-0.26890499163764725,3873.5163696289064,3942.934970703125,65.95231943378319,4005.421008496473,3741.61173076134,53.61958716533824,-10.890083252842942,-18.824289316713266,3827.859130859375
3827.859130859375,3899.136119079718,3822.3105229606576,3884.2452782424407,1971591,-1.0287413434375225,-56.38614738306569,76.82559611906026,0.5309772720742911,3871.2724853515624,3942.1752392578123,66.73897927986562,4004.7504439112936,3737.7945267918312,49.85859767065861,-15.812044235817211,-18.221840300534055,3942.385986328125
3942.385986328125,3948.598240960883,3835.7784821299006,3841.2796202434547,2409223,2.991929732874943,101.1063660846703,112.81975883098221,0.22196895806483186,3873.767687988281,3943.778681640625,68.48376847779656,4010.735224943874,3736.800151032688,53.23403315256978,-10.352041786386053,-16.647880597704454,3931.810302734375
3931.810302734375,3975.344708028576,3926.688226603253,3953.1979808435503,1822998,-0.26825591482989575,-21.38767810917534,48.65648142532291,-0.2433253376711081,3876.218395996094,3944.2076220703125,69.69022324128404,4015.598842478662,3736.837949513526,57.4112878687847,-6.799934378654143,-14.678291353894393,3938.35546875
3938.35546875,3962.683483197874,3892.4971314131344,3892.4971314131344,1910099,0.16646698369637836,45.85833733686559,70.1863517847396,0.04777898823805615,3879.1942749023438,3944.7916845703126,71.06514951863038,4021.3245739396043,3737.063975865083,58.1158861046807,-3.41733060919978,-12.42609920495547,3855.648681640625
3855.648681640625,3942.148791419916,3832.7908361324735,3890.599675788401,1551782,-2.100033574054838,-34.95099414777587,109.35795528744256,-0.1875908002674207,3878.316540527344,3944.5979833984375,71.25120486646628,4020.8189502602763,3735.8141307944115,56.59761776486774,-7.3258909511528145,-11.406057554194941,3832.07958984375
3832.07958984375,3890.599779117484,3820.69802052405,3861.007745197988,2468272,-0.6112873278393716,-28.928155354237788,69.9017585934339,0.5906048658896674,3879.240588378906,3944.01580078125,70.48341366831238,4020.2074157155307,3738.2737610422814,50.3945289337781,-12.184822861537668,-11.561810615663488,3888.5126953125
3888.5126953125,3896.148108723218,3845.0732274227375,3845.0732274227375,1217089,1.4726496187165816,43.439467889762454,51.07488130048023,-0.5069064511528714,3882.1643920898437,3946.9166650390625,69.54146413699344,4021.2473203638306,3743.0814638158568,58.71602759204832,-11.351033775454653,-11.51965524762172,3888.750244140625
3888.750244140625,3917.0619915773636,3849.3417440444105,3888.6080671418995,1531251,0.006108989393593944,0.14217699872551748,67.72024753295318,0.2581257410099016,3882.1524169921877,3949.448818359375,69.54024755640472,4021.232912104997,3743.0719218793784,41.89028142943042,-10.549473943653538,-11.325618986828085,3900.463623046875
3900.463623046875,3915.686749530312,3874.7129156799383,3898.1874018590165,1492943,0.30121191053344987,2.276221187858482,40.97383385037392,-0.02501745304982661,3886.258203125,3951.594970703125,67.98150247908603,4022.221208083172,3750.295198166828,40.512582091490586,-8.866848704636595,-10.833864930389787,3863.236572265625
3863.236572265625,3922.7526963272944,3846.970505085766,3901.032960408717,437172,-0.9544263036138756,-37.79638814309192,75.78219124152838,-0.7071743529391277,3888.730810546875,3949.7974755859377,66.07948959579102,4020.8897897384572,3756.571831355293,41.9078535025008,-10.417185132917893,-10.75052897089541,3858.968505859375
3858.968505859375,3866.8882740010763,3792.6234860032378,3823.1639848038094,1265713,-0.11047903296657058,35.8045210555656,74.26478799783854,1.895228880166159,3894.095983886719,3946.601455078125,58.25829388794019,4010.6125716625993,3777.5793961108384,39.65912081790561,-11.853594354059169,-10.971142047528161,3895.389404296875
3895.389404296875,3906.5815588564824,3856.5026066809596,3873.242905885086,2547132,0.9437987996584907,22.146498411788798,50.07895217552277,1.0124088162166305,3897.55224609375,3943.433486328125,56.03013709031006,4009.61252027437,3785.49197191313,47.67293568787045,-9.938531682115354,-10.764619974445601,3880.261474609375
3880.261474609375,3936.1259160718655,3865.9395744358853,3936.1259160718655,1693912,-0.38835474755907207,-55.864441462490504,70.18634163598017,-0.3349728243373331,3903.4907836914062,3940.3383056640623,46.29940151212389,3996.089586715654,3810.8919806671584,46.74190636078375,-9.531653248317525,-10.518026629219987,3872.342041015625
3872.342041015625,3926.167381981307,3842.7500055982014,3893.8246615705457,2284536,-0.2040953591805894,-21.482620554920686,83.41737638310542,0.34867454743811965,3898.472119140625,3938.71734375,43.77185061994282,3986.015820380511,3810.9284179007395,50.52507872085034,-9.736000707968287,-10.361621444969648,3821.7412109375
3821.7412109375,3879.218228908592,3801.444171507491,3879.218228908592,1548940,-1.306724187640551,-57.47701797109221,77.77405740110135,-0.3219892354508749,3889.73828125,3935.6009912109375,40.50481943980703,3970.747920129614,3808.728642370386,49.33191784554369,-13.821683872525682,-11.053633930480856,3828.902099609375
3828.902099609375,3843.176530616503,3807.4669498989556,3831.7949614241543,1339511,0.1873724115955655,-2.8928618147792804,35.7095807175474,-0.1352079486616654,3884.0656616210936,3932.519833984375,40.692150176197465,3965.4499619734884,3802.6813612686988,33.81141374910146,-16.293966641615498,-12.101700472707785,3759.284912109375
3759.284912109375,3831.7949459001434,3751.1754977809574,3811.308028813468,1810908,-1.8182023381350554,-52.0231167040929,80.61944811918602,0.35191722949643567,3874.1415283203123,3927.5601806640625,45.670251258459054,3965.4820308372305,3782.801025803394,28.937064904685883,-23.59876192632555,-14.401112763431339,3746.57568359375
3746.57568359375,3814.4858114252734,3737.0910418049134,3766.446193388272,1678002,-0.33807569292463313,-19.87050979452215,77.39476962035997,-0.07339191168187453,3865.5982666015625,3921.3842822265624,52.599843071197185,3970.797952743957,3760.398580459168,26.933544129099104,-30.066801966290313,-17.534250604003134,3708.636962890625
3708.636962890625,3779.1078947757164,3701.144188811121,3763.5057059907817,2277310,-1.0126238973166557,-54.868743100156735,77.96370596459565,0.35715571256768475,3855.442590332031,3912.407197265625,61.98989493967682,3979.4223802113847,3731.4628004526776,30.18407459865314,-37.81816374068467,-21.59103323133944,3732.063720703125
3732.063720703125,3744.5359298724475,3699.0096571688314,3722.7212575352983,1681975,0.6316810743923762,9.342463167826736,45.52627270361609,-0.26142027216321007,3848.6634155273437,3904.2441650390624,67.7326177978024,3984.1286511229487,3713.1981799317387,36.51353929843344,-41.5913905618977,-25.591104697451094,3703.278076171875
3703.278076171875,3731.257767104663,3657.467213858333,3657.7517993998813,1799806,-0.7713063518065222,45.52627677199371,73.79055324633009,0.07005514350688924,3842.434362792969,3895.381572265625,75.07697784370035,3992.5883184803697,3692.280407105568,23.009952637993337,-46.36993717289715,-29.746871192540304,3673.591552734375
3673.591552734375,3722.1528742505816,3665.339960372217,3697.492804650458,2149879,-0.8016282554775711,-23.901251916082856,56.812913878364725,0.19450596342050197,3828.9946411132814,3886.2903173828126,80.13132133709396,3989.2572837874695,3668.7319984390933,21.12758652321483,-51.95353610618304,-34.18820417526885,3589.083251953125
3589.083251953125,3675.251080308744,3573.955063643061,3672.6428039185434,4366672,-2.3004272404303583,-83.55955196541845,101.29601666568306,1.0311245423579654,3811.858288574219,3875.603896484375,92.65466936075141,3997.1676272957216,3626.5489498527163,15.044662531490701,-62.4774904768492,-39.84606143558492,3584.625244140625
3584.625244140625,3592.782128290818,3557.9735409942346,3567.6478288188787,2888572,-0.12421020911326242,16.97741532174632,34.80858729658348,-0.33849576977615903,3794.17177734375,3864.3160693359373,100.65311291044061,3995.478003164631,3592.865551522869,16.239440136415865,-70.36638423404565,-45.95012599527707,3590.88525390625
3590.88525390625,3620.287642408916,3580.4521483085296,3581.4955514917533,1833931,0.17463498522913845,9.389702414496696,39.83549410038631,-0.3651080880102694,3780.9336059570314,3852.8004931640626,109.19103270699225,3999.315671371016,3562.551540543047,17.671238926328613,-75.24587133619752,-51.809275063461165,3486.175048828125
3486.175048828125,3569.2603724469545,3480.863556771993,3550.2436192378755,2508516,-2.9159997514322855,-64.06857040975046,88.39681567496154,0.3678355401593625,3763.63837890625,3840.28408203125,126.6605801276075,4016.9595391614653,3510.317218651035,7.63034138558281,-86.56427934170915,-58.76027591911077,3442.498046875
3442.498046875,3469.4818051991183,3434.625748244206,3438.1824887498096,4101954,-1.2528631334162932,4.315558125190364,34.85605695491222,0.6352114158331061,3741.337646484375,3828.50904296875,141.86839958866773,4025.0744456617103,3457.6008473070397,7.204424003608693,-97.92969569167008,-66.59415987362263,3426.373779296875
3426.373779296875,3450.5121425585785,3415.1343879133137,3425.5674922476032,3823856,-0.46838857592852445,0.8062870492717593,35.37775464526476,-0.06779646968249764,3718.2188232421877,3816.051103515625,153.75790560060665,4025.734634443401,3410.7030120409745,7.090675213362005,-107.00448260238227,-74.67622441937456,3303.737548828125
3303.737548828125,3414.470731581497,3278.8403664103434,3400.1963006835795,7085018,-3.5791842445722977,-96.45875185545447,135.6303651711537,0.8528464461004808,3688.38251953125,3802.5551318359376,173.19989008147127,4034.7822996941927,3341.9827393683076,6.227432838518254,-122.67788124386743,-84.27655578427314,3313.03271484375
3313.03271484375,3341.6762855972443,3297.0035319217445,3305.397532195103,4990439,0.2813530396481356,7.63518264864706,44.672753675499735,-0.2956349581610096,3660.8723266601564,3791.1375244140627,187.10300546766805,4035.0783375954925,3286.6663157248204,6.564457861788284,-132.81807626664659,-93.98485988074783,3350.02294921875
3350.02294921875,3367.9962990962294,3285.764501101665,3294.964557324782,2797737,1.116506764610814,55.05839189396784,82.23179799456466,-0.43938058355186793,3635.425048828125,3780.6832470703125,193.25155663658697,4021.9281621012988,3248.9219355549512,13.537297804281636,-136.29828926863456,-102.44754575832519,3364.249755859375
3364.249755859375,3414.8029405590255,3339.400041837824,3339.400041837824,2501894,0.42467788598112843,24.84971402155088,75.40289872120138,-0.10574367783676597,3608.86806640625,3770.118603515625,192.13841307520457,3993.144892556659,3224.5912402558406,16.028993668752506,-136.33679306502927,-109.22539521966601,3415.988525390625
3415.988525390625,3423.4338299242468,3353.8641244726305,3373.6869322947687,2786513,1.5378991836482614,42.30159309585633,69.5697054516163,0.11376141435248655,3585.6544189453125,3760.782451171875,185.55704081999235,3956.7685005852973,3214.5403373053277,24.619575666054885,-130.68595495925592,-113.517507167584,3425.093505859375
3425.093505859375,3438.1823567291294,3390.1899807262357,3414.4707542689284,2051315,0.26654013621749684,10.622751590446569,47.99237600289371,-0.2638415826518663,3563.2919921875,3751.7075634765624,175.88652803086003,3915.06504824922,3211.51893612578,22.699302582096422,-124.04303828674938,-115.62261339141709,3404.654296875
3404.654296875,3435.4321442725973,3397.9678097594306,3420.636010676855,1004626,-0.5967489339899545,-15.981713801855221,37.464334513166705,-0.5102526915661417,3542.437646484375,3742.33658203125,168.18805094294143,3878.8137483702576,3206.061544598492,23.04137410280292,-119.05535627386143,-116.30916196790596,3391.0439453125
3391.0439453125,3403.8007419067008,3355.3341308822914,3374.6354690920352,1995450,-0.39975722571869987,16.408476220464763,48.4666110244093,0.9862615540509603,3520.5447387695312,3733.88548828125,157.06675932391582,3834.678257417363,3206.4112201216994,23.73016395452038,-114.8765980548028,-116.02264918528533,3325.5048828125
3325.5048828125,3385.305592458114,3307.15224085139,3381.2746199098347,3174167,-1.932710503224111,-55.769737097334655,78.15335160672385,0.5907023478413391,3498.8557373046874,3723.794853515625,152.24025163854435,3803.336240581776,3194.3752340275987,24.597808895520913,-115.52169448653967,-115.9224582455362,3330.10498046875
3330.10498046875,3342.672130004524,3304.5439188567675,3321.8059194545594,1693004,0.13832779738274237,8.299061014190556,38.1282111477567,-0.4666304576917345,3478.0322021484376,3712.617158203125,144.87817822235667,3767.788558593151,3188.2758457037244,25.477493955906695,-114.34366601476313,-115.6066997993816,3317.44287109375
3317.44287109375,3348.505070694925,3298.141765391246,3309.1912796488264,2690906,-0.38023153772219764,8.251591444923633,50.363305303679226,0.5894268412833048,3458.4724975585937,3702.5990576171876,138.3669379193444,3735.2063733972823,3181.738621719905,23.97544069015899,-113.12773031306051,-115.1109059021174,3317.44287109375
3317.44287109375,3317.44287109375,3317.44287109375,3317.44287109375,0,0.0,0.0,0.0,-1.0,3437.741455078125,3692.6722265625,125.69898387289501,3689.139422823915,3186.343487332335,29.9436028367477,-110.8858692326603,-114.26589856822598,3316.873779296875
3316.873779296875,3364.2020435877325,3284.2939459919426,3364.2020435877325,3051244,-0.017154531938856632,-47.32826429085753,79.90809759578997,inf,3418.421240234375,3683.9764013671875,111.64755171181076,3641.7163436579967,3195.1261368107535,33.36262738547674,-107.91116637303594,-112.99495212918798,3379.519775390625
3379.519775390625,3394.505554527131,3331.0059291540974,3331.0059291540974,2845192,1.8887060606517903,48.51384623652757,63.49962537303372,-0.06753048920374771,3403.7176513671875,3675.041513671875,94.28843355300852,3592.2945184732043,3215.1407842611707,44.47552077156289,-99.35340043994847,-110.26664179134009,3393.699462890625
3393.699462890625,3429.883275405574,3286.428081377204,3295.9127223046994,4161925,0.41957699443735397,97.7867405859256,143.45519402837,0.46279231770650275,3393.9484619140626,3667.6856884765625,83.58641362278489,3561.1212891596324,3226.775634668493,64.25245067703048,-90.38522242468025,-106.29035791800813,3441.928955078125
3441.928955078125,3461.6570558488297,3382.7923538442037,3414.4709640539177,1834751,1.4211480042614077,27.45799102420733,78.864702004626,-0.5591580818971991,3386.8136474609373,3657.0699609375,71.69873492330534,3530.211117307548,3243.4161776143264,68.17816536391175,-78.48147420488704,-100.72858117538391,3469.24462890625
3469.24462890625,3518.8018790902024,3450.5124625687754,3457.1517113972473,3135390,0.7936152716872424,12.092917509002746,68.28941652142703,0.7088912882456531,3380.7316162109373,3646.526494140625,57.16241278138175,3495.056441773701,3266.4067906481737,67.28545214618649,-66.08177185602653,-93.79921931151245,3448.425537109375
3448.425537109375,3490.8218325762614,3438.9883664032623,3459.7596358592737,1734499,-0.6001044614555973,-11.334098749898658,51.833466172999124,-0.4467996006876338,3378.844140625,3636.6479150390624,54.03516663274924,3486.9144738904984,3270.7738073595015,61.97537570664247,-57.27461896984914,-86.49429924317978,3463.0322265625
3463.0322265625,3474.2241497420814,3424.4297823215356,3428.5556939598323,2528474,0.42357560851868925,34.4765326026677,49.79436742054577,0.45775465999115594,3379.870849609375,3626.7532080078126,55.48395540187832,3490.8387604131317,3268.9029388056183,57.48337231186032,-48.55651975541696,-78.90674334562722,3420.3037109375
3420.3037109375,3472.279589767322,3406.7880975546004,3462.8424183134416,2051919,-1.2338468957135196,-42.53870737594161,65.49149221272137,-0.18847534125326182,3379.567346191406,3616.8104638671875,55.23222188507416,3490.0317899615543,3269.102902421258,49.31170242698657,-44.58129204746683,-72.04165308599514,3367.80615234375
3367.80615234375,3399.2951120927096,3343.335733852344,3388.577422151902,2618493,-1.5348800291001163,-20.77126980815183,55.95937824036537,0.2761190865721308,3382.7707763671874,3605.9315771484376,52.38737120197824,3487.545518771144,3277.9960339632307,45.15160353975023,-45.14658792424416,-66.66264005364494,3361.309326171875
3361.309326171875,3380.4210168658315,3348.1257677061367,3361.3567956889556,1764313,-0.19290974236606528,-0.04746951708057168,32.29524915969478,-0.3262105340743703,3385.184606933594,3595.8048193359373,50.065726078192974,3485.3160590899797,3285.053154777208,46.012949166435874,-45.59325785937017,-62.44876361478998,3227.765625
3227.765625,3321.52139726939,3221.1263760619972,3311.0882917953854,4537821,-3.9729667285326897,-83.32266679538543,100.3950212073928,1.5720045139382863,3379.071740722656,3583.80294921875,60.880388623704576,3500.8325179700655,3257.310963475247,38.915800618416036,-56.07669043354281,-61.17434897854055,3129.362548828125
3129.362548828125,3224.446080623458,3125.663631237096,3189.3056688327865,5317367,-3.0486437865783755,-59.94312000466152,98.7824493863618,0.171788618369918,3367.3273803710936,3567.54248046875,82.65285741565425,3532.6330952024023,3202.021665539785,31.22841158091265,-71.50097342207846,-63.239673867248136,3105.319091796875
3105.319091796875,3121.7748058386424,2898.5539074179674,2940.238860434007,6623955,-0.7683180410097856,165.08023136286783,223.22089842067498,0.24572086147147632,3351.793908691406,3551.01265625,100.32921160884135,3552.452331909089,3151.1354854737233,30.5775506216863,-84.6886962854228,-67.52947835088307,3123.244873046875
3123.244873046875,3176.4063332063806,3087.535291604866,3131.875989149625,5557558,0.5772605236400219,-8.631116102750184,88.87104160151466,-0.16099097895441616,3336.7014770507812,3534.7104443359376,110.87196604322253,3558.4454091372263,3114.957544964336,32.784007015955154,-92.62586758820862,-72.54875619834817,3079.28369140625
3079.28369140625,3101.4776590955953,3046.5142098890965,3092.5147195117684,2990265,-1.4075483488343532,-13.231028105518362,54.96344920649881,-0.4619462360986606,3320.4329467773437,3519.18314453125,123.52547006278652,3567.4838869029168,3073.3820066517706,30.441935498133574,-101.29575853935057,-78.29815666654866,3064.961669921875
3064.961669921875,3128.9355257101774,3040.7758359181594,3120.020055994998,7108961,-0.4651088668558012,-55.058386073123074,88.15968979201807,1.37736822656186,3304.1288330078123,3503.8407861328124,134.72691111598758,3573.5826552397875,3034.675010775837,21.867873790045422,-108.07653796661361,-84.25383292656166,3080.801025390625
3080.801025390625,3143.5893021337306,3071.69590901875,3143.5893021337306,3512160,0.5167880441765416,-62.7882767431056,71.89339311498043,-0.5059531202942315,3291.8936401367187,3487.686552734375,143.5086365008333,3578.9109131383852,3004.876367135052,22.099130949685645,-110.89393465466446,-89.58185327218223,3105.08154296875
3105.08154296875,3109.159984550683,3062.590308725503,3080.800771527295,2384391,0.7881235230063677,24.280771441454817,46.569675825180184,-0.32110410687440205,3280.642468261719,3472.0131787109376,149.06846219515612,3578.779392652031,2982.5055438714066,18.62352836835079,-109.90064080397497,-93.64561077854077,3128.888427734375
3128.888427734375,3133.346394679939,3052.157767289551,3078.2405325476193,2932346,0.7667072325212798,50.647895186755704,81.18862739038786,0.2298092049500271,3271.21474609375,3456.5816748046873,152.54060758154492,3576.2959612568397,2966.13353093066,18.088095324207885,-105.97086546040418,-96.11066171491345,3150.41845703125
3150.41845703125,3181.148601343861,3114.851053170071,3120.5418377878595,2432946,0.6881047309336363,29.87661924339045,66.29754817379035,-0.17030732389697534,3262.863525390625,3442.3253125,154.43682892353706,3571.7371832376994,2953.9898675435506,22.09596265553526,-99.96684123921932,-96.88189761977462,3143.58935546875
3143.58935546875,3162.0844056249766,3125.189244347029,3151.3669464223676,2710498,-0.2167680787693027,-7.777590953617619,36.89516127794741,0.11408062488850956,3254.1993041992187,3428.0177294921873,156.09912403032496,3566.3975522598685,2942.001056138569,19.646711343133447,-94.66838203114867,-96.43919450204943,3237.108154296875
3237.108154296875,3244.6009284823726,3165.3094642241085,3191.581874951358,3543923,2.9749050608481875,45.526279345517196,79.29146425826411,0.30748039659132753,3247.078723144531,3414.8521044921877,153.30475794310408,3553.688239030739,2940.469207258323,34.12512138310093,-81.97813651111619,-93.54698290386278,3226.295654296875
3226.295654296875,3236.633820616935,3213.1118640484187,3225.8214222352462,2252175,-0.33401726122890274,0.4742320616287543,23.52195656851609,-0.3644966326864325,3238.708532714844,3401.7727880859375,149.3983936048229,3537.5053199244894,2939.9117455051983,36.78245843030535,-71.96394829443989,-89.23037598197821,3270.30419921875
3270.30419921875,3298.568475558524,3229.5202431380058,3243.747204561521,2742991,1.3640580293149185,26.556994657229097,69.04823242051816,0.2179297789914194,3230.127294921875,3389.73203125,141.8495707018077,3513.8264363254902,2946.42815351826,42.05646273203111,-59.787319204478536,-83.34176462647828,3266.035888671875
3266.035888671875,3279.5989706182713,3229.5200235015927,3257.9739444135007,1593296,-0.1305172328584847,8.061944258374297,50.07894711667859,-0.41913918055144916,3219.9668579101562,3378.6179248046874,130.65671202477608,3481.280281959708,2958.6534338606043,54.31409103693955,-49.90638022657322,-76.65468774649727,3293.54150390625
3293.54150390625,3314.881945616226,3253.6110736832507,3276.943382576269,1578332,0.8421712489375066,16.59812132998104,61.2708719329753,-0.009391851859290479,3212.22265625,3367.910712890625,120.60652831905274,3453.4357128881056,2971.0095996118944,72.02844895416158,-39.40199000893017,-69.20414819898386,3275.71044921875
3275.71044921875,3329.014085869881,3192.53019311335,3293.06738873724,2809332,-0.5413945646761009,-17.35693951848998,136.48389275653108,0.7799373008974031,3202.8565673828125,3358.2392236328124,106.55948318406733,3415.9755337509473,2989.7376010146777,73.24957676438119,-32.14544944301133,-61.792408447789356,3254.1806640625
3254.1806640625,3311.5627480542753,3243.7475578821773,3293.0676961891577,1721761,-0.6572554409192355,-38.88703212665769,67.81519017209803,-0.3871279720588382,3194.5504150390625,3348.3913232421874,94.51109792739621,3383.5726108938547,3005.5282191842703,67.69193619577501,-27.811271468581708,-54.99618105194783,3276.279541015625
3276.279541015625,3323.892391856476,3268.7865357954893,3272.201099131072,1284443,0.6790918893094577,4.078441884552831,55.10585606098675,-0.25399460203826196,3189.974084472656,3339.7441748046876,87.64697385481826,3365.2680321822927,3014.6801367630196,78.2892554855692,-22.3357370425706,-48.46409225007239,3281.685791015625
3281.685791015625,3294.01582433447,3259.871116682284,3281.685791015625,1324763,0.1650118658166777,0.0,34.14470765218584,0.031391038761548806,3185.9929077148436,3330.7366162109374,81.01206056851927,3348.017028851882,3023.968786577805,81.94018272463501,-17.35998229805955,-42.24327025966982,3267.553466796875
3267.553466796875,3281.2112559731218,3244.316098457132,3244.316098457132,1477128,-0.43064221009337933,23.23736833974317,36.89515751598992,0.11501302497125909,3187.9822998046875,3322.0221240234373,82.56548803166609,3353.1132758680196,3022.8513237413554,77.66222588670948,-14.391129290060235,-36.6728420657479,3271.15771484375
3271.15771484375,3297.809648457028,3251.9987864937443,3270.304189784248,2543591,0.11030417967141659,0.8535250595018624,45.810861963283514,0.721984147616185,3195.072058105469,3313.973447265625,83.35110186855219,3361.774261842573,3028.3698543683645,76.20470742324434,-11.613585017489186,-31.660990656096157,3263.001220703125
3263.001220703125,3268.5970664946117,3222.976080385976,3223.8296054868374,2531757,-0.2493457928858911,39.17161521628759,45.62098610863586,-0.004652477540610933,3202.956164550781,3307.451806640625,81.85877149815023,3366.6737075470814,3039.2386215544807,72.26071973325682,-9.95575829643576,-27.31994418416408,3433.8193359375
3433.8193359375,3443.3989159735165,3321.7109255991563,3324.3666713915923,2228678,5.235000040777371,109.45266454590774,121.6879903743602,-0.11971093592315529,3218.4848876953124,3304.4356884765625,94.43388107756584,3407.3526498504443,3029.6171255401805,81.45263990722526,5.083081042703725,-20.839339138790518,3333.8515625
3333.8515625,3436.285693012091,3329.5834737286627,3433.8195935429753,3062887,-2.9112706190236093,-99.96803104297533,106.70221928342835,0.37430665174601274,3231.21328125,3299.2950146484377,91.80346759005012,3414.8202164301,3047.6063460698997,67.49831374341775,8.833083429718954,-14.904854625088625,3365.814697265625
3365.814697265625,3377.4808526725133,3327.7814236222675,3339.5422865093847,2119499,0.9587449880838816,26.272410756240333,49.699429050245726,-0.3080061393058249,3246.2559326171877,3296.8878076171877,87.6842338017832,3421.624400220754,3070.8874650136213,63.34844791142324,14.220223304783758,-9.079839039114148,3395.40673828125
3395.40673828125,3414.4709604337913,3332.997982084671,3380.3262508294533,3548330,0.8791940043421098,15.080487451796671,81.47297834912024,0.6741361991678223,3261.986218261719,3295.9459814453126,84.60551526952925,3431.1972488007773,3092.7751877226606,66.88131057727693,20.639481768776022,-3.135974877536114,3377.765380859375
3377.765380859375,3408.6851728219754,3363.3487722739774,3408.6851728219754,1666727,-0.5195653652618093,-30.919791962600357,45.33640054799798,-0.5302784690262743,3275.62041015625,3294.9738134765626,79.82602288302843,3435.2724559223066,3115.968364390193,61.32325589172753,24.02631978219506,2.2964840544101213,3337.45556640625
3337.45556640625,3367.0476004136544,3323.133665679634,3367.0476004136544,2537377,-1.19338704462858,-29.592034007404436,43.913934734020586,0.5223710901665359,3286.0487670898438,3295.648173828125,72.97800100153985,3432.0047690929237,3140.092765086764,56.99429190609786,23.190423400069903,6.475271923542079,3318.01220703125
3318.01220703125,3374.6354708973113,3313.9337648440714,3349.785756293493,2038374,-0.5825803216890857,-31.773549262242796,60.70170605323983,-0.19666096129979893,3294.4284545898436,3295.747763671875,65.85937219312522,3426.147198976094,3162.709710203593,52.43492185958921,20.72020328273493,9.324258195380649,3344.0947265625
3344.0947265625,3354.7174780325026,3318.0119641520128,3327.212019490534,1440153,0.7860887152849605,16.882707071965797,36.70551388048989,-0.2934795086672024,3304.453723144531,3295.62919921875,56.24938164053405,3416.952486425599,3191.954959863463,56.69454726923695,20.629374796914362,11.585281515687392,3297.8095703125
3297.8095703125,3317.5376692737764,3273.4340900331863,3314.881923566922,2034383,-1.384086278488228,-17.07235325442207,44.10357924059008,0.4126158817847825,3307.4887939453124,3294.3003955078125,54.01771239336448,3415.5242187320414,3199.4533691585834,54.07364957094283,16.630857110907073,12.594396634731329,3333.471923828125
3333.471923828125,3352.820498295267,3286.9971842477944,3297.809582057325,1274331,1.08139517322845,35.66234177080014,65.82331404747265,-0.3736032005772758,3312.847607421875,3292.6500634765625,50.75680471208694,3414.361216846049,3211.3339979977013,55.208161958585485,16.15345000646812,13.306207309078687,3355.002197265625
3355.002197265625,3362.3053247198645,3329.204019365113,3339.542185709067,967470,0.6458813492202786,15.460011556558129,33.10130535475173,-0.24080164415681637,3317.0825073242186,3291.2482373046873,50.55335461133988,3418.1892165468985,3215.9757981015387,56.48600829195849,17.312842891093624,14.107534425481676,3318.3916015625
3318.3916015625,3357.5632187597585,3303.5956991946746,3349.9755052710357,2467680,-1.0912241945165713,-31.583903708535672,53.967519565083876,1.5506527334180906,3319.70029296875,3289.5229833984376,49.105735545062416,3417.9117640588747,3221.4888218786255,54.325418504124286,15.103398423914314,14.306707225168203,3317.44287109375
3317.44287109375,3347.129844047208,3312.985136088664,3338.593667057572,1222933,-0.028590069607914437,-21.15079596382202,34.14470795854368,-0.5044199409972119,3320.895361328125,3288.0509619140626,48.72497573418661,3418.345312796498,3223.445409859752,53.955917015551236,13.124551485751908,14.070276077284946,3317.822509765625
3317.822509765625,3350.4495836467595,3306.820233088302,3324.0822341714443,3188072,0.011443713927472565,-6.25972440581927,43.629350558457645,1.6069065108227516,3323.0009643554686,3287.897314453125,47.56570900945046,3418.1323823743696,3227.8695463365675,54.748612094466395,11.454889858615388,13.547198833551036,3284.910888671875
3284.910888671875,3325.97943573145,3275.1418924475965,3310.1401295607543,3404365,-0.9919644886632217,-25.229240888879303,50.83754328385339,0.06784445269742956,3324.5374755859375,3286.9934326171874,45.68475479666869,3415.9069851792747,3233.1679659926003,33.052716632332846,7.39078188846679,12.315915444534188,3272.01171875
3272.01171875,3281.686006909509,3242.41968314971,3272.2013652710425,1877585,-0.39267944729819426,-0.1896465210425049,39.26632375979898,-0.44847717562599776,3324.324084472656,3286.0848095703127,45.93133076019944,3416.186745993055,3232.461422952257,41.22240888903675,3.0934326657966267,10.471418888786676,3229.7099609375
3229.7099609375,3294.490106360913,3225.252225904789,3268.407343175387,2848125,-1.2928363786135932,-38.69738223788681,69.237880456124,0.5169086885547125,3321.72529296875,3284.3301513671877,49.779931340184504,3421.285155649119,3222.1654302883812,31.23202686770766,-3.683188375934151,7.640497435842511,3235.1640625
3235.1640625,3248.465034332547,3224.7340073768614,3242.9150002967904,2544807,0.1688727975101667,-7.750937796790367,23.731026955685593,-0.10649743252139565,3320.105822753906,3282.69595703125,52.10747795327459,3424.3207786604553,3215.890866847357,26.32771034974256,-8.51544817428794,4.409308313816421,3225.786865234375
3225.786865234375,3262.0530702216233,3218.7057063727016,3262.0530702216233,3584683,-0.2898522944885462,-36.26620498724833,43.34736384892176,0.40862666599078046,3317.8372802734375,3279.621298828125,55.24387019782176,3428.325020669081,3207.349539877794,26.986640877082465,-12.9524030896373,0.9369660331256768,3238.322021484375
3238.322021484375,3244.7331673196672,3213.9212139850256,3225.7868448606714,2070390,0.38859220319533705,12.535176623703592,30.811953334641657,-0.4224342849841952,3316.6033203125,3276.51375,56.787252323048754,3430.1778249585973,3203.0288156664024,33.61004392440901,-15.281088600641851,-2.306644893627829,3274.39697265625
3274.39697265625,3285.975488762853,3244.7332451805223,3253.4410779830223,1718678,1.1140013541747429,20.955894673227704,41.2422435823305,-0.16987717289979187,3308.6322021484375,3273.1631103515624,50.28448304628016,3409.201168240998,3208.063236055877,43.164896751099214,-14.053639963351998,-4.656043907572663,3313.629638671875
3313.629638671875,3335.5426613582063,3275.6409764041855,3291.7168496023487,2419874,1.1981646191114859,21.912789069526298,59.901684954020766,0.40798567270890773,3307.6211059570314,3270.050810546875,49.95290803109588,3407.526922019223,3207.7152898948398,45.414693118640706,-9.802136876327495,-5.6852625013236295,3322.241455078125
3322.241455078125,3338.604442179547,3300.424450431947,3320.423449229873,2847013,0.2598907344908197,1.8180058482521417,38.179991747599615,0.17651290934982566,3305.4424438476562,3267.52712890625,48.20072971810246,3401.843903283861,3209.0409844114515,54.14760505472917,-5.6724993953807825,-5.682709880135061,3286.16650390625
3286.16650390625,3324.920724772973,3275.6406661399797,3322.241373890929,4060134,-1.085861809253319,-36.074869984679026,49.28005863299313,0.4261030771548988,3299.980432128906,3263.989814453125,43.42217036756595,3386.824772864038,3213.136091393774,41.98057255905007,-5.250158449428454,-5.59619959399374,3297.1708984375
3297.1708984375,3301.76403815699,3246.933943792306,3246.933943792306,2178493,0.3348702665604275,50.236954645194146,54.8300943646841,-0.4634430784796758,3295.9507080078124,3261.527158203125,39.374607373071555,3374.6999227539554,3217.2014932616694,39.83335207485852,-3.981590241993672,-5.2732777235937265,3345.58984375
3345.58984375,3357.742355566309,3278.511454741814,3291.7166438153617,1934088,1.4684997169981395,53.87319993463825,79.23090082449517,-0.11218994047720143,3296.357421875,3261.08283203125,39.86484839465585,3376.0871186643117,3216.6277250856883,54.59080651887603,0.9201564439395042,-4.03459089008708,3363.77099609375
3363.77099609375,3368.2683531373627,3337.743514633776,3358.6994089523137,2111940,0.5434363802160336,5.071587141436339,30.52483850358658,0.09195651904153279,3298.645361328125,3261.1320654296874,42.405240206848184,3383.4558417418216,3213.8348809144286,57.38985701623619,6.200418490893298,-1.9875890138910044,3302.625244140625
3302.625244140625,3385.4923927635227,3294.683207501011,3367.4071820205213,2696327,-1.8177739217126176,-64.7819378798963,90.80918526251162,0.2767062511245584,3296.571887207031,3262.6292578125,41.05842583658328,3378.6887388801974,3214.4550355338647,47.96949413499302,5.388992092777244,-0.5122727925573549,3276.406494140625
3276.406494140625,3302.2426434811027,3265.88065552043,3301.2857490610854,2672768,-0.7938760247326315,-24.879254920460426,36.36198796067265,-0.008737441712373895,3295.5017333984374,3265.57013671875,41.302669052252526,3378.1070715029423,3212.8963952939325,48.84303636361221,2.6003219279537007,0.11024615154485623,3287.601806640625
3287.601806640625,3297.7449799970086,3263.870780505962,3277.3630840211995,2351248,0.3416948574610945,10.238722619425516,33.87419949104651,-0.12029476557636132,3293.2082275390626,3269.215791015625,40.34572242697142,3373.8996723930054,3212.51678268512,52.130801166823616,1.2789064492121724,0.3439782110783195,3247.317138671875
3247.317138671875,3277.3635313225304,3224.73433592903,3267.7945867055305,3123421,-1.2253511933038586,-20.47744803365549,52.629195393500595,0.32840984872714407,3287.823974609375,3271.697236328125,38.821767358262306,3365.4675093258998,3210.1804398928502,52.419832703089924,-2.9845567575571295,-0.3217287826487703,3244.25439453125
3244.25439453125,3293.726017546798,3236.2165757260095,3286.549310178985,3403048,-0.094316138825834,-42.2949156477348,57.50944182078865,0.08952587563444059,3284.1171142578123,3274.996650390625,39.28611313032193,3362.689340518456,3205.5448879971686,51.25759100765349,-6.53518636088711,-1.5644202982964384,3296.309814453125
3296.309814453125,3301.2856185170967,3253.440899408153,3260.4262751214173,1757699,1.604541863598108,35.88353933170765,47.844719108943536,-0.483492739450046,3283.0604614257813,3279.62361328125,38.62116993655471,3360.3028012988907,3205.818121552672,58.72599958916855,-5.089974502367113,-2.2695311391105735,3293.439453125
3293.439453125,3302.625499921456,3268.0817495194324,3296.3101365520456,2879106,-0.08707802026191036,-2.8706834270456056,34.54375040202376,0.6379971769910548,3281.84130859375,3283.8763818359375,37.84309529557557,3357.527499184901,3206.155118002599,56.9869391610387,-4.1286552946321535,-2.6413559702148897,3292.76953125
3292.76953125,3316.978773543857,3283.1048040170426,3306.0702704397795,1778433,-0.020341101894683078,-13.300739189779506,33.87396952681456,-0.38229679629718394,3282.234240722656,3287.6301416015626,37.91737081773326,3358.0689823581224,3206.3994990871897,52.55866076783624,-3.3818758336474275,-2.7894599429013973,3312.7685546875
3312.7685546875,3315.5434551196317,3282.1479325760038,3291.6210940950255,1468351,0.6073617739626114,21.147460592474545,33.395522543627976,-0.17435686359846003,3284.272082519531,3291.307744140625,38.43080013061124,3361.1336827807536,3207.4104822583085,49.87329293939544,-1.1628886218086336,-2.4641456786828444,3281.86083984375
3281.86083984375,3334.7771495134807,3266.3591965177234,3306.0703160886874,2375183,-0.9329874494255375,-24.209476244937377,68.41795299575733,0.617585304876014,3286.8796264648436,3293.936591796875,36.24071920838225,3359.361064881608,3214.398188048079,44.423939581300736,-1.8766862795919224,-2.34665379886466,3275.736572265625
3275.736572265625,3339.4655976963195,3272.57877409358,3336.8820295980254,3090585,-0.18660960586057707,-61.14545733240038,66.8868236027397,0.3011986865854126,3288.908251953125,3296.5795361328123,34.27579053510863,3357.459833023342,3220.3566708829076,48.42988182491093,-2.90308828232628,-2.4579406955569842,3254.20654296875
3254.20654296875,3287.2193999790024,3251.144527592608,3282.147812903343,2531870,-0.6572576524975005,-27.941269934593038,36.07487238639442,-0.18077969057637955,3290.329235839844,3296.92150390625,32.03721664789433,3354.4036691356328,3226.254802544055,43.73083434030232,-5.3916609829962,-3.0446847530448276,3272.387451171875
3272.387451171875,3279.2770439923584,3243.967734776887,3261.096050751665,1109320,0.5586894366741424,11.291400420209811,35.30930921547133,-0.5618574413378254,3292.032507324219,3297.84333984375,29.965257406575912,3351.9630221373704,3232.1019925110672,38.28484399041336,-5.829625139876043,-3.6016728304110712,3264.63671875
3264.63671875,3278.416138875185,3261.4789203702617,3270.952315509477,1639174,-0.23685252854455108,-6.315596759477103,16.937218504923294,0.477638553347997,3291.5444946289062,3297.729990234375,30.344660848472103,3352.2338163258505,3230.855172931962,33.586801339397596,-6.724617021342965,-4.22626166859745,3259.37353515625
3259.37353515625,3277.363195918518,3247.125240576613,3258.2253086430815,2325242,-0.16121804804564155,1.148226513168538,30.237955341905035,0.4185449500785152,3288.831689453125,3297.5967431640624,30.689618685121197,3350.210926823367,3227.4524520828827,41.21303985104342,-7.769042776166316,-4.934817890111224,3237.939208984375
3237.939208984375,3266.837372173034,3221.8633368794976,3263.0097947012437,2034938,-0.6576210409969918,-25.070585716868663,44.97403529353642,-0.1248489404543699,3284.6165771484375,3296.484697265625,31.634166988480676,3347.884911125399,3221.348243171476,42.03010272316542,-10.20864973993912,-5.9895842600768034,3236.216552734375
3236.216552734375,3252.483755985849,3211.337300702709,3234.3027641165545,3035012,-0.05320224188335443,1.9137886178205008,41.14645528313986,0.49145182801638176,3282.1190795898438,3295.6948193359376,33.426352753219014,3348.9717850962816,3215.266374083406,38.91871173719203,-12.141104700274354,-7.219888348116314,3125.217041015625
3125.217041015625,3191.242753149758,3120.5283520064395,3157.6556670087216,7635550,-3.429916073600303,-32.43862599309659,70.71440114331836,1.51582201322433,3273.52138671875,3293.115546875,48.20045103156485,3369.9222887818796,3177.12048465562,29.822888173448547,-22.371438100320574,-10.250198298557166,3083.78369140625
3083.78369140625,3130.9586344245786,3062.062234156067,3125.217267735536,3924009,-1.3257751082756841,-41.4335763292861,68.89640026851157,-0.4860869223566082,3260.4310791015623,3289.2656298828124,61.35393161453538,3383.138942330633,3137.7232158724914,26.46652765206632,-33.43693588286715,-14.887545815419163,3112.107421875
3112.107421875,3118.901231329378,3067.8031684457687,3067.8031684457687,2590889,0.918473320540647,44.30425342923127,51.098062883609146,-0.33973418511527365,3247.847900390625,3285.8740625,64.75696860949957,3377.361837609624,3118.333963171626,20.965203330123884,-39.46599483883256,-19.803235620101844,3104.234619140625
3104.234619140625,3115.5641051149655,3092.23284636304,3098.377660261314,2540733,-0.25297336072133136,5.856958879311151,23.33125875192536,-0.019358606254455513,3237.928369140625,3282.607685546875,70.83416877134977,3379.5967066833246,3096.2600315979253,20.63971219467473,-44.367891448797764,-24.71616678584103,3081.287109375
3081.287109375,3112.779808234124,3076.390526695053,3095.5933632665156,2947640,-0.7392324544070017,-14.306253891515553,36.38928153907136,0.160153388805514,3228.172399902344,3278.8102734375,78.29917297637883,3384.7707458551013,3071.5740539495864,19.30497579782144,-49.5333623188335,-29.679605892439525,3062.756103515625
3062.756103515625,3100.105758589483,3059.9717861781455,3096.4571730230687,3432645,-0.601404711784026,-33.70106950744366,40.133972411337254,0.16454010666160057,3216.9301147460938,3274.80537109375,85.1584796597552,3387.247074065604,3046.6131554265835,13.557344857749044,-54.49415777195918,-34.642516268343456,3032.31982421875
3032.31982421875,3070.1495522628406,3026.3669918654064,3062.8523807267275,3844346,-0.9937545879653453,-30.53255650797746,43.78256039743428,0.11993695823483064,3206.1802490234377,3266.775380859375,94.20966605499459,3394.599581133427,3017.7609169134485,13.576003181558363,-60.18777013331055,-39.75156704133688,3033.6640625
3033.6640625,3053.3469689942053,3028.8633535989743,3033.6640625,3198036,0.04433035956543652,0.0,24.483615395231027,-0.16811962294757032,3195.650732421875,3260.771630859375,101.23670596152503,3398.1241443449253,2993.177320498825,14.166101075021658,-63.855444341183556,-44.57234250130622,3052.38671875
3052.38671875,3055.171036049811,3031.743671209123,3033.6639547012974,1922875,0.6171631355441187,18.72276404870263,23.427364840687915,-0.39873253459310654,3183.4545776367186,3254.5030712890625,103.14678989111525,3389.748157418949,2977.160997854488,19.874301024483827,-64.50773566540056,-48.55942113412509,3022.5263671875
3022.5263671875,3047.2019644087272,3014.8452328363246,3038.944885626984,2934778,-0.9782623996846707,-16.41851843948416,32.35673157240262,0.5262448157056492,3169.9089233398436,3247.0454638671877,105.70003886560075,3381.3090010710453,2958.508845608642,13.959813979957005,-66.66568157778784,-52.18067322285764,3010.812744140625
3010.812744140625,3031.0715957495104,3001.019344529776,3014.845292873372,2568917,-0.387544114553906,-4.032548732746818,30.052251219734444,-0.12466394391671198,3155.811083984375,3239.7064111328127,107.24280122509118,3370.296686434557,2941.3254815341925,13.802026211649917,-68.53107714732596,-55.450754007751314,2956.564697265625
2956.564697265625,2993.72213811463,2947.539223682625,2986.041003699968,3374473,-1.8017741880684168,-29.47630643434286,46.182914432004964,0.3135780564338979,3138.0008911132813,3232.08859375,109.36148785379669,3356.7238668208747,2919.277915405688,12.110066407164084,-73.53906798930211,-59.06841680406148,2934.193359375
2934.193359375,2951.4759118844077,2919.9832137631183,2938.0339265993125,4785312,-0.7566666107903908,-3.840567224312508,31.492698121289322,0.4180916546079936,3120.6175170898437,3224.412216796875,112.86623586820009,3346.349988826244,2894.8850453534433,12.08173555477127,-78.40926363181961,-62.93658616961311,2931.88916015625
2931.88916015625,2946.6752504448114,2925.7441118523307,2938.033974050545,2880121,-0.07852922205647817,-6.144813894295112,20.931138592480693,-0.39813307888806415,3103.425146484375,3216.16810546875,114.17481427354622,3331.7747750314675,2875.0755179372827,12.06421898290931,-81.51520188050972,-66.65230931179244,2915.7587890625
2915.7587890625,2937.8420514011964,2894.827650050853,2920.4633903186314,2968371,-0.5501698806680166,-4.704601256131355,43.01440135034318,0.030641073760442783,3086.5027587890627,3208.52708984375,115.72157242131745,3317.9459036316975,2855.059613946428,15.801562075230578,-84.30643436339506,-70.18313432211296,2883.305908203125
2883.305908203125,2915.7587488570334,2880.4254827204045,2909.133629601001,2053847,-1.1130166521699625,-25.827721397875848,35.333266136628936,-0.3080895211548691,3067.048681640625,3199.52376953125,115.5319010447863,3298.1124837301977,2835.9848795510525,16.278941796508306,-88.1213741337724,-73.77078228444486,2951.859619140625
2951.859619140625,2956.660327755159,2872.360072011628,2889.1625521624956,2519252,2.3776079653033744,62.69706697812944,84.30025574353112,0.2266015920367972,3051.4098266601563,3191.46091796875,108.322324819157,3268.0544762984705,2834.765177021842,26.25881195496092,-84.6373827778425,-75.94410238312439,2941.7783203125
2941.7783203125,2954.836342347973,2920.751308991888,2951.859809051624,1927996,-0.34152365386060923,-10.08148873912387,34.085033356085205,-0.23469506027979736,3035.530065917969,3183.92865234375,99.11917923132415,3233.768424380617,2837.2917074553206,26.088093942723916,-81.74743751629103,-77.10476940975772,2911.438232421875
2911.438232421875,2944.5631268588136,2905.389291773203,2940.9145408794843,1487081,-1.0313519438610141,-29.47630845760932,39.17383508561079,-0.22869082715939248,3019.2050170898438,3175.8085595703124,90.54420255121276,3200.293422192269,2838.1166119874183,25.53245066931329,-80.9719325702672,-77.87820204185962,2925.552001953125
2925.552001953125,2929.9687479023937,2890.890789951502,2895.7876067904904,2543076,0.48476967067612176,29.764395162634628,39.07795795089169,0.7101126300450344,3003.6717895507813,3167.9631494140626,76.98874052430583,3157.649270599393,2849.69430850217,29.980307611635325,-78.3157014098324,-77.96570191545418,2915.37451171875
2915.37451171875,2937.841970823321,2904.4289887975438,2926.6083584758467,2762140,-0.3478827321332978,-11.233846757096671,33.41298202577718,0.08614135008155488,2993.1796630859376,3160.572421875,73.78472383140841,3140.7491107487544,2845.6102154231207,31.864111076110404,-76.154001557421,-77.60336184384754,2919.59912109375
2919.59912109375,2928.3362704951187,2900.8763567070323,2915.3743566889298,1884215,0.14490794777888283,4.224764404820235,27.459913788086396,-0.31784232515368516,2984.9704345703126,3153.524169921875,72.29206169648047,3129.5545579632735,2840.3863111773517,32.46743109832889,-73.25550432624505,-76.73379034032705,2914.414306640625
2914.414306640625,2972.9829560524563,2906.253101394714,2919.791194448837,3358232,-0.1775865191787962,-5.3768878082119045,66.72985465774218,0.7822976677290012,2975.0857788085937,3147.2182568359376,67.33925372759164,3109.7642862637767,2840.4072713534106,27.871773085190952,-70.5633848071825,-75.49970923369814,2915.1826171875
2915.1826171875,2923.055733419127,2907.8856798255947,2915.086743648966,2148166,0.026362433958837528,0.09587353853385139,15.17005359353243,-0.36032829179163317,2965.6331787109375,3140.8186279296874,61.24964429549098,3088.1324673019194,2843.1338901199556,31.01216624028109,-67.58874349013604,-73.91751608498572,2901.83642578125
2901.83642578125,2934.0970475783347,2898.7640190971856,2913.0700372499637,3342174,-0.4578166502353098,-11.233611468713661,35.333028481149086,0.5558266912333591,2956.66064453125,3134.339619140625,56.3648482349214,3069.390341001093,2843.930948061407,30.834079731657283,-65.55259540816087,-72.24453194962075,2891.1787109375
2891.1787109375,2927.472114967924,2883.689558612238,2925.07176065916,2945609,-0.36727483151917095,-33.89304972166019,43.782556355685756,-0.11865480372954851,2948.0817749023436,3127.3967529296874,52.275899318823306,3052.6335735399903,2843.529976264697,36.417918016907805,-64.06047264875679,-70.60772008944797,2895.9794921875
2895.9794921875,2904.42878644818,2891.0829099205744,2891.178783449569,2650784,0.16604927366954403,4.800708737931018,13.34587652760547,-0.10008965887869026,2941.264758300781,3119.8284033203126,49.53031392187329,3040.325386144528,2842.2041304570344,41.43709941070018,-61.778428419607735,-68.84186175547993,2975.095458984375
2975.095458984375,2979.7039520714934,2890.890836056874,2890.890836056874,4952358,2.7319242767535723,84.20462292750108,88.81311601461948,0.868261616186004,2938.336328125,3113.0577197265625,45.33336100091202,3029.003050126824,2847.669606123176,57.20229824994078,-52.97522914038609,-65.66853523246115,2978.936279296875
2978.936279296875,3005.2440729447403,2960.2135127082415,3005.2440729447403,3230726,0.12909906137301697,-26.30779364786531,45.030560236498786,-0.3476388419415559,2934.6638061523436,3106.1916162109374,37.98772298477455,3010.6392521218927,2858.6883601827944,60.9813375610758,-45.16803914865568,-61.568436015700065,2932.27294921875
2932.27294921875,2972.3108139224278,2928.4323821601793,2962.997485687316,1593791,-1.5664427064931763,-30.72453646856593,43.87843176224851,-0.5066771369654994,2930.1511352539064,3099.1137451171876,31.86887397995852,2993.8888832138236,2866.413387293989,58.11064697057313,-42.25899025368926,-57.7065468632979,3015.421630859375
3015.421630859375,3026.3671543415535,2954.4526225152476,2964.246022642929,3448370,2.8356392150593823,51.17560821644611,71.91453182630585,1.1636274768774575,2930.3815795898436,3093.478759765625,32.49338202013973,2995.368343630123,2865.394815549564,60.042538550078845,-32.86529369224263,-52.738296229086856,3031.359619140625
3031.359619140625,3035.968346624635,2995.6423913563763,3004.283667485289,5522097,0.5285492455895158,27.075951655336212,40.325955268258895,0.6013644127515319,2934.1213256835936,3087.1941552734374,39.26420120589928,3012.649728095392,2855.592923271795,63.89630555397754,-23.859620185000495,-46.96256102026958,2970.390869140625
2970.390869140625,3021.08640697707,2963.4778945287544,3019.646194165862,3116051,-2.011267472688849,-49.2553250252372,57.60851244831565,-0.4357123752081863,2935.931201171875,3079.326552734375,40.09320328177235,3016.1176077354194,2855.7447946083303,58.3514332355708,-21.395592563258106,-41.84916732886729,2961.749267578125
2961.749267578125,2990.841610057071,2954.548204311535,2969.7184911417403,2271789,-0.29092472819916004,-7.969223563615287,36.29340574553635,-0.2709397246707451,2937.424206542969,3072.509033203125,40.48878154898059,3018.40176964093,2856.446643445008,55.208583637914494,-19.910620704334633,-37.461458003960765,2988.537353515625
2988.537353515625,3006.2999761800884,2966.8380558481663,2966.8380558481663,1246862,0.9044683907157625,21.699297667458723,39.4619203319221,-0.4511541344728758,2941.063134765625,3066.751650390625,41.69173507754855,3024.446604920722,2857.6796646105277,60.04742161720321,-16.383338224929503,-33.245834048154514,2987.481201171875
2987.481201171875,3029.247369338668,2979.416103841445,2996.698656186325,2185229,-0.03534010851521385,-9.217455014450024,49.83126549722283,0.7525828840721749,2946.2718994140623,3060.74923828125,40.58903779101016,3027.449974996083,2865.093823832042,59.40405526524952,-13.5173445807377,-29.30013615467115,2974.0390625
2974.0390625,3016.6692623196923,2964.917715899919,3005.1475613511693,1799774,-0.44994889563161333,-31.108498851169315,51.75154641977315,-0.17639112422542447,2947.3808715820314,3055.2836767578124,41.050114517381765,3029.481100616795,2865.2806425472677,58.07537230176696,-12.190171510472737,-25.87814322583147,2972.310791015625
2972.310791015625,2993.7219990840686,2967.6061901689773,2991.8017155695825,1481391,-0.058111929536064366,-19.490924553957484,26.115808915091293,-0.17690165543007064,2948.9074951171874,3049.8448046875,41.397067560643464,3031.7016302384745,2866.1133599959003,57.71717700726677,-11.149312026705047,-22.932376986006187,2926.80029296875
2926.80029296875,2979.703965451406,2907.885546409113,2973.655259644998,2802055,-1.5311487003458413,-46.85496667624784,71.81841904229304,0.8915026485242585,2949.6755981445312,3042.4546142578124,40.80351503465207,3031.2826282138353,2868.068568075227,53.10263717484392,-13.837233220920552,-21.11334823298906,2898.66796875
2898.66796875,2942.7383816988513,2895.7875434746607,2928.4323632618416,2626187,-0.9611972598996266,-29.7643945118416,46.95083822419065,-0.06276393575429462,2948.331396484375,3034.5591845703125,42.063425008619106,3032.4582465016133,2864.204546467137,50.89205536815168,-18.029639128757026,-20.496606412142654,2927.856201171875
2927.856201171875,2938.0337976334035,2909.997705008497,2911.2459361835313,2489301,1.0069532880808696,16.610264988343715,28.03609262490636,-0.05212347787876492,2948.9554809570313,3027.26091796875,41.639170884301365,3032.233822725634,2865.6771391884286,53.58840339450918,-18.780415653906857,-20.153368260495498,2986.041015625
2986.041015625,2998.2347696750494,2931.696895660388,2934.5773210773896,2079428,1.9872838847015961,51.46369454761043,66.53787401466161,-0.1646538526277055,2952.2775756835936,3020.7263671875,41.823819224815594,3035.925214133225,2868.629937233962,51.29309275668467,-14.51308538927151,-19.0253116862507,2999.675048828125
2999.675048828125,3013.885194748687,2986.137189714118,3013.885194748687,2263446,0.45659229500809584,-14.2101459205619,27.748005034568905,0.08849452830297566,2956.5406127929687,3015.0826513671873,42.10564960617384,3040.751912005316,2872.329313580621,52.39463936357947,-9.916728996053735,-17.203595148211306,3008.508056640625
3008.508056640625,3023.198272253378,2996.602392740264,3018.685652923867,1447167,0.29446548938527606,-10.17759628324211,26.59587951311414,-0.3606355088656853,2961.206884765625,3009.7380810546874,42.45088703028475,3046.1086588261946,2876.3051107050555,59.64526226635044,-5.49795650924716,-14.86246742041848,2987.865234375
2987.865234375,3009.0844623500607,2972.5990732086116,3009.0844623500607,1732539,-0.6861481464229602,-21.219227975060676,36.485389141449104,0.1971935512625702,2965.5083251953124,3004.4112548828125,40.42878520636136,3046.3658956080353,2884.6507547825895,45.85853159882674,-3.6200213626052573,-12.613978208855835,3020.31787109375
3020.31787109375,3024.4465275211764,2985.176823514983,3003.323408916267,2573429,1.0861479408571295,16.994462177483,39.26970400619348,0.4853512677059506,2971.965283203125,2999.36986328125,38.182798154725525,3048.3308795125763,2895.599686893674,48.419008946842595,0.4813634775709943,-9.99490987157047,3046.338134765625
3046.338134765625,3055.55535595913,3017.149681628776,3026.367137231914,2418271,0.8615074565794689,19.970997533710943,38.40567433035403,-0.06029231814827607,2979.4832153320312,2995.0038916015624,37.224560346587275,3053.9323360252056,2905.034094638857,62.083704944421484,5.7649041042109275,-6.842947076414191,3050.08251953125
3050.08251953125,3075.334296666793,3035.392302577828,3058.0517436415034,2633138,0.12291428593869114,-7.969224110253435,39.94199408896475,0.08885149761958022,2983.232568359375,2990.8180712890626,40.4003298267625,3064.0332280129,2902.4319087058498,64.27688104368221,10.137430683545972,-3.4468715244221593,3042.88134765625
3042.88134765625,3053.730996885227,3018.685821162444,3043.6495079786732,4901694,-0.2360976081429711,-0.7681603224232276,35.045175722782915,0.8615408687277308,2986.429821777344,2986.9169140625,42.51725131955747,3071.464324416459,2901.395319138229,59.37706683202727,12.87322063819829,-0.1828530918980693,2951.283935546875
2951.283935546875,2983.0644887376598,2942.8346407567424,2971.6388949892716,3634901,-3.010219645269019,-20.35495944239665,40.229847980917384,-0.2584398373297069,2987.38037109375,2981.21826171875,41.4416597724261,3070.2636906386024,2904.4970515488976,45.24110933790743,7.56302638154375,1.3663228027902947,2940.338134765625
2940.338134765625,2957.9087764692863,2930.352753876681,2947.6353061603577,3177741,-0.37088267412744846,-7.297171394732686,27.55602259260513,-0.12576958767240154,2983.6261962890626,2977.52068359375,42.16233996140521,3067.950876211873,2899.301516366252,45.54003048723355,2.4432601479784353,1.581710271827923,2914.414306640625
2914.414306640625,2935.153463147022,2912.1100600997443,2928.432470591566,1625714,-0.8816614599009842,-14.018163950941016,23.043403047277934,-0.4884057574232765,2977.7789306640625,2974.1332958984376,43.28825719899174,3064.355445062046,2891.202416266079,42.79914589606216,-3.663793818751401,0.5326094537120581,2839.523193359375
2839.523193359375,2908.845617084501,2833.3783797594588,2901.548445826189,4974361,-2.56967971611336,-62.02525246681398,75.46723732504233,2.059800801370967,2971.235546875,2968.681611328125,53.216211930083276,3077.667970735167,2864.8031230148335,39.88424323747681,-14.380989936844799,-2.4501104243993135,2783.547119140625
2783.547119140625,2837.0269692313786,2776.057966398974,2823.7769658283983,3934636,-1.9713194929929734,-40.22984668777326,60.96900283240484,-0.2090167963282118,2962.325439453125,2962.267861328125,67.80641762697756,3097.93827470708,2826.71260419917,37.466035877171485,-27.07909549483111,-7.375907438485672,2780.66650390625
2780.66650390625,2812.5431618400235,2778.6501125486475,2799.7732301976002,3110035,-0.1034872093440331,-19.106726291350242,33.893049291375974,-0.20957491366418646,2951.9318969726564,2956.25544921875,78.6427247868195,3109.2173465462956,2794.6464473990172,33.00067163939225,-36.94895268294931,-13.290516487378401,2773.273193359375
2773.273193359375,2799.101145742985,2770.1049132760872,2794.9724895498107,2253458,-0.26588267728219206,-21.69929619043569,28.99623246689771,-0.2754235884805155,2941.2214965820312,2950.465791015625,87.62053679396551,3116.4625701699624,2765.9804229941,22.160754546772964,-44.85045584908312,-19.602504359719347,2798.04541015625
2798.04541015625,2808.223007812976,2752.342797471782,2775.7701654990638,1952902,0.8932483412089409,22.27524465718625,55.880210341194015,-0.13337546118010635,2932.4218139648438,2945.780302734375,92.83361508389382,3118.0890441326314,2746.754583797056,24.365289694342067,-48.55384467238218,-25.392772422251916,2786.2353515625
2786.2353515625,2807.454578770542,2775.8660078142957,2807.454578770542,2899519,-0.422082449086858,-21.219227208041957,31.588570956246258,0.4847232477615364,2923.1180419921875,2940.831728515625,97.81606518103654,3118.7501723542605,2727.4859116301145,21.953091931410498,-51.8441529012789,-30.683048518057316,2869.28759765625
2869.28759765625,2874.2805224330996,2780.18662812204,2786.331441741774,2112774,2.980805122839847,82.95615591447586,94.09389431105956,-0.271336383724335,2920.2424072265626,2937.16974609375,98.54479125906441,3117.3319897446913,2723.152824708434,37.07350282858779,-47.205962760870534,-33.98763136661996,2855.173583984375
2855.173583984375,2884.745997894136,2837.699050349848,2875.624650921264,3062943,-0.49189958104596254,-20.45106693688922,47.04694754428783,0.4497258107114155,2918.0676879882812,2933.8226904296876,99.52105016390293,3117.109788316087,2719.0255876604756,31.247348994572405,-44.15999764165872,-36.02210462162771,2906.541259765625
2906.541259765625,2921.711547346886,2849.7009111158586,2856.4219038307547,4121889,1.7991086800952738,50.11935593487033,72.01063623102755,0.3457282750609463,2917.0019409179686,2931.7372607421876,99.52483855793153,3116.051618033832,2717.9522638021053,34.98970317460983,-37.17260356694396,-36.252204410690965,2939.666015625
2939.666015625,2943.794672125363,2899.628150625765,2913.070135429991,3211304,1.1396623305476972,26.59588019500916,44.16652149959782,-0.22091448847846218,2914.6831909179687,2931.399287109375,98.3651657224074,3111.4135223627836,2717.9528594731537,38.84795085726573,-28.632099439089416,-34.728183416370655,2907.59716796875
2907.59716796875,2947.635030127983,2887.049994865423,2928.432196055488,8817365,-1.090901057664262,-20.83502808673802,60.58503526256027,1.7457272808802902,2910.079296875,2930.86736328125,96.31119783159467,3102.7016925381895,2717.456901211811,36.98985341738105,-24.172728218174143,-32.61709237673135,2887.33837890625
2887.33837890625,2914.5104387736105,2878.6971026918,2906.349233459963,2866865,-0.6967536385603545,-19.010854553713216,35.813336081810576,-0.6748614807258178,2904.0208129882812,2929.97634765625,93.5656014694118,3091.152015927105,2716.8896100494576,42.87243636458633,-22.019531907991222,-30.497580282983325,2842.307861328125
2842.307861328125,2906.5412549765147,2837.699133735008,2900.5884226064827,3611416,-1.559585738446878,-58.28056127835771,68.84212124150645,0.25970912477566954,2896.7429443359374,2928.5073291015624,92.35377282660107,3081.4504899891394,2712.0353986827354,39.84487544714395,-23.673797945754814,-29.132823815537627,2862.06396484375
2862.06396484375,2871.6047262713414,2843.9459294866183,2863.220385125294,4282226,0.6950726128025275,-1.1564202815438875,27.65879678472311,0.18574708646137683,2888.8302490234373,2928.082490234375,87.87994858540382,3064.590146194245,2713.0703518526298,44.506742483203354,-23.124102988958384,-27.931079650221783,2862.931396484375
2862.931396484375,2867.0754517571395,2836.332787245134,2862.160371154854,3251495,0.030307905458437645,0.7710253295208531,30.742664512005376,-0.24069981360161752,2879.659912109375,2926.30392578125,79.77433197978793,3039.208576068951,2720.111248149799,52.90804887754408,-22.360710934792223,-26.817005907135872,2854.739501953125
2854.739501953125,2880.3746213869317,2848.1861401528254,2862.256586509825,4374683,-0.2861365990575071,-7.517084556699956,32.18848123410635,0.3454374064853245,2869.8927612304688,2924.5631494140625,69.04771569439406,3007.988192619257,2731.7973298416805,60.035902984848605,-22.161273294451348,-25.88585938459897,2905.81689453125
2905.81689453125,2913.333979311689,2870.4483153754104,2877.1943748710046,3133039,1.7892137809134345,28.622519660245416,42.88566393627843,-0.28382490799904814,2863.0395385742186,2924.45072265625,56.66629598566348,2976.3721305455456,2749.7069466028915,65.53176610605388,-17.67791877462514,-24.244271262604205,2897.62548828125
2897.62548828125,2921.815026282457,2887.3137006926995,2921.1404673344027,310644,-0.28189684853908714,-23.51497905315273,34.50132558975747,-0.9008489840056252,2860.3566162109373,2923.8921923828125,53.44720256865533,2967.251021348248,2753.462211073627,65.40220757707803,-14.617306828611163,-22.318878375805596,2961.712890625
2961.712890625,2985.613263353556,2925.958915568601,2944.1731825516827,5564758,2.2117213767940624,17.539708073317342,59.65434778495501,16.913618160981702,2861.4253540039062,2924.8189599609377,55.311877866505625,2972.0491097369177,2750.801598270895,68.47268867503398,-6.940427118943262,-19.24318812443313,2952.07568359375
2952.07568359375,2977.9035021252716,2947.3535359078196,2968.2662739630537,2684318,-0.32539302042934315,-16.190590369303663,30.549966217452038,-0.5176217905612428,2863.3084228515627,2925.4684912109374,57.79610577701785,2978.9006344055983,2747.716211297527,68.8101939387092,-1.6154646352983946,-15.717643426606184,2972.98828125
2972.98828125,2981.9509500743798,2949.184375870237,2955.2558763824863,1946312,0.7084031677260905,17.73240486751365,32.76657420414267,-0.27493240368689553,2869.9816772460936,2926.639970703125,62.424984340701904,2994.8316459274974,2745.1317085646897,63.69217161004656,4.2431657804240785,-11.725481585200132,2946.968017578125
2946.968017578125,2978.096312781555,2929.9101701396817,2964.4114953280427,3470737,-0.8752225441310713,-17.443477749917747,48.186142641873175,0.7832377337240894,2878.152722167969,2927.2756787109374,61.199130966193266,3000.5509841003554,2755.7544602355824,61.750671618748065,6.709215120565204,-8.038542244047065,2946.678955078125
2946.678955078125,2964.4113606511696,2935.596142774,2946.96788369373,2895420,-0.009808810217004638,-0.288928615605073,28.815217877169744,-0.1657621997863854,2886.4533447265626,2928.172529296875,58.478792439297756,3003.410929605158,2769.4957598479673,55.91105729127716,8.5417876506408,-4.722476265109492,2925.187744140625
2925.187744140625,2952.653842834952,2922.778437237614,2938.487165302022,2241536,-0.7293366961630965,-13.299421161396822,29.875405597337704,-0.2258339031988451,2894.049072265625,2928.8527099609373,52.57191547401258,2999.19290321365,2788.9052413176,47.79213952078821,8.165822946703884,-2.1448164227468167,2947.064208984375
2947.064208984375,2956.1231088421955,2915.357824198127,2924.898585437403,1868085,0.747865325484498,22.1656235469718,40.76528464406829,-0.16660495303220646,2901.5000122070314,2929.874404296875,48.66420444888635,2998.828421104804,2804.171603309259,56.211609000275885,9.523336993016073,0.18881426040576121,2907.35888671875
2907.35888671875,2947.0642176101555,2900.805524854993,2936.3668007969727,2194877,-1.347283922236231,-29.00791407822271,46.25869275516243,0.1749342240850924,2907.556188964844,2928.5196728515625,40.39979805631278,2988.3557850774696,2826.756592852218,52.96921867011562,7.3110121819795495,1.6132538447205191,2881.72412109375
2881.72412109375,2919.405779977123,2868.039303195767,2910.0577150577624,2670720,-0.8817200292025706,-28.33359396401238,51.36647678135614,0.2167971143713292,2908.178015136719,2926.5754296875,39.872036943741335,2987.9220890242013,2828.4339412492363,56.20262521158978,3.4494543208315918,1.9804939399427337,2901.673095703125
2901.673095703125,2914.2979594160083,2881.531381829982,2881.627848230561,2542721,0.6922583068709409,20.045247472563915,32.766577586026415,-0.047926776300023954,2910.5029907226562,2925.9634326171877,37.926897340992014,2986.3567854046405,2834.649196040672,56.22919461515366,1.9760784232917104,1.9796108366125291,2883.26611328125
2883.26611328125,2895.0234851722394,2853.101540563387,2892.1323165785257,1830520,-0.6343575521699063,-8.86620329727566,41.9219446088523,-0.2800940409899474,2909.3392333984375,2923.320322265625,38.408885248596604,2986.1570038956306,2832.5214629012444,53.03077166035097,-0.6691585947401109,1.4498569503420011,2915.4541015625
2915.4541015625,2937.3305615709287,2883.4585523829414,2884.422275161144,1556656,1.1163724407185827,31.03182640135583,53.87200918798726,-0.14960994690033436,2908.1286376953126,2921.0022119140626,37.77911836763179,2983.686874430576,2832.570400960049,58.44508573551475,-0.1663092320754913,1.1266237138585027,2936.46337890625
2936.46337890625,2944.847720230334,2908.5154176367123,2934.5359333014544,2806868,0.7206176675012665,1.9274456047955937,36.332302593621534,0.8031395504209022,2909.5719482421873,2920.323662109375,38.30547995755999,2986.1829081573073,2832.9609883270673,54.651879829649474,1.9055100764317103,1.2824009863731443,3018.18701171875
3018.18701171875,3022.619995280987,2946.1969680097523,2948.991669923252,4460315,2.783063238573047,69.19534179549782,76.42302727123479,0.5890718765542233,2916.1143798828125,2921.4524169921874,44.91261590077455,3005.939611684362,2826.289148081263,64.96056121948175,10.026279273821274,3.0311766438627705,2993.033935546875
2993.033935546875,3018.2834265472866,2989.4682081451956,3018.1871954349617,1740435,-0.8333836198424094,-25.153259888086723,28.815218402090977,-0.6097954965064127,2923.65068359375,2921.5423486328127,44.5202595300781,3012.691202653906,2834.6101645335934,54.30237884918887,14.267932491412466,5.27852781337271,2993.322998046875
2993.322998046875,3000.1655239975616,2965.6642009169345,2977.9034333434784,2210794,0.009657842384180881,15.419564703396645,34.50132308062712,0.2702537009425805,2930.2136352539064,2921.6591845703124,44.6382403025634,3019.4901158590333,2840.9371546487796,55.81523583597049,17.451626664836567,7.7131475836654815,2989.660888671875
2989.660888671875,3010.188231818854,2974.626953832486,2993.323082448971,2232853,-0.12234260644071737,-3.6621937770960358,35.56127798636817,0.009977863156856781,2936.5501098632812,2921.97162109375,43.56660691550634,3023.683323694294,2849.4168960322686,52.47076121775739,19.454960934159317,10.061510253764249,2975.10888671875
2975.10888671875,2992.3594315179676,2966.338914722159,2989.4682629851,2548350,-0.48674423270759215,-14.359376266349955,26.020516795808362,0.14129770298358202,2942.5685791015626,2922.0275830078126,39.823492003030736,3022.215563107624,2862.9215950955013,54.31701209504955,19.641972403218006,11.977602683655,3033.51025390625
3033.51025390625,3040.5454775036865,2971.639296317787,2984.6495543039355,3151053,1.9629993190572126,48.860699602314526,68.90618118589964,0.23650715168638525,2948.9532470703125,2924.1617822265625,43.671453995232845,3036.2961550607783,2861.6103390798467,61.304915268998755,24.223449741190052,14.426772095162011,3030.7158203125
3030.7158203125,3049.701114369028,3024.2589239449585,3033.799686533007,2700767,-0.09211881153695645,-3.083866220506934,25.442190424069395,-0.14290016702353148,2955.607763671875,2926.8027392578124,45.53867628844092,3046.685116248757,2864.5304110949933,64.44223180783919,27.313957799175114,17.004209235964634,3036.304931640625
3036.304931640625,3055.001058516103,3021.463460406849,3030.715292741771,4177037,0.18441555261188292,5.589638898853991,33.53759810925385,0.5466113885425881,2959.337365722656,2928.9717138671876,48.988834086471364,3057.315033895599,2861.3596975497135,62.783075547896054,29.8698808816157,19.57734356509485,3027.24609375
3027.24609375,3063.578397230728,3017.4161679823073,3043.4366842823783,6703764,-0.2983507287500964,-16.190590532378337,46.16222924842077,0.6049089342517195,2963.0958862304688,2929.7958154296875,51.23452024228379,3065.5649267150366,2860.626845745901,68.8258215292889,30.809344879357013,21.823743827947283,3006.044189453125
3006.044189453125,3035.534202019235,3001.996600643867,3031.1974493056246,2737920,-0.7003693667537614,-25.15325985249956,33.53760137536801,-0.5915846679566883,2964.748681640625,2929.9231982421875,52.09637215463441,3068.9414259498935,2860.5559373313563,69.79752841437045,29.502968524795506,23.35958876731693,3048.15869140625
3048.15869140625,3062.71099952004,3003.923909850209,3005.658657913636,2508527,1.400994107168696,42.500033492613966,58.78708966983095,-0.08378367519869101,2969.808215332031,2930.7162109375,55.10550069635269,3080.0192167247365,2859.5972139393257,71.78909493937961,31.502799530732773,24.9882309200001,3022.81298828125
3022.81298828125,3064.6384631299097,3011.6337098367826,3064.6384631299097,2836233,-0.8315086480391476,-41.825474848659724,53.00475329312712,0.1306368239209703,2973.6149169921873,2931.415166015625,56.0452973086273,3085.705511609442,2861.5243223749326,70.33718835126112,30.68873298090284,26.12833133218065,3023.68017578125
3023.68017578125,3033.12470593688,3011.6336412163846,3026.089482694223,1616690,0.028688096265372387,-2.4093069129730793,21.491064720495615,-0.4299868875370959,2978.5395385742186,2931.482412109375,55.89309945664301,3090.3257374875047,2866.7533396609324,67.35715102374513,29.770379752621466,26.856741016268813,3019.728759765625
3019.728759765625,3039.5815424570487,3008.935112061614,3024.0655121248697,1747647,-0.13068234025789272,-4.336752359244656,30.64643039543489,0.08100316077912284,2982.1727661132813,2930.950224609375,56.10074654399955,3094.3742592012804,2869.9712730252822,64.12693468444027,28.39639597705036,27.164672008425125,3021.945556640625
3021.945556640625,3029.9445029896465,3007.200550647543,3017.4161065078188,2512003,0.0734104633679733,4.529450132806232,22.743952342103512,0.43736292283281464,2987.902099609375,2930.3874853515626,53.86475977325149,3095.631619155878,2880.172580062872,50.873277977512025,27.173145806993034,27.166366768138708,3064.638427734375
3064.638427734375,3095.3810901757683,3025.125793917674,3026.089516693691,3952112,1.4127610935919632,38.548911040683834,70.2552962580944,0.5732911147001019,2997.047814941406,2930.822626953125,50.29840078912495,3097.644616519656,2896.451013363156,65.38311451265719,29.310792560927894,27.595251926696548,3112.053466796875
3112.053466796875,3132.0989471151875,3071.769808666434,3078.13047294951,5025905,1.5471658461697624,33.92299384736498,60.32913844875338,0.271701055030829,3007.5668334960938,2934.038017578125,51.29154089422251,3110.1499152845386,2904.983751707649,71.21222695233442,34.43395717870135,28.96299297709751,3120.72705078125
3120.72705078125,3152.915532717371,3105.5001838412545,3112.824571063191,5244013,0.27870934985261275,7.902479718059112,47.415348876116695,0.043396761379293824,3019.4398803710938,2937.6457958984374,48.40661224240701,3116.2531048559076,2922.62665588628,73.00417278357831,38.747332656580056,30.919860912994018,3119.0888671875
3119.0888671875,3141.6398867746047,3092.2010949656524,3125.353065437683,2544725,-0.05249365186679178,-6.264198250183199,49.438791808952374,-0.5147370916128545,3029.621618652344,2941.739287109375,46.77174392025649,3123.165106492857,2936.0781308118308,76.47070968946596,41.554511531694516,33.04679103673412,3091.911865234375
3091.911865234375,3116.390329915732,3065.794883587669,3112.824602659864,2734893,-0.8713122039908594,-20.912737425489013,50.595446328062735,0.0747302753735668,3037.39404296875,2946.787060546875,43.260368485835144,3123.9147799404204,2950.8733059970796,62.129775459228014,41.112346545490254,34.65990213848535,3073.5048828125
3073.5048828125,3108.0062080861744,3062.807700289892,3108.0062080861744,1386849,-0.5953268794251287,-34.50132527367441,45.19850779628223,-0.49290557253976663,3040.1599365234374,2952.5862158203126,43.733528936010345,3127.626994395458,2952.692878651417,58.345857071292926,38.82904094662854,35.49372990011399,3076.106689453125
3076.106689453125,3092.0081155406747,3038.7144333046613,3088.7315521574005,1914362,0.08465275767657321,-12.624862704275529,53.29368223601341,0.38036801410968324,3044.31357421875,2958.49501953125,42.96024139082895,3130.234057000408,2958.393091437092,57.854726962621775,36.80518163740862,35.75602024757292,3103.669189453125
3103.669189453125,3106.078496384854,3070.131589906683,3081.696263178982,1146554,0.8960189870690138,21.972926274142992,35.94690647817106,-0.4010777480957102,3049.8308837890627,2965.102939453125,43.15230101227554,3136.1354858136137,2963.5262817645116,64.05531443719742,36.998822558818574,36.00458070982205,3113.017333984375
3113.017333984375,3120.727116365754,3081.31094805451,3094.610369719165,1562190,0.30119655029656744,18.406964265209808,39.41616831124384,0.3625088744184748,3055.9987060546873,2971.4023779296876,42.914578014017884,3141.827862082723,2970.1695500266515,70.57083139281583,37.474617459181445,36.29858805969393,3088.828125
3088.828125,3103.187500999765,3075.3360054304358,3103.187500999765,1734623,-0.777034188672987,-14.35937599976478,27.851495569329018,0.11037901919740878,3061.68466796875,2977.4542333984373,38.98688290521038,3139.658433779171,2983.710902158329,58.399775712847905,35.490706565165965,36.13701176078834,3101.0673828125
3101.0673828125,3119.4743477745933,3084.3949307247763,3084.3949307247763,1376350,0.3962427599463858,16.67245208772374,35.07941704981704,-0.206542286133644,3065.0625244140624,2982.0898291015624,39.34233428443998,3143.7471929829426,2986.3778558451822,67.08760616780859,34.50825897723189,35.81126120407705,3161.781982421875
3161.781982421875,3168.5280423912595,3104.151308769499,3110.897368738883,2307422,1.957861346253953,50.88461368299204,64.37673362176065,0.6764790932538962,3071.615832519531,2988.2219970703127,43.964463283432615,3159.5447590863964,2983.6869059526657,73.9073249610959,38.18860845435893,36.28673065413342,3162.938232421875
3162.938232421875,3197.5357868591873,3159.854366515901,3179.3215200364916,3902511,0.03656956761814989,-16.38328761461662,37.68142034328639,0.6912862059909284,3077.9474975585936,2993.3499365234375,47.58135855890613,3173.110214676406,2982.784780440781,75.0338002779134,40.72911179450875,37.17520688220849,3204.281982421875
3204.281982421875,3207.8479451634685,3171.6118722000997,3189.9226061933546,2632816,1.3071311218222137,14.359376228520432,36.23607296336877,-0.32535334301427976,3086.7992919921876,2998.642255859375,53.72366546432459,3194.2466229208367,2979.3519610635385,78.03802524604836,45.55346214027304,38.8508579338214,3189.92236328125
3189.92236328125,3199.4631245744913,3174.0209376032617,3199.4631245744913,2365420,-0.4481384353624107,-9.540761293241303,25.442186971229603,-0.10156273738840849,3095.993200683594,3004.288759765625,54.89743282896718,3205.788066341528,2986.1983350256596,71.10394070072438,47.668599349920896,40.61440621704131,3198.595947265625
3198.595947265625,3206.4021959958864,3176.5267894381177,3184.236571775606,1367708,0.27190580197862246,14.35937549001892,29.875406557768656,-0.42179063337589096,3103.5150634765623,3010.5139111328126,58.20492356812616,3219.9249106128145,2987.10521634031,66.76630902627342,49.474436064496786,42.386412186532404,3161.010986328125
3161.010986328125,3199.559900795541,3153.108505919085,3192.9103071634727,1176664,-1.1750455999179898,-31.89932083534768,46.451394876456106,-0.13968186191789478,3110.4249633789063,3016.8879736328126,56.29175469882102,3223.0084727765484,2997.8414539812643,57.01820873049293,47.32722365993959,43.37457448121384,3133.54443359375
3133.54443359375,3168.7203129805475,3125.2563240630398,3161.0105311971397,2079473,-0.8689167121902486,-27.4660976033897,43.46398891750778,0.7672615122073931,3115.918176269531,3022.3175830078126,52.62219626975078,3221.1625688090326,3010.6737837300298,52.3104934880062,42.91452912302884,43.28256540957684,3129.01513671875
3129.01513671875,3148.9641510011397,3121.9799134409154,3132.099002526,2807593,-0.14454228976116257,-3.083865807249822,26.9842375602243,0.3501464072868463,3121.3824951171873,3027.6392578125,47.53655999170889,3216.455615100605,3026.3093751337697,56.393224423105885,38.60692391891962,42.3474371114454,3089.887939453125
3089.887939453125,3128.2441532690227,3082.4673210816295,3122.461816571668,3362634,-1.250463662079171,-32.573877118542896,45.77683218739321,0.19769282798468302,3124.7796142578127,3032.3422265625,42.18266051530187,3209.1449352884165,3040.414293227209,52.634806856740795,31.670796710249306,40.21210903120618,3110.31884765625
3110.31884765625,3116.775978595714,3082.1781891606697,3098.368779137981,1255735,0.6612184196796766,11.950068518268836,34.59778943504443,-0.6265620938823553,3127.0636352539063,3036.432265625,39.931504862360235,3206.926644978627,3047.200625529186,55.20375265232339,27.50540428991326,37.670768082947596,3132.773681640625
3132.773681640625,3136.243177859361,3102.7055771191704,3116.6795578205924,1184324,0.7219463689806416,16.094123820032564,33.537600740190555,-0.05686789012012883,3128.099645996094,3041.1352294921876,39.790113581902204,3207.6798731598983,3048.5194188322894,54.49673340676253,25.719737107036963,35.28056188776547,3099.428955078125
3099.428955078125,3129.207895137578,3075.2394189664337,3122.94369701057,2341703,-1.0643835128568035,-23.51474193244485,53.968476171144175,0.9772486245318004,3127.0347412109377,3043.88955078125,40.27979939833727,3207.594340007612,3046.4751424142632,48.04548295793739,21.367629507409674,32.49797541169431,3137.688720703125
3137.688720703125,3144.8201752673103,3088.7315556964636,3093.550169667909,2912325,1.2344133767710597,44.138551035216096,56.08861957084673,0.24367821196795658,3127.964733886719,3047.6018115234374,40.30140077839736,3208.567535443514,3047.361932329924,56.75457301329834,20.76641392214742,30.151663113784938,3176.044921875
3176.044921875,3180.8635358265738,3106.271250685878,3125.2565425983025,1989442,1.2224348743963276,50.78837927669747,74.59228514069582,-0.31688874009597146,3132.17138671875,3051.6629443359375,40.72877669300216,3213.6289401047543,3050.7138333327457,59.66698102160739,23.118475720372317,28.745025635102415,3087.67138671875
3087.67138671875,3167.66037916829,3066.565951499233,3167.66037916829,4159336,-2.7825026827415944,-79.98899244954009,101.09442766905704,1.0907048308018026,3132.8797119140627,3054.47701171875,39.76661426705628,3212.412940448175,3053.3464833799503,41.08092416595121,17.648060071526288,26.52563252238719,3091.429931640625
3091.429931640625,3112.5353660738615,3075.2393421369984,3075.2393421369984,1938673,0.12172749140475503,16.190589503626597,37.296023936863094,-0.5338984395586219,3133.6458740234375,3057.37203125,38.74984326816619,3211.14556055977,3056.146187487105,41.447674242052614,13.460831336751198,23.912672285259994,3122.07666015625
3122.07666015625,3134.0267294637697,3059.1455105674945,3086.8043094933746,2228342,0.9913447560935262,35.2723506628754,74.88121889627519,0.14941612123344172,3134.5662475585937,3061.3098095703126,38.21529044742083,3210.9968284534352,3058.135666663752,39.91015076954979,12.471592507769401,21.624456329761877,3149.446044921875
3149.446044921875,3161.0107182814413,3094.0319850739534,3127.2804209827063,5645341,0.8766403821825142,22.165623939168654,66.97873320748795,1.5334266463585933,3136.3876831054686,3065.3574462890624,38.00170370138472,3212.391090508238,3060.384275702699,45.18570314328509,13.73773417567918,20.04711189894534,3076.68505859375
3076.68505859375,3141.7363480080267,3067.529691935444,3141.7363480080267,3539511,-2.3102788646099826,-65.05128941427665,74.20665607258252,-0.3730208680042534,3135.7805297851564,3068.7439697265627,38.88821990706273,3213.5569695992817,3058.004089971031,37.4179522597428,8.768874930052334,17.791464505166736,3076.68505859375
3076.68505859375,3076.68505859375,3076.68505859375,3076.68505859375,0,0.0,0.0,0.0,-1.0,3134.561413574219,3072.6431884765625,40.38702668141086,3215.3354669370406,3053.7873602113973,40.56500848168312,4.775963840971144,15.188364372327618,3146.54931640625
3146.54931640625,3161.464149941515,3111.519017760894,3159.0110444402844,4293470,2.2707640360314585,-12.461728034034422,49.945132180621385,inf,3133.7997802734376,3077.540712890625,39.988337312506914,3213.7764548984514,3053.8231056484237,51.32899151529184,7.166404906181469,13.583972479098389,3104.258056640625
3104.258056640625,3159.600023336744,3092.973770842994,3128.2002715520307,3387562,-1.3440520237555598,-23.9422149114057,66.62625249375014,-0.21099669963921952,3130.865771484375,3081.9605517578125,39.89048903228509,3210.646749548945,3051.0847934198046,47.651301749300174,5.583927412935282,11.983963465865768,3044.10791015625
3044.10791015625,3100.7255406282875,3033.118044759914,3092.4832014713097,4499273,-1.9376657928196983,-48.37529131505971,67.60749586837346,0.3281743625651723,3122.857067871094,3084.5336279296876,40.450080340798785,3203.7572285526917,3041.956907189496,45.823457063450306,-0.5178421650048222,9.48360233969165,3064.027099609375
3064.027099609375,3079.6287553253787,3024.188569033875,3041.8509292683366,2015150,0.6543522779421718,22.176170341038414,55.44018629150378,-0.5521165308262024,3116.5623046875,3087.08490234375,39.24196293070155,3195.0462305489027,3038.078378826097,45.77282575109363,-3.703534360406593,6.846174999672002,3091.305419921875
3091.305419921875,3100.7254411371077,3063.7326570458863,3090.9130188550284,2269827,0.8902767314289628,0.39240106684655984,36.99278409122144,0.12638116269260347,3111.1977783203124,3088.5472705078123,34.48228400129961,3180.1623463229116,3042.233210317713,46.24635362339339,-3.9811931853178066,4.68070136267404,3103.178466796875
3103.178466796875,3134.578217290946,3092.875423666008,3130.457047950816,2068857,0.38407873898465006,-27.278581153941104,41.702793624938295,-0.08853978739348856,3108.30615234375,3090.7501611328125,32.45016741380278,3173.2064871713555,3043.4058175161445,50.353126960155834,-3.2062247853446024,3.1033161330703116,3098.762939453125
3098.762939453125,3115.4440572399217,3071.2881572160486,3115.4440572399217,4279874,-0.14229047381563165,-16.681117786796676,44.15590002387307,1.0687142707301667,3106.5670776367188,3092.8589599609377,31.954629343872675,3170.4763363244642,3042.6578189489733,46.084375518800606,-2.914753436316005,1.8997022191930486,3140.073486328125
3140.073486328125,3145.0776781720924,3111.1268393421374,3116.425451779539,2751234,1.333130274311678,23.64803454858611,33.950838829955046,-0.3571693933045692,3107.1199951171875,3095.8672119140624,32.455247005540755,3172.030489128269,3042.209501106106,46.40293899505236,0.642252111342259,1.6482121976228907,3085.41796875
3085.41796875,3140.07335254898,3066.9708064954257,3140.07335254898,2457641,-1.7405808436043002,-54.65538379897998,73.1025460535543,-0.1067132057832958,3106.8964965820314,3098.0733935546873,32.59524769990974,3172.086991981851,3041.706001182212,49.758369119835294,-0.9382236009846565,1.1309250379013813,3065.302490234375
3065.302490234375,3082.081828102924,3034.000959087629,3082.081828102924,3022068,-0.6519531136254586,-16.77933786854919,48.08086901529532,0.22966210280508825,3104.6456787109373,3098.70923828125,33.87560722714456,3172.3968931652266,3036.894464256648,47.29333675951067,-3.770449597917377,0.15065011073762957,3110.1455078125
3110.1455078125,3138.0126916764966,3075.2131881532646,3138.0126916764966,2636272,1.4629230792389425,-27.867183863996615,62.79950352323203,-0.12765960262972242,3103.514270019531,3100.29783203125,33.2589840604575,3170.032238140446,3036.996301898616,48.79931246081243,-2.369241217795661,-0.3533281549690286,3164.800537109375
3164.800537109375,3287.1613923698505,3126.53209104895,3287.1613923698505,4366060,1.7573142208165082,-122.36085526047555,160.6293013209006,0.6561492896028938,3106.782849121094,3102.867744140625,35.94051001506424,3178.6638691512226,3034.9018290909653,51.46475341035175,3.1155168725667863,0.3404408505381344,2942.84375
2942.84375,3061.475843095512,2929.9893806035893,3061.475843095512,10852595,-7.013294661283864,-118.63209309551212,131.4864624919228,1.4856724369339864,3097.0406005859377,3101.179697265625,50.557581624525305,3198.155763834988,2995.925437336887,40.06121208781009,-10.328766978439944,-1.7934007152574813,2935.38623046875
2935.38623046875,2972.869637012123,2916.5464269268496,2933.9143670738968,3521545,-0.25341201112869527,1.4718633948532442,56.32321008527333,-0.6755112486921331,3085.007666015625,3099.7665380859376,58.74115137970713,3202.4899687750394,2967.5253632562108,39.62237017921476,-21.33923289863378,-5.702567151932742,2886.422119140625
2886.422119140625,2929.0079343210614,2861.302223276454,2920.765595757455,4687389,-1.6680636714816899,-34.343476616829776,67.7057110446076,0.33106037264893673,3074.945202636719,3096.531806640625,73.61492807615093,3222.175058789021,2927.715346484417,30.289974697462824,-33.62845316543235,-11.287744354632665,2892.8984375
2892.8984375,2921.15826303242,2882.3991930324937,2903.5941220720847,2380318,0.22437183793835302,-10.695684572084701,38.759069999926396,-0.49218680165012973,3065.0186279296877,3093.933515625,83.93686091204933,3232.892349753786,2897.144906105589,33.06604782972178,-42.356900021971796,-17.501575488100492,2928.61572265625
2928.61572265625,2955.109263473934,2888.2865702537815,2894.468444356794,3547763,1.2346539613439234,34.14727829945605,66.82269322015236,0.4904575775169535,3055.3455810546875,3092.0322265625,88.0613759004577,3231.468332855603,2879.222829253772,40.369835952373585,-45.863484925348985,-23.17395737555019,2855.21875
2855.21875,2941.76426862986,2849.723697569715,2924.1019081110685,3363513,-2.506200184900975,-68.8831581110685,92.04057106014488,-0.051934134269961074,3040.6342163085938,3088.7420263671875,95.75425749453659,3232.142731297667,2849.1257013195204,34.014438757143964,-53.94317764074049,-29.327801428588252,2698.51416015625
2698.51416015625,2825.977420921291,2688.603518515395,2815.9687988010764,10612156,-5.488356709752972,-117.45463864482645,137.37390240589593,2.155081012025225,3021.7256713867187,3082.2733984375,122.00183063968011,3265.729332666079,2777.7220101073585,24.902855934141385,-72.15933519571126,-37.89410818201286,2641.7001953125
2641.7001953125,2662.110080925881,2536.5110796879476,2536.5110796879476,11168735,-2.105379533767593,105.18911562455241,125.59900123793341,0.05244730665474573,2999.976428222656,3073.8146337890626,147.74493019502117,3295.4662886126985,2704.4865678326137,22.115532419161212,-90.141093037475,-48.34350515310529,2655.830322265625
2655.830322265625,2668.7826718221954,2620.898002964758,2649.3540277067937,2918730,0.5348876067843733,6.476294558831341,47.884668857437646,-0.7386695986609048,2975.440478515625,3064.6901708984374,162.16550962108983,3299.7714977578044,2651.1094592734453,23.546699483255367,-102.07492631282457,-59.089789385049144,2666.427490234375
2666.427490234375,2708.228504276998,2644.6439610469733,2665.0538469624375,4209118,0.39901524882470785,1.3736432719374534,63.58454323002479,0.4421059844521418,2953.5489501953125,3055.6041796875,173.04786012016896,3299.6446704356504,2607.4532299549746,20.63512341078382,-109.41619053602926,-69.15506961524517,2644.349609375
2644.349609375,2678.7913077273606,2607.4550449905755,2678.7913077273606,2950820,-0.827994796042042,-34.44169835236062,71.3362627367851,-0.2989457648847098,2933.56103515625,3046.10939453125,184.7300517160895,3303.021138588429,2564.100931724071,21.50376034726429,-115.68218359386265,-78.46049241096867,2627.66845703125
2627.66845703125,2697.140454434555,2616.5806115438327,2657.2039438116426,3238849,-0.6308225011023683,-29.535486780392603,80.5598428907224,0.09760981693224258,2911.7431030273438,3036.8245263671874,194.04382037163828,3299.8307437706203,2523.655462284067,21.59961189573785,-120.60381214700783,-86.8891563581765,2635.812744140625
2635.812744140625,2651.905259923164,2597.838718993336,2616.972941852777,2293482,0.309943481932895,18.839802287848215,54.06654092982808,-0.29188362902994247,2888.968469238281,3028.07068359375,198.53785780925782,3286.0441848567966,2491.8927536197657,17.67851647044536,-122.43569979505446,-93.9984650455521,2626.0986328125
2626.0986328125,2653.2789947204583,2610.3005370564806,2635.616634548502,4699596,-0.3685433022402429,-9.518001736002134,42.97845766397768,1.0491096071388397,2865.1144775390626,3019.0705224609374,200.10033116769804,3265.3151398744585,2464.9138152036667,10.897454754759679,-123.25057563898645,-99.84888716423897,2525.423095703125
2525.423095703125,2597.8388206557183,2513.255787797201,2591.460746119642,7798833,-3.8336540696323196,-66.03765041651695,84.58303285851753,0.6594688139150684,2836.4474853515626,3007.5056005859374,205.8519409739694,3248.1513672995015,2424.7436034036236,13.22615627294661,-130.5155431420858,-105.98221835980834,2579.980224609375
2579.980224609375,2604.4130601353972,2546.3235684513456,2547.3048106742554,3621285,2.1603163841764195,32.67541393511965,58.08949168405161,-0.5356632203818187,2808.442822265625,2996.8448583984373,200.39787985073232,3209.23858196709,2407.6470625641605,21.08877907570239,-130.36797699225372,-110.85937008629743,2598.034912109375
2598.034912109375,2620.897903167908,2585.5731841435563,2600.2918170703697,3464267,0.6997994530261842,-2.2569049609946887,35.32471902435191,-0.04335974660928377,2784.0736694335938,2987.028994140625,194.49070325717796,3173.0550759479497,2395.092262919238,25.298368384159957,-127.32642756441055,-114.15278158192007,2587.92822265625
2587.92822265625,2638.168017666852,2576.8403768444346,2631.299321894741,5083717,-0.3890128422069261,-43.37109923849084,61.32764082241738,0.46747262840883796,2760.2049560546875,2976.7662109375,187.3211591289925,3134.8472743126727,2385.5626377967023,24.039413535372177,-124.29866546119956,-116.18195835777598,2564.4765625
2564.4765625,2574.5834053591284,2531.8993684474203,2543.37985460111,3374385,-0.9061943817042617,21.096707898890145,42.68403691170806,-0.3362366551875331,2732.9215087890625,2964.8201025390626,172.8489758927334,3078.6194605745295,2387.2235570035955,18.341559002799258,-122.38076587187561,-117.42171986059591,2539.2587890625
2539.2587890625,2585.5733762002424,2531.997452542583,2575.7609535201655,3446434,-0.9833497332849994,-36.50216445766546,53.57592365765959,0.02135174261383921,2701.644421386719,2952.346513671875,144.92815477035862,2991.500730927436,2411.788111846002,20.018607306147643,-121.4951596203041,-118.23640781253755,2530.427490234375
2530.427490234375,2560.551578540278,2498.6350985020495,2551.229777430436,2960636,-0.34779042081746203,-20.802287196061116,61.916480038228656,-0.14095671061740922,2681.0236083984373,2938.869423828125,137.97654142365778,2956.976691245753,2405.0705255511216,27.82810544614432,-120.12123941951768,-118.61337413393359,2509.625244140625
2509.625244140625,2570.069622274581,2505.7002751879877,2523.7550365456814,3998643,-0.822084259439626,-14.129792405056378,64.36934708659328,0.3506027083369925,2659.735559082031,2925.2634814453127,129.2338615744147,2918.2032822308606,2401.2678359332017,30.749434737338802,-119.33534163527474,-118.75776763420183,2479.991455078125
2479.991455078125,2511.9800468111703,2458.0117254929614,2482.542780637602,3653428,-1.1808053466025537,-2.551325559476936,53.96832131820884,-0.08633303848330542,2639.414025878906,2910.8913916015626,123.54165731481164,2886.4973405085293,2392.330711249283,25.47885676309852,-119.72361182485338,-118.95093647233215,2465.9599609375
2465.9599609375,2497.45769299971,2443.39138949283,2493.3365235176843,4323710,-0.5657880034987017,-27.376562580184327,54.066303506880104,0.18346659630352646,2618.067102050781,2896.99037109375,113.94976347428037,2845.966628999342,2390.1675751022203,22.309564710667047,-119.78276194101363,-119.11730156606845,2418.663818359375
2418.663818359375,2473.711601954393,2413.9540474182472,2461.0536733182116,2720664,-1.9179606857908649,-42.38985495883662,59.75755453614556,-0.37075705817457694,2592.5695068359373,2882.6927587890623,96.52518075425684,2785.619868344451,2399.5191453274238,20.856539528349657,-122.23697056314313,-119.74123536548339,2396.5859375
2396.5859375,2426.513825649523,2390.3060830242093,2413.6596961153996,2752075,-0.9128131281324947,-17.073758615399584,36.207742625313585,0.011545343342654668,2569.6378662109373,2868.0441748046874,84.58344728980302,2738.8047607905432,2400.4709716313314,20.5698390864068,-124.52796814974045,-120.69858192233481,2365.284423828125
2365.284423828125,2400.0203033629555,2352.0376535639975,2391.287343235487,2466488,-1.306087680065715,-26.002919407361787,47.98264979895794,-0.10377151785470962,2552.9763793945312,2853.5521044921875,90.47592263809321,2733.9282246707176,2372.024534118345,17.46517745989243,-127.40077398030417,-122.03902033392869,2364.0087890625
2364.0087890625,2379.5124645789865,2321.7173916761253,2364.793830777467,3807907,-0.05393155904525049,-0.7850417149670648,57.79507290286119,0.5438579064645763,2539.0918090820314,2838.6259033203123,97.20113920619572,2733.4940874944227,2344.68953066964,17.827010542114508,-128.30144714532207,-123.29150569620738,2346.8369140625
2346.8369140625,2374.6061161428333,2315.731584337639,2374.6061161428333,2993367,-0.7263879508167981,-27.769202080333343,58.87453180519424,-0.21390753503171167,2523.642138671875,2822.90716796875,102.10247321084796,2727.847085093571,2319.4371922501787,22.42421729214182,-128.914814187483,-124.4161673944625,2395.01611328125
2395.01611328125,2436.326267951688,2364.793804301608,2364.793804301608,3082388,2.052941937722852,30.222308979642094,71.53246365007999,0.029739420525448423,2510.071569824219,2808.8189111328124,100.14389034354217,2710.359350511303,2309.7837891371346,20.865543096798106,-124.08290279637004,-124.34951447484403,2311.806640625
2311.806640625,2378.5311107279285,2306.115387909886,2371.6624152761565,2757060,-3.474276110078034,-59.85577465115648,72.41572281804247,-0.10554414304753323,2493.4444213867187,2792.30126953125,104.20029438062356,2701.8450101479657,2285.0438326254716,12.593015650176284,-125.5209597497419,-124.58380352982361,2345.7578125
2345.7578125,2362.6351312433567,2319.8528734315287,2341.2440023374425,4206320,1.4685991154442357,4.513810162557547,42.782257811828,0.5256541388290425,2479.3488891601564,2775.69552734375,104.15522013749606,2687.6593294351487,2271.038448885164,20.207695847164302,-122.50884866905335,-124.16881255766957,2339.085205078125
2339.085205078125,2361.6537756859007,2303.956686393805,2320.6378037995523,3860515,-0.284454234206033,18.44740127857267,57.697089292095825,-0.08221081610528913,2464.5125122070312,2760.7238037109373,101.80179123926212,2668.1160946855553,2260.9089297285072,21.077872075137137,-119.28510811619572,-123.19207166937481,2353.803955078125
2353.803955078125,2389.7172776589064,2334.47353068287,2359.0045869106293,3420182,0.6292524089351659,-5.200631832504314,55.243746976036164,-0.11406068879411169,2450.8977783203127,2745.9712841796877,97.15629837481845,2645.21037506995,2256.5851815706756,25.54354090215716,-114.22586571021111,-121.39883047754208,2332.80517578125
2332.80517578125,2376.1762738846405,2325.3478785890734,2355.864368126978,5843778,-0.8921209963800081,-23.059192345728206,50.828395295567134,0.7086160911904689,2441.266882324219,2730.1858544921874,98.91100110538655,2639.088884534992,2243.444880113446,24.749305767417894,-110.6354688322217,-119.24615814847802,2344.97265625
2344.97265625,2376.6668272056972,2340.262645780238,2358.8080275261386,4979411,0.521581510323732,-13.83537127613863,36.40418142545923,-0.14791236080494508,2429.51650390625,2714.09638671875,95.46399030158716,2620.444484509424,2238.588523303076,28.487235251974354,-105.59105153905693,-116.51513682659382,2314.652099609375
2314.652099609375,2353.0187649541185,2302.1903717438945,2330.5484146912077,6804756,-1.293002566994217,-15.896315081832654,50.82839321022402,0.3665784969346777,2415.34736328125,2698.8557275390626,90.00999417955524,2595.3673516403605,2235.32737492214,28.436203666319813,-102.85428978452956,-113.78296741818097,2363.027587890625
2363.027587890625,2425.630892660341,2352.9207445923203,2383.4374750291136,4132661,2.089968003805587,-20.409887138488557,72.71014806802077,-0.39268050169616664,2404.102331542969,2684.582578125,80.90227148274226,2565.9068745084533,2242.2977885774844,37.67916038123471,-95.67896125601646,-110.16216618574808,2404.730224609375
2404.730224609375,2423.570027038862,2331.1370592120925,2341.24390183887,5378361,1.7647968619772358,63.48632277050501,92.43296782676953,0.3014280629357211,2396.1150146484374,2669.7461962890625,71.58466785321555,2539.2843503548684,2252.9456789420065,48.309534754771164,-85.64020051957687,-105.25777305251384,2427.4951171875
2427.4951171875,2435.4432752720936,2402.2772391631793,2427.593337237373,2572417,0.9466713706658192,-0.09822004987290711,33.16603610891434,-0.5217098666303731,2390.5268310546876,2656.2109375,63.756503703649855,2518.0398384619875,2263.0138236473877,53.74375321580015,-74.98311505864649,-99.20284145374038,2492.1591796875
2492.1591796875,2496.182129281132,2402.0810908677395,2414.837240451596,4516550,2.663818437456622,77.32193923590421,94.10103841339242,0.7557612160081355,2388.613415527344,2645.171962890625,59.78763302673953,2508.188681580823,2269.038149473865,64.21812475137112,-60.62065149172213,-91.48640346133674,2511.195068359375
2511.195068359375,2531.899375247164,2492.453485493659,2523.755016821873,4769337,0.76383117206269,-12.559948462498141,39.445889753504616,0.055969047170960184,2388.6919067382814,2634.115322265625,59.95565726573529,2508.603221269752,2268.780592206811,65.86288572828374,-47.15864303108492,-82.62085137528636,2540.43603515625
2540.43603515625,2556.135910228672,2483.6222080623565,2506.092558435327,5628261,1.1644243478057925,34.34347672092281,72.5137021663154,0.18009295631656985,2391.7141357421874,2623.0979345703126,66.01711562138894,2523.7483669849653,2259.6799044994095,70.33595868911384,-33.74145223589403,-72.8449715474079,2476.94970703125
2476.94970703125,2517.671257898199,2454.1849361455575,2517.671257898199,10480239,-2.4990327347917396,-40.7215508669492,63.48632175264174,0.8620740935788158,2392.263623046875,2610.573359375,66.70972187985666,2525.6830668065886,2258.8441792871618,58.33829423743368,-27.909326623013385,-63.857842562529,2426.2197265625
2426.2197265625,2457.9136601554055,2423.6684008424363,2443.195026142192,3739587,-2.04808278200983,-16.97529957969209,34.24525931296921,-0.6431773168531748,2392.6414184570312,2597.1224951171876,66.88825911389192,2526.4179366848152,2258.8649002292473,62.46792801402175,-27.068778483671394,-56.500029746757484,2506.9755859375
2506.9755859375,2510.9987747578325,2446.629190999006,2454.9697496490417,5261384,3.3284643798282776,52.00583628845834,64.3695837588266,0.4069425313543982,2398.1609008789064,2584.460537109375,71.6182106499532,2541.397322178813,2254.924479579,65.94213255126074,-19.659690407449034,-49.131961878895794,2528.56298828125
2528.56298828125,2545.3423261167095,2510.0176060935014,2523.754997213638,3905403,0.8610934412301985,4.807991067611965,35.3247200232081,-0.2577232530452064,2406.3248291015625,2573.3234375,76.79262608940829,2559.910081280379,2252.739576922746,68.19980029725599,-11.908735284327122,-41.68731655998206,2533.076904296875
2533.076904296875,2540.4362212762385,2507.957006516208,2521.792618261851,2718206,0.17851704847950955,11.284286035023797,32.47921476003057,-0.3039883464011268,2414.7782348632813,2562.67892578125,81.07542977627048,2576.9290944158224,2252.6273753107403,67.56392408999363,-5.340253095058415,-34.417903866997335,2531.212646484375
2531.212646484375,2545.3424392975157,2513.15764504414,2538.571963483115,2288558,-0.0735965737691413,-7.359316998739814,32.18479425337591,-0.1580630754254828,2423.997021484375,2551.1002685546873,83.39270116895065,2590.7824238222765,2257.211619146474,70.19580068538937,-0.281864503379893,-27.590695994273847,2561.532958984375
2561.532958984375,2564.9673069470045,2511.9802240950007,2511.9802240950007,2719959,1.1978571828847429,49.55273488937428,52.98708285200382,0.18850341568795725,2432.322863769531,2539.0349169921874,88.5028568154442,2609.3285774004194,2255.317150138643,71.25797265941604,6.103186980167266,-20.851919399385626,2490.88330078125
2490.88330078125,2531.6048516902206,2456.6380441545243,2531.6048516902206,5232045,-2.758100689484666,-40.721550908970585,74.96680753569626,0.9235749509459517,2441.2766967773437,2529.9957080078125,84.6429341897485,2610.5625651568407,2271.9908283978466,66.03000528083705,5.400298035344804,-15.60147591243954,2474.49658203125
2474.49658203125,2511.489364373728,2469.0997500312283,2481.5614778281533,2509050,-0.6578677830816226,-7.064895796903329,42.389614342499954,-0.520445638368936,2447.7136352539064,2520.7779150390625,81.84552839292535,2611.4046920397573,2284.0225784680556,60.76573052438776,3.4808570753230015,-11.78500931488703,2351.939453125
2351.939453125,2458.0118361710306,2343.991534636913,2441.3307179215667,5107719,-4.9528105957473585,-89.3912647965667,114.0203015341176,1.0357182997548873,2448.35634765625,2510.08826171875,80.9936372990885,2610.343622254427,2286.369073058073,45.59016613431301,-7.839283385309955,-10.995864128971617,2401.6884765625
2401.6884765625,2412.874541687738,2351.9393059532576,2351.9393059532576,5853425,2.115234019795831,49.749170609242356,60.93523573448056,0.1459958936660377,2450.7505737304687,2500.2640625,78.72754659218738,2608.2056669148433,2293.295480546094,47.937255924359285,-12.650419672725548,-11.326775237722403,2398.8427734375
2398.8427734375,2440.349366669426,2381.867235359066,2398.155951805419,4508363,-0.1184876037325644,0.6868216320808642,58.48213131036027,-0.22979059268718738,2454.052453613281,2489.668603515625,74.80773949360587,2603.667932600493,2304.4369746260695,41.72320604934582,-16.50267177485739,-12.361954545149402,2428.280029296875
2428.280029296875,2441.2323784506298,2401.688509360205,2405.024637022461,2835961,1.2271440290016145,23.255392274414135,39.54386909042478,-0.3709554887217378,2458.217822265625,2481.1298291015623,70.6162981101512,2599.450418485927,2316.9852260453226,42.77900199607589,-16.98448225042557,-13.286460086204636,2427.4951171875
2427.4951171875,2444.2744555611544,2392.26861608113,2432.4995485090735,3970446,-0.032323788850752155,-5.00443132157352,52.005839480024406,0.4000354729842899,2463.859973144531,2475.7094482421876,62.594206967348214,2589.0483870792277,2338.6715592098344,39.65114104421451,-17.231027808380077,-14.075373630639724,2427.4951171875
2427.4951171875,2427.4951171875,2427.4951171875,2427.4951171875,0,0.0,0.0,0.0,-1.0,2467.083349609375,2471.4253466796877,58.66501238640992,2584.413374382195,2349.7533248365553,44.87179357352692,-17.22782529329197,-14.705863963170174,2385.6943359375
2385.6943359375,2451.4375668418284,2379.512461835769,2447.2181772447047,2632358,-1.7219717952895564,-61.52384130720475,71.92510500605931,inf,2466.131555175781,2466.022626953125,59.8718943745699,2585.875343924921,2346.3877664266415,45.718421579369846,-20.363522963313244,-15.837395763198789,2381.769287109375
2381.769287109375,2414.24826083551,2366.952433771704,2384.4185931895904,3385720,-0.16452438055449825,-2.6493060802154105,47.29582706380597,0.2861928354729866,2463.845263671875,2460.329462890625,62.25072662440526,2588.346716920685,2339.3438104230645,34.20795753027723,-22.90131252054971,-17.250179114668974,2389.717041015625
2389.717041015625,2424.6493574491965,2361.359238648924,2396.0951150032492,3147628,0.3336911744250326,-6.378073987624248,63.29011880027247,-0.07032241295795283,2458.7231567382814,2455.2368115234376,63.98869238319535,2586.700541504672,2330.745771971891,31.863596442833213,-23.994616705117096,-18.5990666327586,2356.35498046875
2356.35498046875,2393.9366055534624,2353.018852732181,2392.4647422177254,5829594,-1.3960673993727801,-36.109761748975416,40.91775282128128,0.8520593920247246,2450.98115234375,2449.8105419921876,66.61897614438269,2584.2191046325156,2317.7432000549848,28.533918847666044,-27.23911208759,-20.32707572372488,2349.486328125
2349.486328125,2361.8500761970836,2330.548544505656,2353.0188960201936,3792199,-0.2914948045045218,-3.5325678951935515,31.3015316914275,-0.34949174848196973,2441.4336669921877,2444.084013671875,66.80671468829435,2575.0470963687762,2307.820237615599,28.191184838066803,-30.018605100281093,-22.265381599036125,2348.014404296875
2348.014404296875,2369.699953108347,2326.5252955775945,2326.5252955775945,1975188,-0.06264875051644747,21.489108719280466,43.174657530752484,-0.4791444225368975,2434.9869018554687,2438.5223291015627,69.37091736658071,2573.72873658863,2296.2450671223073,22.46958210094097,-31.9715966252852,-24.206624604285942,2257.151611328125
2257.151611328125,2330.450360002076,2240.176072372522,2330.450360002076,6347884,-3.8697715313190106,-73.2987486739512,90.27428762955424,2.2138125586020165,2426.53349609375,2433.1568994140625,79.98469760365649,2586.502891301063,2266.564100886437,21.35639346636212,-40.3856834799858,-27.442436379425914,2230.16748046875
2230.16748046875,2265.8846032931383,2226.4387119283556,2262.7446759395275,3171843,-1.1954948318025238,-32.5771954707775,39.44589136478271,-0.5003306613668429,2412.6930908203126,2426.16064453125,88.79634626064441,2590.2857833416015,2235.1003982990237,20.815724488998427,-48.670261301026585,-31.68800136374605,2203.8701171875
2203.8701171875,2222.513720137884,2165.012827845418,2222.513720137884,5633313,-1.1791653995296691,-18.643602950383865,57.50089229246578,0.7760377799279472,2396.458447265625,2418.2773486328124,95.89494230333791,2588.248331872301,2204.668562658949,27.031933796563507,-56.70417590916668,-36.691236272830174,2221.5322265625
2221.5322265625,2261.6649346543286,2209.7573207679993,2209.7573207679993,3410637,0.8014133517786348,11.774905794500683,51.90761388632927,-0.3945592939714161,2380.881213378906,2410.9494287109374,97.81898825583153,2576.519189890569,2185.243236867243,18.965383819538957,-60.943408818288844,-41.54167078192191,2240.3720703125
2240.3720703125,2249.8900714309348,2209.953563101145,2221.5322685970373,3773336,0.8480562885712306,18.839801715462727,39.93650832978983,0.10634347777262732,2366.3391845703127,2404.4673388671877,95.89369176135298,2558.1265680930187,2174.5518010476067,24.126778371431897,-62.06733984317589,-45.64680459417271,2283.448974609375
2283.448974609375,2333.0017090765828,2254.0117066090534,2256.857213357978,10394707,1.9227567093740072,26.5917612513972,78.9900024675294,1.7547790602268125,2352.4349853515623,2399.351142578125,85.72294555315402,2523.8808764578703,2180.9890942452544,27.361961036324473,-58.80425822539473,-48.278295320417115,2283.742919921875
2283.742919921875,2298.06915136111,2274.3231388707036,2280.3085723429836,2537422,0.012872865379010001,3.4343475788914475,23.74601249040643,-0.7558928789431005,2342.0779663085937,2394.417451171875,80.46749962772479,2503.012965564043,2181.1429670531443,27.496053843537283,-55.55413017257024,-49.73346229084774,2283.546875
2283.546875,2292.0836345084317,2270.594525446405,2287.275643394801,3299087,-0.008584369114617019,-3.7287683948011363,21.489109062026728,0.3001727737837854,2332.530480957031,2389.8958837890623,75.07661376694976,2482.6837084909307,2182.3772534231316,27.479187006030386,-52.390276960591564,-50.26482522479651,2273.832763671875
2273.832763671875,2296.106915322829,2264.805382686245,2287.373954930871,2617262,-0.42539574880086084,-13.54119125899615,31.301532636583943,-0.20667081528919973,2328.625146484375,2385.7727099609374,76.03916644055968,2480.7034793654943,2176.5468136032555,30.545995239514568,-50.089349257033064,-50.229730031243825,2295.61328125
2295.61328125,2313.415817804508,2280.496215777924,2312.3217190072714,3298364,0.9578768467982224,-16.70843775727144,32.919602026584016,0.26023455045769195,2323.32138671875,2382.3657763671877,74.35550364284632,2472.0323940044427,2174.6103794330575,35.892630563974976,-45.97833214109551,-49.37945045321416,2263.78759765625
2263.78759765625,2315.205623652634,2260.008270887014,2295.613098349941,3587597,-1.3863695533430809,-31.825500693691083,55.19735276562005,0.0876898365371439,2316.5686279296874,2379.268251953125,73.26048503388247,2463.0895979974525,2170.0476578619223,30.87551008452776,-44.77228115869548,-48.45801659431043,2271.744140625
2271.744140625,2283.0821217701528,2248.571147658945,2262.5943570616037,2653950,0.35147038427931765,9.14978356339634,34.510974111207815,-0.26024299830778097,2308.741833496094,2376.771416015625,68.93150602139951,2446.6048455388927,2170.878821453295,36.07598293276764,-42.682434013625425,-47.30290007817343,2271.744140625
2271.744140625,2271.744140625,2271.744140625,2271.744140625,0,0.0,0.0,0.0,-1.0,2300.9542846679688,2374.9006103515626,63.38398705321043,2427.7222587743895,2174.186310561548,36.91041109675128,-40.55867987986812,-45.95405603851237,2246.58203125
2246.58203125,2321.2726050840133,2222.81245602518,2278.507085795833,16331582,-1.107611941196751,-31.925054545833063,98.4601490588334,inf,2291.9086303710938,2372.5520751953127,56.958132774645634,2405.824895920385,2177.9923648218023,34.18342291061839,-40.43979656419015,-44.85120414364793,2284.8720703125
2284.8720703125,2322.267132829976,2267.5670504720965,2271.5452382799426,7505095,1.7043686155183702,13.326832032557377,54.70008235787964,-0.5404551132890861,2286.8675170898437,2371.3127783203126,52.508569245956295,2391.8846555817563,2181.850378597931,55.17019670270925,-36.8313259322299,-43.24722850136432,2433.556884765625
2433.556884765625,2443.9996279549005,2303.569644295269,2307.34897134468,11306127,6.507358393714768,126.2079134209448,140.4299836596315,0.5064602113630807,2289.456896972656,2372.08359375,58.38311485966536,2406.2231266919866,2172.6906672533255,76.090280287547,-21.72354948719976,-38.94249269853141,2229.475830078125
2229.475830078125,2379.9508308808004,2212.6680838914085,2379.9508308808004,15660062,-8.386122221554515,-150.47500080267537,167.28274698939185,0.38509517892378176,2281.4448364257814,2370.4369775390624,54.78423876866218,2391.0133139631057,2171.876358888457,52.25575666278523,-25.919380857336364,-36.337870330292404,2228.77978515625
2228.77978515625,2240.8139007540485,2204.5129359355733,2229.4759194813155,4867263,-0.03122011517167067,-0.6961343250654863,36.30096481847522,-0.6891926098376877,2275.0660766601563,2368.0974169921874,53.00111714488303,2381.0683109499223,2169.0638423703904,50.65815378175704,-28.96686051879169,-34.86366836799226,2186.9091796875
2186.9091796875,2259.4117976453776,2180.0469028924485,2250.560184151513,5019717,-1.8786335800248022,-63.65100446401311,79.3648947529291,0.03132232632590437,2266.937219238281,2365.053896484375,53.451871194443335,2373.840961627168,2160.0334768493944,45.33993706114534,-34.364485641156534,-34.763831822625114,2139.668212890625
2139.668212890625,2165.128711955583,2131.6125282744956,2158.1668832997775,6536734,-2.160170492476765,-18.49867040915251,33.51618368108757,0.3022116585456909,2256.519909667969,2360.771181640625,57.00343083653604,2370.5267713410412,2142.5130479948966,37.557750699515516,-41.97028631465537,-36.20512272103117,2139.2705078125
2139.2705078125,2162.145087858845,2121.169801728995,2162.145087858845,4148655,-0.01858723122253325,-22.874580046344818,40.97528612984979,-0.36533213681327714,2250.6258544921875,2356.90048828125,62.74034078550874,2376.106536063205,2125.14517292117,37.50014258175637,-47.482678856367784,-38.46063394809849,2142.154541015625
2142.154541015625,2168.907999188303,2133.1043096144995,2139.568864676436,2848650,0.13481386260374428,2.5856763391889217,35.803689573803695,-0.31335577434132267,2246.225207519531,2352.8441259765623,67.18036358617485,2380.5859346918805,2111.8644803471816,37.8232711947867,-51.03032644570658,-40.97457244762011,2123.95458984375
2123.95458984375,2142.8509821277357,2098.494090484758,2115.4013888441136,3079815,-0.8496096254216212,8.553200999636374,44.356891642977644,0.08114896529935223,2242.2294311523438,2349.03017578125,72.0334898261303,2386.2964108046044,2098.162451500083,37.27840864113566,-54.68012819527303,-43.715683597150694,2149.61376953125
2149.61376953125,2156.177876796519,2126.3414670622496,2138.276030955957,2124656,1.2080851356331301,11.33773857529286,29.836409734269182,-0.3101351866914084,2238.633508300781,2344.7618994140626,74.86068561024547,2388.354879521272,2088.9121370802904,37.68869008258678,-54.86963798758006,-45.94647447523657,2150.21044921875
2150.21044921875,2180.046856932239,2147.525221086398,2180.046856932239,3337083,0.027757530025041,-29.836407713488825,32.52163584584105,0.5706462599121929,2234.1254272460938,2339.67150390625,77.42143101721938,2388.9682892805326,2079.282565211655,39.89022967623492,-54.34522092115276,-47.62622376441981,2187.0087890625
2187.0087890625,2196.954258771743,2148.818282502735,2155.183285992923,3079898,1.711383174475789,31.825503069576826,48.13597626900764,-0.07706880530091698,2229.30341796875,2334.86177734375,77.19067690982294,2383.684771788396,2074.9220641491042,42.82586587513539,-50.37955399073371,-48.17688980968259,2210.8779296875
2210.8779296875,2218.8343055028395,2188.6994835403766,2196.9542720106556,2865010,1.091405793354494,13.923657676844414,30.134821962462865,-0.06977114177157817,2225.6601684570314,2329.23615234375,76.19917990287445,2378.0585282627803,2073.2618086512825,45.04694227538515,-44.79433302398729,-47.500378452543536,2191.285400390625
2191.285400390625,2201.927004470057,2170.101501243751,2196.9542695909468,3735188,-0.8861877462246093,-5.668869200321751,31.825503226305955,0.303725990485199,2221.0470947265626,2322.837958984375,75.29770047509808,2371.6424956767587,2070.4516937763665,45.4590109046291,-41.470907731568786,-46.294484308348586,2113.412353515625
2113.412353515625,2126.341464384191,2048.6672473500757,2093.521413717831,13286502,-3.553761041857817,19.89093979779409,77.67421703411537,2.557117339207558,2213.02607421875,2314.2974853515625,77.87888894056488,2368.78385209988,2057.2682963376205,36.77914418791677,-44.606576467063405,-45.95690274009155,2116.197021484375
2116.197021484375,2145.237743488044,2109.434053749718,2120.5729308842238,4566101,0.13176169639199653,-4.3759093998487515,35.803689738326284,-0.656335354482316,2204.0552612304687,2307.082431640625,78.19779727834538,2360.4508557871595,2047.6596666737778,18.42466552015624,-46.3328211772282,-46.032086427518884,2048.368896484375
2048.368896484375,2102.4721508294924,2043.7938836114508,2099.4885101234904,6392736,-3.205189512667539,-51.119613639115414,58.67826721804158,0.40004261841777033,2193.284326171875,2299.5254150390624,84.14681586894487,2361.577957909765,2024.9906944339853,25.278272484416746,-52.56807334414134,-47.339283810843376,2097.49951171875
2097.49951171875,2109.1356624395376,2049.7612582514666,2049.7612582514666,4747277,2.398523787326501,47.73825346728336,59.37440418807091,-0.2573951122023497,2184.5720947265627,2291.3358935546876,84.61484704154789,2353.8017888096583,2015.3424006434668,34.17263391879513,-52.93492470015826,-48.45841198870636,2083.27734375
2083.27734375,2136.78401555451,2076.61392807904,2121.965363861958,4738903,-0.6780534579050257,-38.68802011195794,60.170087475470154,-0.0017639585808875147,2175.1487548828127,2282.4301806640624,84.88985085034854,2344.9284565835096,2005.3690531821155,36.61354249975401,-53.7536287663379,-49.51745534423267,2083.27734375
2083.27734375,2083.27734375,2083.27734375,2083.27734375,0,0.0,0.0,0.0,-1.0,2166.9835205078125,2273.434189453125,85.50890102436641,2338.0013225565453,1995.9657184590797,41.70322758624653,-53.782486610024534,-50.37046159739104,2086.4599609375
2086.4599609375,2093.521341445675,2059.706744956766,2078.6031371123327,3412470,0.15276973068651944,7.856823825167339,33.81459648890859,inf,2157.0629150390623,2264.5391357421877,82.57106545177713,2322.2050459426164,1991.920784135508,42.293155932551215,-52.93830620923745,-50.88403051976033,2020.422119140625
2020.422119140625,2092.8251853118586,2007.791421498655,2078.60311543387,6848411,-3.165066334040867,-58.18099629324479,85.03376381320368,1.0068780091839633,2136.4061767578123,2253.7169189453125,57.68763948021867,2251.7814557182496,2021.030897797375,35.000006016651696,-56.941601751285816,-52.09554476606543,1971.788818359375
1971.788818359375,2040.8104030555382,1966.0205187179013,2028.776408877907,4658295,-2.407086139105219,-56.98759051853199,74.78988433763698,-0.3197991475686842,2123.521826171875,2243.335029296875,64.21435965973345,2251.950545491342,1995.0931068524083,32.55812782047887,-63.30875926961426,-54.3381876667752,2056.82275390625
2056.82275390625,2065.5745732846704,1991.580373389582,1997.0503819057583,6040621,4.312527526027221,59.772372000491714,73.99419989508829,0.29674505371600546,2114.923974609375,2234.981552734375,60.800477415631114,2236.524929440637,1993.3230197781127,40.638196410871814,-60.7924717629171,-55.62904448600358,2082.083984375
2082.083984375,2105.0581154318793,2073.6303355251375,2088.5485393778363,4028819,1.2281675910466694,-6.464555002836278,31.427779906741762,-0.33304555938867875,2109.68271484375,2229.584443359375,58.752129706188505,2227.186974256127,1992.178455431373,43.45249547850849,-56.11308884406162,-55.72585335761519,2046.3798828125
2046.3798828125,2081.5867473982344,2039.4180542258837,2078.6031065753987,2567386,-1.7148252342576664,-32.22322376289867,42.168693172350686,-0.3627447646568387,2105.0182983398436,2222.478271484375,59.93743447561841,2224.8931672910803,1985.1434293886068,36.45593693156488,-54.655630683629624,-55.51180882281808,2084.669921875
2084.669921875,2111.124724588052,2037.8266642409067,2038.8212111731864,4769048,1.8711109987005425,45.848710701813616,73.29806034714511,0.8575500528553166,2102.2882690429688,2216.194814453125,59.53734182078817,2221.3629526845452,1983.2135854013925,38.17334089827592,-49.83641526880547,-54.376730112015565,2046.2803955078125
2046.2803955078125,2098.1956989000228,2037.6278854106638,2082.5813599967723,3666985,-1.8415158181329327,-36.300964488959835,60.56781348935897,-0.23108658164061258,2097.494561767578,2208.554821777344,60.01630305645083,2217.5271678804797,1977.4619556546763,36.874315611515954,-48.55515269937314,-53.212414629487085,2038.323974609375
2038.323974609375,2053.7394523387943,2005.006651774823,2046.280350211656,3791498,-0.3888235901543191,-7.956375602281014,48.732800563971296,0.03395514298531355,2093.213031005859,2200.7713989257813,61.07440294397383,2215.361836893807,1971.0642251179115,42.218088449467494,-47.63267967306274,-52.09646763820222,2057.717529296875
2057.717529296875,2121.666943317309,2053.341620075063,2093.7200783959847,6714551,0.9514461356034731,-36.00254909910973,68.32532324224576,0.7709493714621503,2088.6182189941405,2193.375847167969,60.05620726549099,2208.7306335251224,1968.5058044631585,44.141076743353274,-44.820057644066765,-50.64118563937513,2169.604248046875
2169.604248046875,2192.8765503750355,2053.8390761022306,2063.684994131224,12382622,5.437418749512801,105.9192539156511,139.03747427280496,0.8441474344300908,2089.5879089355467,2189.054045410156,61.2477886592163,2212.083486253979,1967.092331617114,61.16096713697751,-33.180230255034985,-47.148994562507106,2188.60009765625
2188.60009765625,2215.850586742918,2167.1177865856457,2170.996422535663,9546290,0.8755444513198984,17.603675120587013,48.73280015727232,-0.2290574645660669,2089.6674743652343,2185.1906616210936,61.3818933162397,2212.4312609977137,1966.9036877327549,58.87941914985561,-22.1672466594041,-42.15264498188651,2189.199951171875
2189.199951171875,2202.89990234375,2145.39990234375,2174.10009765625,5426489,0.027408091421876613,15.099853515625,57.5,-0.43156042818728535,2088.583575439453,2181.1803198242187,59.28443588988048,2207.152447219214,1970.014703659692,60.6057302267186,-13.238370950362423,-36.3697901755817,2201.0
2201.0,2231.39990234375,2187.800048828125,2206.0,5197595,0.5390119263344761,-5.0,43.599853515625,-0.04218086501234963,2089.069305419922,2178.073220214844,60.20286381859393,2209.4750330571096,1968.663577782734,61.515131831581115,-5.150633996016495,-30.12595893966866,2269.0
2269.0,2275.0,2215.10009765625,2224.800048828125,5615138,3.0895047705588263,44.199951171875,59.89990234375,0.08033388519113172,2096.8486877441405,2176.463493652344,72.3425355338265,2241.5337588117936,1952.1636166764874,65.84597308267465,6.669110159052252,-22.76694511992448,2251.10009765625
2251.10009765625,2283.39990234375,2245.10009765625,2280.10009765625,2202693,-0.7888894818752767,-29.0,38.2998046875,-0.6077223747662124,2103.5938415527344,2174.5252075195312,80.11327636380184,2263.820394280338,1943.3672888251308,71.85094153653175,14.425679778376434,-15.328420140264297,2221.10009765625
2221.10009765625,2259.89990234375,2218.5,2245.10009765625,2382160,-1.3326817421950632,-24.0,41.39990234375,0.0814761748459727,2112.230401611328,2173.804177246094,83.10130983129578,2278.4330212739196,1946.0277819487364,74.4801457907523,17.945206633648922,-8.673694785481654,2208.300048828125
2208.300048828125,2226.800048828125,2201.0,2216.0,1599665,-0.5762932000062393,-7.699951171875,25.800048828125,-0.32848129428753736,2117.770428466797,2173.366828613281,85.71963671915371,2289.2097019051043,1946.3311550284895,67.3323988090682,19.477080398542967,-3.0435397486767304,2242.89990234375
2242.89990234375,2250.0,2193.60009765625,2204.0,2503539,1.5668094348857187,38.89990234375,56.39990234375,0.565039555156861,2125.7515563964844,2174.147424316406,89.67863987443775,2305.10883614536,1946.3942766476089,68.01592901958854,23.21540764124711,2.208249729308038,2254.300048828125
